
> backend@0.0.1 start:dev
> nest start --watch

[2J[3J[H[[90m9:37:11 PM[0m] Starting compilation in watch mode...

[[90m9:37:16 PM[0m] Found 0 errors. Watching for file changes.

[32m[Nest] 3836431  - [39m05/15/2026, 9:37:17 PM [32m    LOG[39m [38;5;3m[NestFactory] [39m[32mStarting Nest application...[39m
[32m[Nest] 3836431  - [39m05/15/2026, 9:37:17 PM [32m    LOG[39m [38;5;3m[InstanceLoader] [39m[32mAppModule dependencies initialized[39m[38;5;3m +41ms[39m
[32m[Nest] 3836431  - [39m05/15/2026, 9:37:17 PM [32m    LOG[39m [38;5;3m[InstanceLoader] [39m[32mTypeOrmModule dependencies initialized[39m[38;5;3m +0ms[39m
[32m[Nest] 3836431  - [39m05/15/2026, 9:37:17 PM [32m    LOG[39m [38;5;3m[InstanceLoader] [39m[32mPassportModule dependencies initialized[39m[38;5;3m +0ms[39m
[32m[Nest] 3836431  - [39m05/15/2026, 9:37:17 PM [32m    LOG[39m [38;5;3m[InstanceLoader] [39m[32mConfigHostModule dependencies initialized[39m[38;5;3m +1ms[39m
[32m[Nest] 3836431  - [39m05/15/2026, 9:37:17 PM [32m    LOG[39m [38;5;3m[InstanceLoader] [39m[32mJwtModule dependencies initialized[39m[38;5;3m +0ms[39m
[32m[Nest] 3836431  - [39m05/15/2026, 9:37:17 PM [32m    LOG[39m [38;5;3m[InstanceLoader] [39m[32mDiscoveryModule dependencies initialized[39m[38;5;3m +0ms[39m
[32m[Nest] 3836431  - [39m05/15/2026, 9:37:17 PM [32m    LOG[39m [38;5;3m[InstanceLoader] [39m[32mConfigModule dependencies initialized[39m[38;5;3m +65ms[39m
[32m[Nest] 3836431  - [39m05/15/2026, 9:37:17 PM [32m    LOG[39m [38;5;3m[InstanceLoader] [39m[32mConfigModule dependencies initialized[39m[38;5;3m +0ms[39m
[32m[Nest] 3836431  - [39m05/15/2026, 9:37:17 PM [32m    LOG[39m [38;5;3m[InstanceLoader] [39m[32mScheduleModule dependencies initialized[39m[38;5;3m +0ms[39m
[32m[Nest] 3836431  - [39m05/15/2026, 9:37:17 PM [32m    LOG[39m [38;5;3m[InstanceLoader] [39m[32mEncryptionModule dependencies initialized[39m[38;5;3m +12ms[39m
[32m[Nest] 3836431  - [39m05/15/2026, 9:37:17 PM [32m    LOG[39m [38;5;3m[InstanceLoader] [39m[32mStockModule dependencies initialized[39m[38;5;3m +0ms[39m
[32m[Nest] 3836431  - [39m05/15/2026, 9:37:17 PM [32m    LOG[39m [38;5;3m[InstanceLoader] [39m[32mThrottlerModule dependencies initialized[39m[38;5;3m +1ms[39m
[31m[Nest] 3836431  - [39m05/15/2026, 9:37:17 PM [31m  ERROR[39m [38;5;3m[TypeOrmModule] [39m[31mUnable to connect to the database. Retrying (1)...[39m
DataTypeNotSupportedError: Data type "timestamptz" in "User.createdAt" is not supported by "sqlite" database.
    at <anonymous> (/home/kyrie/workspace/elevate-life/backend/node_modules/typeorm/metadata-builder/src/metadata-builder/EntityMetadataValidator.ts:133:31)
    at Array.forEach (<anonymous>)
    at EntityMetadataValidator.validate (/home/kyrie/workspace/elevate-life/backend/node_modules/typeorm/metadata-builder/src/metadata-builder/EntityMetadataValidator.ts:128:18)
    at <anonymous> (/home/kyrie/workspace/elevate-life/backend/node_modules/typeorm/metadata-builder/src/metadata-builder/EntityMetadataValidator.ts:43:18)
    at Array.forEach (<anonymous>)
    at EntityMetadataValidator.validateMany (/home/kyrie/workspace/elevate-life/backend/node_modules/typeorm/metadata-builder/src/metadata-builder/EntityMetadataValidator.ts:42:25)
    at DataSource.buildMetadatas (/home/kyrie/workspace/elevate-life/backend/node_modules/typeorm/data-source/src/data-source/DataSource.ts:753:33)
    at async DataSource.initialize (/home/kyrie/workspace/elevate-life/backend/node_modules/typeorm/data-source/src/data-source/DataSource.ts:264:13)
[31m[Nest] 3836431  - [39m05/15/2026, 9:37:20 PM [31m  ERROR[39m [38;5;3m[TypeOrmModule] [39m[31mUnable to connect to the database. Retrying (2)...[39m
DataTypeNotSupportedError: Data type "timestamptz" in "User.createdAt" is not supported by "sqlite" database.
    at <anonymous> (/home/kyrie/workspace/elevate-life/backend/node_modules/typeorm/metadata-builder/src/metadata-builder/EntityMetadataValidator.ts:133:31)
    at Array.forEach (<anonymous>)
    at EntityMetadataValidator.validate (/home/kyrie/workspace/elevate-life/backend/node_modules/typeorm/metadata-builder/src/metadata-builder/EntityMetadataValidator.ts:128:18)
    at <anonymous> (/home/kyrie/workspace/elevate-life/backend/node_modules/typeorm/metadata-builder/src/metadata-builder/EntityMetadataValidator.ts:43:18)
    at Array.forEach (<anonymous>)
    at EntityMetadataValidator.validateMany (/home/kyrie/workspace/elevate-life/backend/node_modules/typeorm/metadata-builder/src/metadata-builder/EntityMetadataValidator.ts:42:25)
    at DataSource.buildMetadatas (/home/kyrie/workspace/elevate-life/backend/node_modules/typeorm/data-source/src/data-source/DataSource.ts:753:33)
    at async DataSource.initialize (/home/kyrie/workspace/elevate-life/backend/node_modules/typeorm/data-source/src/data-source/DataSource.ts:264:13)
[31m[Nest] 3836431  - [39m05/15/2026, 9:37:23 PM [31m  ERROR[39m [38;5;3m[TypeOrmModule] [39m[31mUnable to connect to the database. Retrying (3)...[39m
DataTypeNotSupportedError: Data type "timestamptz" in "User.createdAt" is not supported by "sqlite" database.
    at <anonymous> (/home/kyrie/workspace/elevate-life/backend/node_modules/typeorm/metadata-builder/src/metadata-builder/EntityMetadataValidator.ts:133:31)
    at Array.forEach (<anonymous>)
    at EntityMetadataValidator.validate (/home/kyrie/workspace/elevate-life/backend/node_modules/typeorm/metadata-builder/src/metadata-builder/EntityMetadataValidator.ts:128:18)
    at <anonymous> (/home/kyrie/workspace/elevate-life/backend/node_modules/typeorm/metadata-builder/src/metadata-builder/EntityMetadataValidator.ts:43:18)
    at Array.forEach (<anonymous>)
    at EntityMetadataValidator.validateMany (/home/kyrie/workspace/elevate-life/backend/node_modules/typeorm/metadata-builder/src/metadata-builder/EntityMetadataValidator.ts:42:25)
    at DataSource.buildMetadatas (/home/kyrie/workspace/elevate-life/backend/node_modules/typeorm/data-source/src/data-source/DataSource.ts:753:33)
    at async DataSource.initialize (/home/kyrie/workspace/elevate-life/backend/node_modules/typeorm/data-source/src/data-source/DataSource.ts:264:13)
[31m[Nest] 3836431  - [39m05/15/2026, 9:37:26 PM [31m  ERROR[39m [38;5;3m[TypeOrmModule] [39m[31mUnable to connect to the database. Retrying (4)...[39m
DataTypeNotSupportedError: Data type "timestamptz" in "User.createdAt" is not supported by "sqlite" database.
    at <anonymous> (/home/kyrie/workspace/elevate-life/backend/node_modules/typeorm/metadata-builder/src/metadata-builder/EntityMetadataValidator.ts:133:31)
    at Array.forEach (<anonymous>)
    at EntityMetadataValidator.validate (/home/kyrie/workspace/elevate-life/backend/node_modules/typeorm/metadata-builder/src/metadata-builder/EntityMetadataValidator.ts:128:18)
    at <anonymous> (/home/kyrie/workspace/elevate-life/backend/node_modules/typeorm/metadata-builder/src/metadata-builder/EntityMetadataValidator.ts:43:18)
    at Array.forEach (<anonymous>)
    at EntityMetadataValidator.validateMany (/home/kyrie/workspace/elevate-life/backend/node_modules/typeorm/metadata-builder/src/metadata-builder/EntityMetadataValidator.ts:42:25)
    at DataSource.buildMetadatas (/home/kyrie/workspace/elevate-life/backend/node_modules/typeorm/data-source/src/data-source/DataSource.ts:753:33)
    at async DataSource.initialize (/home/kyrie/workspace/elevate-life/backend/node_modules/typeorm/data-source/src/data-source/DataSource.ts:264:13)
[31m[Nest] 3836431  - [39m05/15/2026, 9:37:29 PM [31m  ERROR[39m [38;5;3m[TypeOrmModule] [39m[31mUnable to connect to the database. Retrying (5)...[39m
DataTypeNotSupportedError: Data type "timestamptz" in "User.createdAt" is not supported by "sqlite" database.
    at <anonymous> (/home/kyrie/workspace/elevate-life/backend/node_modules/typeorm/metadata-builder/src/metadata-builder/EntityMetadataValidator.ts:133:31)
    at Array.forEach (<anonymous>)
    at EntityMetadataValidator.validate (/home/kyrie/workspace/elevate-life/backend/node_modules/typeorm/metadata-builder/src/metadata-builder/EntityMetadataValidator.ts:128:18)
    at <anonymous> (/home/kyrie/workspace/elevate-life/backend/node_modules/typeorm/metadata-builder/src/metadata-builder/EntityMetadataValidator.ts:43:18)
    at Array.forEach (<anonymous>)
    at EntityMetadataValidator.validateMany (/home/kyrie/workspace/elevate-life/backend/node_modules/typeorm/metadata-builder/src/metadata-builder/EntityMetadataValidator.ts:42:25)
    at DataSource.buildMetadatas (/home/kyrie/workspace/elevate-life/backend/node_modules/typeorm/data-source/src/data-source/DataSource.ts:753:33)
    at async DataSource.initialize (/home/kyrie/workspace/elevate-life/backend/node_modules/typeorm/data-source/src/data-source/DataSource.ts:264:13)
[31m[Nest] 3836431  - [39m05/15/2026, 9:37:33 PM [31m  ERROR[39m [38;5;3m[TypeOrmModule] [39m[31mUnable to connect to the database. Retrying (6)...[39m
DataTypeNotSupportedError: Data type "timestamptz" in "User.createdAt" is not supported by "sqlite" database.
    at <anonymous> (/home/kyrie/workspace/elevate-life/backend/node_modules/typeorm/metadata-builder/src/metadata-builder/EntityMetadataValidator.ts:133:31)
    at Array.forEach (<anonymous>)
    at EntityMetadataValidator.validate (/home/kyrie/workspace/elevate-life/backend/node_modules/typeorm/metadata-builder/src/metadata-builder/EntityMetadataValidator.ts:128:18)
    at <anonymous> (/home/kyrie/workspace/elevate-life/backend/node_modules/typeorm/metadata-builder/src/metadata-builder/EntityMetadataValidator.ts:43:18)
    at Array.forEach (<anonymous>)
    at EntityMetadataValidator.validateMany (/home/kyrie/workspace/elevate-life/backend/node_modules/typeorm/metadata-builder/src/metadata-builder/EntityMetadataValidator.ts:42:25)
    at DataSource.buildMetadatas (/home/kyrie/workspace/elevate-life/backend/node_modules/typeorm/data-source/src/data-source/DataSource.ts:753:33)
    at async DataSource.initialize (/home/kyrie/workspace/elevate-life/backend/node_modules/typeorm/data-source/src/data-source/DataSource.ts:264:13)
[31m[Nest] 3836431  - [39m05/15/2026, 9:37:36 PM [31m  ERROR[39m [38;5;3m[TypeOrmModule] [39m[31mUnable to connect to the database. Retrying (7)...[39m
DataTypeNotSupportedError: Data type "timestamptz" in "User.createdAt" is not supported by "sqlite" database.
    at <anonymous> (/home/kyrie/workspace/elevate-life/backend/node_modules/typeorm/metadata-builder/src/metadata-builder/EntityMetadataValidator.ts:133:31)
    at Array.forEach (<anonymous>)
    at EntityMetadataValidator.validate (/home/kyrie/workspace/elevate-life/backend/node_modules/typeorm/metadata-builder/src/metadata-builder/EntityMetadataValidator.ts:128:18)
    at <anonymous> (/home/kyrie/workspace/elevate-life/backend/node_modules/typeorm/metadata-builder/src/metadata-builder/EntityMetadataValidator.ts:43:18)
    at Array.forEach (<anonymous>)
    at EntityMetadataValidator.validateMany (/home/kyrie/workspace/elevate-life/backend/node_modules/typeorm/metadata-builder/src/metadata-builder/EntityMetadataValidator.ts:42:25)
    at DataSource.buildMetadatas (/home/kyrie/workspace/elevate-life/backend/node_modules/typeorm/data-source/src/data-source/DataSource.ts:753:33)
    at async DataSource.initialize (/home/kyrie/workspace/elevate-life/backend/node_modules/typeorm/data-source/src/data-source/DataSource.ts:264:13)
[31m[Nest] 3836431  - [39m05/15/2026, 9:37:39 PM [31m  ERROR[39m [38;5;3m[TypeOrmModule] [39m[31mUnable to connect to the database. Retrying (8)...[39m
DataTypeNotSupportedError: Data type "timestamptz" in "User.createdAt" is not supported by "sqlite" database.
    at <anonymous> (/home/kyrie/workspace/elevate-life/backend/node_modules/typeorm/metadata-builder/src/metadata-builder/EntityMetadataValidator.ts:133:31)
    at Array.forEach (<anonymous>)
    at EntityMetadataValidator.validate (/home/kyrie/workspace/elevate-life/backend/node_modules/typeorm/metadata-builder/src/metadata-builder/EntityMetadataValidator.ts:128:18)
    at <anonymous> (/home/kyrie/workspace/elevate-life/backend/node_modules/typeorm/metadata-builder/src/metadata-builder/EntityMetadataValidator.ts:43:18)
    at Array.forEach (<anonymous>)
    at EntityMetadataValidator.validateMany (/home/kyrie/workspace/elevate-life/backend/node_modules/typeorm/metadata-builder/src/metadata-builder/EntityMetadataValidator.ts:42:25)
    at DataSource.buildMetadatas (/home/kyrie/workspace/elevate-life/backend/node_modules/typeorm/data-source/src/data-source/DataSource.ts:753:33)
    at async DataSource.initialize (/home/kyrie/workspace/elevate-life/backend/node_modules/typeorm/data-source/src/data-source/DataSource.ts:264:13)
[31m[Nest] 3836431  - [39m05/15/2026, 9:37:42 PM [31m  ERROR[39m [38;5;3m[TypeOrmModule] [39m[31mUnable to connect to the database. Retrying (9)...[39m
DataTypeNotSupportedError: Data type "timestamptz" in "User.createdAt" is not supported by "sqlite" database.
    at <anonymous> (/home/kyrie/workspace/elevate-life/backend/node_modules/typeorm/metadata-builder/src/metadata-builder/EntityMetadataValidator.ts:133:31)
    at Array.forEach (<anonymous>)
    at EntityMetadataValidator.validate (/home/kyrie/workspace/elevate-life/backend/node_modules/typeorm/metadata-builder/src/metadata-builder/EntityMetadataValidator.ts:128:18)
    at <anonymous> (/home/kyrie/workspace/elevate-life/backend/node_modules/typeorm/metadata-builder/src/metadata-builder/EntityMetadataValidator.ts:43:18)
    at Array.forEach (<anonymous>)
    at EntityMetadataValidator.validateMany (/home/kyrie/workspace/elevate-life/backend/node_modules/typeorm/metadata-builder/src/metadata-builder/EntityMetadataValidator.ts:42:25)
    at DataSource.buildMetadatas (/home/kyrie/workspace/elevate-life/backend/node_modules/typeorm/data-source/src/data-source/DataSource.ts:753:33)
    at async DataSource.initialize (/home/kyrie/workspace/elevate-life/backend/node_modules/typeorm/data-source/src/data-source/DataSource.ts:264:13)
[31m[Nest] 3836431  - [39m05/15/2026, 9:37:42 PM [31m  ERROR[39m [38;5;3m[ExceptionHandler] [39mDataTypeNotSupportedError: Data type "timestamptz" in "User.createdAt" is not supported by "sqlite" database.
    at <anonymous> [90m(/home/kyrie/workspace/elevate-life/backend/[39mnode_modules/[4mtypeorm[24m/metadata-builder/src/metadata-builder/EntityMetadataValidator.ts:133:31[90m)[39m
    at Array.forEach (<anonymous>)
    at EntityMetadataValidator.validate [90m(/home/kyrie/workspace/elevate-life/backend/[39mnode_modules/[4mtypeorm[24m/metadata-builder/src/metadata-builder/EntityMetadataValidator.ts:128:18[90m)[39m
    at <anonymous> [90m(/home/kyrie/workspace/elevate-life/backend/[39mnode_modules/[4mtypeorm[24m/metadata-builder/src/metadata-builder/EntityMetadataValidator.ts:43:18[90m)[39m
    at Array.forEach (<anonymous>)
    at EntityMetadataValidator.validateMany [90m(/home/kyrie/workspace/elevate-life/backend/[39mnode_modules/[4mtypeorm[24m/metadata-builder/src/metadata-builder/EntityMetadataValidator.ts:42:25[90m)[39m
    at DataSource.buildMetadatas [90m(/home/kyrie/workspace/elevate-life/backend/[39mnode_modules/[4mtypeorm[24m/data-source/src/data-source/DataSource.ts:753:33[90m)[39m
    at async DataSource.initialize [90m(/home/kyrie/workspace/elevate-life/backend/[39mnode_modules/[4mtypeorm[24m/data-source/src/data-source/DataSource.ts:264:13[90m)[39m

> backend@0.0.1 start:dev
> nest start --watch

[2J[3J[H[[90m12:52:19 PM[0m] Starting compilation in watch mode...

[[90m12:52:24 PM[0m] Found 0 errors. Watching for file changes.

[32m[Nest] 4027453  - [39m05/17/2026, 12:52:25 PM [32m    LOG[39m [38;5;3m[NestFactory] [39m[32mStarting Nest application...[39m
[32m[Nest] 4027453  - [39m05/17/2026, 12:52:25 PM [32m    LOG[39m [38;5;3m[InstanceLoader] [39m[32mAppModule dependencies initialized[39m[38;5;3m +38ms[39m
[32m[Nest] 4027453  - [39m05/17/2026, 12:52:25 PM [32m    LOG[39m [38;5;3m[InstanceLoader] [39m[32mTypeOrmModule dependencies initialized[39m[38;5;3m +0ms[39m
[32m[Nest] 4027453  - [39m05/17/2026, 12:52:25 PM [32m    LOG[39m [38;5;3m[InstanceLoader] [39m[32mPassportModule dependencies initialized[39m[38;5;3m +1ms[39m
[32m[Nest] 4027453  - [39m05/17/2026, 12:52:25 PM [32m    LOG[39m [38;5;3m[InstanceLoader] [39m[32mConfigHostModule dependencies initialized[39m[38;5;3m +0ms[39m
[32m[Nest] 4027453  - [39m05/17/2026, 12:52:25 PM [32m    LOG[39m [38;5;3m[InstanceLoader] [39m[32mJwtModule dependencies initialized[39m[38;5;3m +1ms[39m
[32m[Nest] 4027453  - [39m05/17/2026, 12:52:25 PM [32m    LOG[39m [38;5;3m[InstanceLoader] [39m[32mDiscoveryModule dependencies initialized[39m[38;5;3m +0ms[39m
[32m[Nest] 4027453  - [39m05/17/2026, 12:52:25 PM [32m    LOG[39m [38;5;3m[InstanceLoader] [39m[32mConfigModule dependencies initialized[39m[38;5;3m +64ms[39m
[32m[Nest] 4027453  - [39m05/17/2026, 12:52:25 PM [32m    LOG[39m [38;5;3m[InstanceLoader] [39m[32mConfigModule dependencies initialized[39m[38;5;3m +0ms[39m
[32m[Nest] 4027453  - [39m05/17/2026, 12:52:25 PM [32m    LOG[39m [38;5;3m[InstanceLoader] [39m[32mScheduleModule dependencies initialized[39m[38;5;3m +15ms[39m
[32m[Nest] 4027453  - [39m05/17/2026, 12:52:25 PM [32m    LOG[39m [38;5;3m[InstanceLoader] [39m[32mEncryptionModule dependencies initialized[39m[38;5;3m +13ms[39m
[32m[Nest] 4027453  - [39m05/17/2026, 12:52:25 PM [32m    LOG[39m [38;5;3m[InstanceLoader] [39m[32mStockModule dependencies initialized[39m[38;5;3m +1ms[39m
[32m[Nest] 4027453  - [39m05/17/2026, 12:52:25 PM [32m    LOG[39m [38;5;3m[InstanceLoader] [39m[32mThrottlerModule dependencies initialized[39m[38;5;3m +0ms[39m
[31m[Nest] 4027453  - [39m05/17/2026, 12:52:25 PM [31m  ERROR[39m [38;5;3m[TypeOrmModule] [39m[31mUnable to connect to the database. Retrying (1)...[39m
DataTypeNotSupportedError: Data type "timestamptz" in "User.createdAt" is not supported by "sqlite" database.
    at <anonymous> (/home/kyrie/workspace/elevate-life/backend/node_modules/typeorm/metadata-builder/src/metadata-builder/EntityMetadataValidator.ts:133:31)
    at Array.forEach (<anonymous>)
    at EntityMetadataValidator.validate (/home/kyrie/workspace/elevate-life/backend/node_modules/typeorm/metadata-builder/src/metadata-builder/EntityMetadataValidator.ts:128:18)
    at <anonymous> (/home/kyrie/workspace/elevate-life/backend/node_modules/typeorm/metadata-builder/src/metadata-builder/EntityMetadataValidator.ts:43:18)
    at Array.forEach (<anonymous>)
    at EntityMetadataValidator.validateMany (/home/kyrie/workspace/elevate-life/backend/node_modules/typeorm/metadata-builder/src/metadata-builder/EntityMetadataValidator.ts:42:25)
    at DataSource.buildMetadatas (/home/kyrie/workspace/elevate-life/backend/node_modules/typeorm/data-source/src/data-source/DataSource.ts:753:33)
    at async DataSource.initialize (/home/kyrie/workspace/elevate-life/backend/node_modules/typeorm/data-source/src/data-source/DataSource.ts:264:13)
[31m[Nest] 4027453  - [39m05/17/2026, 12:52:28 PM [31m  ERROR[39m [38;5;3m[TypeOrmModule] [39m[31mUnable to connect to the database. Retrying (2)...[39m
DataTypeNotSupportedError: Data type "timestamptz" in "User.createdAt" is not supported by "sqlite" database.
    at <anonymous> (/home/kyrie/workspace/elevate-life/backend/node_modules/typeorm/metadata-builder/src/metadata-builder/EntityMetadataValidator.ts:133:31)
    at Array.forEach (<anonymous>)
    at EntityMetadataValidator.validate (/home/kyrie/workspace/elevate-life/backend/node_modules/typeorm/metadata-builder/src/metadata-builder/EntityMetadataValidator.ts:128:18)
    at <anonymous> (/home/kyrie/workspace/elevate-life/backend/node_modules/typeorm/metadata-builder/src/metadata-builder/EntityMetadataValidator.ts:43:18)
    at Array.forEach (<anonymous>)
    at EntityMetadataValidator.validateMany (/home/kyrie/workspace/elevate-life/backend/node_modules/typeorm/metadata-builder/src/metadata-builder/EntityMetadataValidator.ts:42:25)
    at DataSource.buildMetadatas (/home/kyrie/workspace/elevate-life/backend/node_modules/typeorm/data-source/src/data-source/DataSource.ts:753:33)
    at async DataSource.initialize (/home/kyrie/workspace/elevate-life/backend/node_modules/typeorm/data-source/src/data-source/DataSource.ts:264:13)
[31m[Nest] 4027453  - [39m05/17/2026, 12:52:31 PM [31m  ERROR[39m [38;5;3m[TypeOrmModule] [39m[31mUnable to connect to the database. Retrying (3)...[39m
DataTypeNotSupportedError: Data type "timestamptz" in "User.createdAt" is not supported by "sqlite" database.
    at <anonymous> (/home/kyrie/workspace/elevate-life/backend/node_modules/typeorm/metadata-builder/src/metadata-builder/EntityMetadataValidator.ts:133:31)
    at Array.forEach (<anonymous>)
    at EntityMetadataValidator.validate (/home/kyrie/workspace/elevate-life/backend/node_modules/typeorm/metadata-builder/src/metadata-builder/EntityMetadataValidator.ts:128:18)
    at <anonymous> (/home/kyrie/workspace/elevate-life/backend/node_modules/typeorm/metadata-builder/src/metadata-builder/EntityMetadataValidator.ts:43:18)
    at Array.forEach (<anonymous>)
    at EntityMetadataValidator.validateMany (/home/kyrie/workspace/elevate-life/backend/node_modules/typeorm/metadata-builder/src/metadata-builder/EntityMetadataValidator.ts:42:25)
    at DataSource.buildMetadatas (/home/kyrie/workspace/elevate-life/backend/node_modules/typeorm/data-source/src/data-source/DataSource.ts:753:33)
    at async DataSource.initialize (/home/kyrie/workspace/elevate-life/backend/node_modules/typeorm/data-source/src/data-source/DataSource.ts:264:13)
[31m[Nest] 4027453  - [39m05/17/2026, 12:52:34 PM [31m  ERROR[39m [38;5;3m[TypeOrmModule] [39m[31mUnable to connect to the database. Retrying (4)...[39m
DataTypeNotSupportedError: Data type "timestamptz" in "User.createdAt" is not supported by "sqlite" database.
    at <anonymous> (/home/kyrie/workspace/elevate-life/backend/node_modules/typeorm/metadata-builder/src/metadata-builder/EntityMetadataValidator.ts:133:31)
    at Array.forEach (<anonymous>)
    at EntityMetadataValidator.validate (/home/kyrie/workspace/elevate-life/backend/node_modules/typeorm/metadata-builder/src/metadata-builder/EntityMetadataValidator.ts:128:18)
    at <anonymous> (/home/kyrie/workspace/elevate-life/backend/node_modules/typeorm/metadata-builder/src/metadata-builder/EntityMetadataValidator.ts:43:18)
    at Array.forEach (<anonymous>)
    at EntityMetadataValidator.validateMany (/home/kyrie/workspace/elevate-life/backend/node_modules/typeorm/metadata-builder/src/metadata-builder/EntityMetadataValidator.ts:42:25)
    at DataSource.buildMetadatas (/home/kyrie/workspace/elevate-life/backend/node_modules/typeorm/data-source/src/data-source/DataSource.ts:753:33)
    at async DataSource.initialize (/home/kyrie/workspace/elevate-life/backend/node_modules/typeorm/data-source/src/data-source/DataSource.ts:264:13)
[31m[Nest] 4027453  - [39m05/17/2026, 12:52:37 PM [31m  ERROR[39m [38;5;3m[TypeOrmModule] [39m[31mUnable to connect to the database. Retrying (5)...[39m
DataTypeNotSupportedError: Data type "timestamptz" in "User.createdAt" is not supported by "sqlite" database.
    at <anonymous> (/home/kyrie/workspace/elevate-life/backend/node_modules/typeorm/metadata-builder/src/metadata-builder/EntityMetadataValidator.ts:133:31)
    at Array.forEach (<anonymous>)
    at EntityMetadataValidator.validate (/home/kyrie/workspace/elevate-life/backend/node_modules/typeorm/metadata-builder/src/metadata-builder/EntityMetadataValidator.ts:128:18)
    at <anonymous> (/home/kyrie/workspace/elevate-life/backend/node_modules/typeorm/metadata-builder/src/metadata-builder/EntityMetadataValidator.ts:43:18)
    at Array.forEach (<anonymous>)
    at EntityMetadataValidator.validateMany (/home/kyrie/workspace/elevate-life/backend/node_modules/typeorm/metadata-builder/src/metadata-builder/EntityMetadataValidator.ts:42:25)
    at DataSource.buildMetadatas (/home/kyrie/workspace/elevate-life/backend/node_modules/typeorm/data-source/src/data-source/DataSource.ts:753:33)
    at async DataSource.initialize (/home/kyrie/workspace/elevate-life/backend/node_modules/typeorm/data-source/src/data-source/DataSource.ts:264:13)
[31m[Nest] 4027453  - [39m05/17/2026, 12:52:40 PM [31m  ERROR[39m [38;5;3m[TypeOrmModule] [39m[31mUnable to connect to the database. Retrying (6)...[39m
DataTypeNotSupportedError: Data type "timestamptz" in "User.createdAt" is not supported by "sqlite" database.
    at <anonymous> (/home/kyrie/workspace/elevate-life/backend/node_modules/typeorm/metadata-builder/src/metadata-builder/EntityMetadataValidator.ts:133:31)
    at Array.forEach (<anonymous>)
    at EntityMetadataValidator.validate (/home/kyrie/workspace/elevate-life/backend/node_modules/typeorm/metadata-builder/src/metadata-builder/EntityMetadataValidator.ts:128:18)
    at <anonymous> (/home/kyrie/workspace/elevate-life/backend/node_modules/typeorm/metadata-builder/src/metadata-builder/EntityMetadataValidator.ts:43:18)
    at Array.forEach (<anonymous>)
    at EntityMetadataValidator.validateMany (/home/kyrie/workspace/elevate-life/backend/node_modules/typeorm/metadata-builder/src/metadata-builder/EntityMetadataValidator.ts:42:25)
    at DataSource.buildMetadatas (/home/kyrie/workspace/elevate-life/backend/node_modules/typeorm/data-source/src/data-source/DataSource.ts:753:33)
    at async DataSource.initialize (/home/kyrie/workspace/elevate-life/backend/node_modules/typeorm/data-source/src/data-source/DataSource.ts:264:13)
[31m[Nest] 4027453  - [39m05/17/2026, 12:52:43 PM [31m  ERROR[39m [38;5;3m[TypeOrmModule] [39m[31mUnable to connect to the database. Retrying (7)...[39m
DataTypeNotSupportedError: Data type "timestamptz" in "User.createdAt" is not supported by "sqlite" database.
    at <anonymous> (/home/kyrie/workspace/elevate-life/backend/node_modules/typeorm/metadata-builder/src/metadata-builder/EntityMetadataValidator.ts:133:31)
    at Array.forEach (<anonymous>)
    at EntityMetadataValidator.validate (/home/kyrie/workspace/elevate-life/backend/node_modules/typeorm/metadata-builder/src/metadata-builder/EntityMetadataValidator.ts:128:18)
    at <anonymous> (/home/kyrie/workspace/elevate-life/backend/node_modules/typeorm/metadata-builder/src/metadata-builder/EntityMetadataValidator.ts:43:18)
    at Array.forEach (<anonymous>)
    at EntityMetadataValidator.validateMany (/home/kyrie/workspace/elevate-life/backend/node_modules/typeorm/metadata-builder/src/metadata-builder/EntityMetadataValidator.ts:42:25)
    at DataSource.buildMetadatas (/home/kyrie/workspace/elevate-life/backend/node_modules/typeorm/data-source/src/data-source/DataSource.ts:753:33)
    at async DataSource.initialize (/home/kyrie/workspace/elevate-life/backend/node_modules/typeorm/data-source/src/data-source/DataSource.ts:264:13)
[31m[Nest] 4027453  - [39m05/17/2026, 12:52:46 PM [31m  ERROR[39m [38;5;3m[TypeOrmModule] [39m[31mUnable to connect to the database. Retrying (8)...[39m
DataTypeNotSupportedError: Data type "timestamptz" in "User.createdAt" is not supported by "sqlite" database.
    at <anonymous> (/home/kyrie/workspace/elevate-life/backend/node_modules/typeorm/metadata-builder/src/metadata-builder/EntityMetadataValidator.ts:133:31)
    at Array.forEach (<anonymous>)
    at EntityMetadataValidator.validate (/home/kyrie/workspace/elevate-life/backend/node_modules/typeorm/metadata-builder/src/metadata-builder/EntityMetadataValidator.ts:128:18)
    at <anonymous> (/home/kyrie/workspace/elevate-life/backend/node_modules/typeorm/metadata-builder/src/metadata-builder/EntityMetadataValidator.ts:43:18)
    at Array.forEach (<anonymous>)
    at EntityMetadataValidator.validateMany (/home/kyrie/workspace/elevate-life/backend/node_modules/typeorm/metadata-builder/src/metadata-builder/EntityMetadataValidator.ts:42:25)
    at DataSource.buildMetadatas (/home/kyrie/workspace/elevate-life/backend/node_modules/typeorm/data-source/src/data-source/DataSource.ts:753:33)
    at async DataSource.initialize (/home/kyrie/workspace/elevate-life/backend/node_modules/typeorm/data-source/src/data-source/DataSource.ts:264:13)
[31m[Nest] 4027453  - [39m05/17/2026, 12:52:49 PM [31m  ERROR[39m [38;5;3m[TypeOrmModule] [39m[31mUnable to connect to the database. Retrying (9)...[39m
DataTypeNotSupportedError: Data type "timestamptz" in "User.createdAt" is not supported by "sqlite" database.
    at <anonymous> (/home/kyrie/workspace/elevate-life/backend/node_modules/typeorm/metadata-builder/src/metadata-builder/EntityMetadataValidator.ts:133:31)
    at Array.forEach (<anonymous>)
    at EntityMetadataValidator.validate (/home/kyrie/workspace/elevate-life/backend/node_modules/typeorm/metadata-builder/src/metadata-builder/EntityMetadataValidator.ts:128:18)
    at <anonymous> (/home/kyrie/workspace/elevate-life/backend/node_modules/typeorm/metadata-builder/src/metadata-builder/EntityMetadataValidator.ts:43:18)
    at Array.forEach (<anonymous>)
    at EntityMetadataValidator.validateMany (/home/kyrie/workspace/elevate-life/backend/node_modules/typeorm/metadata-builder/src/metadata-builder/EntityMetadataValidator.ts:42:25)
    at DataSource.buildMetadatas (/home/kyrie/workspace/elevate-life/backend/node_modules/typeorm/data-source/src/data-source/DataSource.ts:753:33)
    at async DataSource.initialize (/home/kyrie/workspace/elevate-life/backend/node_modules/typeorm/data-source/src/data-source/DataSource.ts:264:13)
[31m[Nest] 4027453  - [39m05/17/2026, 12:52:49 PM [31m  ERROR[39m [38;5;3m[ExceptionHandler] [39mDataTypeNotSupportedError: Data type "timestamptz" in "User.createdAt" is not supported by "sqlite" database.
    at <anonymous> [90m(/home/kyrie/workspace/elevate-life/backend/[39mnode_modules/[4mtypeorm[24m/metadata-builder/src/metadata-builder/EntityMetadataValidator.ts:133:31[90m)[39m
    at Array.forEach (<anonymous>)
    at EntityMetadataValidator.validate [90m(/home/kyrie/workspace/elevate-life/backend/[39mnode_modules/[4mtypeorm[24m/metadata-builder/src/metadata-builder/EntityMetadataValidator.ts:128:18[90m)[39m
    at <anonymous> [90m(/home/kyrie/workspace/elevate-life/backend/[39mnode_modules/[4mtypeorm[24m/metadata-builder/src/metadata-builder/EntityMetadataValidator.ts:43:18[90m)[39m
    at Array.forEach (<anonymous>)
    at EntityMetadataValidator.validateMany [90m(/home/kyrie/workspace/elevate-life/backend/[39mnode_modules/[4mtypeorm[24m/metadata-builder/src/metadata-builder/EntityMetadataValidator.ts:42:25[90m)[39m
    at DataSource.buildMetadatas [90m(/home/kyrie/workspace/elevate-life/backend/[39mnode_modules/[4mtypeorm[24m/data-source/src/data-source/DataSource.ts:753:33[90m)[39m
    at async DataSource.initialize [90m(/home/kyrie/workspace/elevate-life/backend/[39mnode_modules/[4mtypeorm[24m/data-source/src/data-source/DataSource.ts:264:13[90m)[39m
npm error Missing script: "start:dev"
npm error
npm error To see a list of scripts, run:
npm error   npm run
npm error A complete log of this run can be found in: /home/kyrie/.npm/_logs/2026-05-17T04_58_41_736Z-debug-0.log

> backend@0.0.1 start:dev
> nest start --watch

[2J[3J[H[[90m1:04:06 PM[0m] Starting compilation in watch mode...

[[90m1:04:11 PM[0m] Found 0 errors. Watching for file changes.

[32m[Nest] 4028443  - [39m05/17/2026, 1:04:12 PM [32m    LOG[39m [38;5;3m[NestFactory] [39m[32mStarting Nest application...[39m
[32m[Nest] 4028443  - [39m05/17/2026, 1:04:12 PM [32m    LOG[39m [38;5;3m[InstanceLoader] [39m[32mAppModule dependencies initialized[39m[38;5;3m +35ms[39m
[32m[Nest] 4028443  - [39m05/17/2026, 1:04:12 PM [32m    LOG[39m [38;5;3m[InstanceLoader] [39m[32mTypeOrmModule dependencies initialized[39m[38;5;3m +0ms[39m
[32m[Nest] 4028443  - [39m05/17/2026, 1:04:12 PM [32m    LOG[39m [38;5;3m[InstanceLoader] [39m[32mPassportModule dependencies initialized[39m[38;5;3m +0ms[39m
[32m[Nest] 4028443  - [39m05/17/2026, 1:04:12 PM [32m    LOG[39m [38;5;3m[InstanceLoader] [39m[32mConfigHostModule dependencies initialized[39m[38;5;3m +1ms[39m
[32m[Nest] 4028443  - [39m05/17/2026, 1:04:12 PM [32m    LOG[39m [38;5;3m[InstanceLoader] [39m[32mJwtModule dependencies initialized[39m[38;5;3m +1ms[39m
[32m[Nest] 4028443  - [39m05/17/2026, 1:04:12 PM [32m    LOG[39m [38;5;3m[InstanceLoader] [39m[32mDiscoveryModule dependencies initialized[39m[38;5;3m +0ms[39m
[32m[Nest] 4028443  - [39m05/17/2026, 1:04:13 PM [32m    LOG[39m [38;5;3m[InstanceLoader] [39m[32mConfigModule dependencies initialized[39m[38;5;3m +65ms[39m
[32m[Nest] 4028443  - [39m05/17/2026, 1:04:13 PM [32m    LOG[39m [38;5;3m[InstanceLoader] [39m[32mConfigModule dependencies initialized[39m[38;5;3m +0ms[39m
[32m[Nest] 4028443  - [39m05/17/2026, 1:04:13 PM [32m    LOG[39m [38;5;3m[InstanceLoader] [39m[32mScheduleModule dependencies initialized[39m[38;5;3m +0ms[39m
[32m[Nest] 4028443  - [39m05/17/2026, 1:04:13 PM [32m    LOG[39m [38;5;3m[InstanceLoader] [39m[32mEncryptionModule dependencies initialized[39m[38;5;3m +10ms[39m
[32m[Nest] 4028443  - [39m05/17/2026, 1:04:13 PM [32m    LOG[39m [38;5;3m[InstanceLoader] [39m[32mStockModule dependencies initialized[39m[38;5;3m +0ms[39m
[32m[Nest] 4028443  - [39m05/17/2026, 1:04:13 PM [32m    LOG[39m [38;5;3m[InstanceLoader] [39m[32mThrottlerModule dependencies initialized[39m[38;5;3m +1ms[39m
[31m[Nest] 4028443  - [39m05/17/2026, 1:04:13 PM [31m  ERROR[39m [38;5;3m[TypeOrmModule] [39m[31mUnable to connect to the database. Retrying (1)...[39m
DataTypeNotSupportedError: Data type "Object" in "Transaction.categoryId" is not supported by "sqlite" database.
    at <anonymous> (/home/kyrie/workspace/elevate-life/backend/node_modules/typeorm/metadata-builder/src/metadata-builder/EntityMetadataValidator.ts:133:31)
    at Array.forEach (<anonymous>)
    at EntityMetadataValidator.validate (/home/kyrie/workspace/elevate-life/backend/node_modules/typeorm/metadata-builder/src/metadata-builder/EntityMetadataValidator.ts:128:18)
    at <anonymous> (/home/kyrie/workspace/elevate-life/backend/node_modules/typeorm/metadata-builder/src/metadata-builder/EntityMetadataValidator.ts:43:18)
    at Array.forEach (<anonymous>)
    at EntityMetadataValidator.validateMany (/home/kyrie/workspace/elevate-life/backend/node_modules/typeorm/metadata-builder/src/metadata-builder/EntityMetadataValidator.ts:42:25)
    at DataSource.buildMetadatas (/home/kyrie/workspace/elevate-life/backend/node_modules/typeorm/data-source/src/data-source/DataSource.ts:753:33)
    at async DataSource.initialize (/home/kyrie/workspace/elevate-life/backend/node_modules/typeorm/data-source/src/data-source/DataSource.ts:264:13)
[31m[Nest] 4028443  - [39m05/17/2026, 1:04:16 PM [31m  ERROR[39m [38;5;3m[TypeOrmModule] [39m[31mUnable to connect to the database. Retrying (2)...[39m
DataTypeNotSupportedError: Data type "Object" in "Transaction.categoryId" is not supported by "sqlite" database.
    at <anonymous> (/home/kyrie/workspace/elevate-life/backend/node_modules/typeorm/metadata-builder/src/metadata-builder/EntityMetadataValidator.ts:133:31)
    at Array.forEach (<anonymous>)
    at EntityMetadataValidator.validate (/home/kyrie/workspace/elevate-life/backend/node_modules/typeorm/metadata-builder/src/metadata-builder/EntityMetadataValidator.ts:128:18)
    at <anonymous> (/home/kyrie/workspace/elevate-life/backend/node_modules/typeorm/metadata-builder/src/metadata-builder/EntityMetadataValidator.ts:43:18)
    at Array.forEach (<anonymous>)
    at EntityMetadataValidator.validateMany (/home/kyrie/workspace/elevate-life/backend/node_modules/typeorm/metadata-builder/src/metadata-builder/EntityMetadataValidator.ts:42:25)
    at DataSource.buildMetadatas (/home/kyrie/workspace/elevate-life/backend/node_modules/typeorm/data-source/src/data-source/DataSource.ts:753:33)
    at async DataSource.initialize (/home/kyrie/workspace/elevate-life/backend/node_modules/typeorm/data-source/src/data-source/DataSource.ts:264:13)
[31m[Nest] 4028443  - [39m05/17/2026, 1:04:19 PM [31m  ERROR[39m [38;5;3m[TypeOrmModule] [39m[31mUnable to connect to the database. Retrying (3)...[39m
DataTypeNotSupportedError: Data type "Object" in "Transaction.categoryId" is not supported by "sqlite" database.
    at <anonymous> (/home/kyrie/workspace/elevate-life/backend/node_modules/typeorm/metadata-builder/src/metadata-builder/EntityMetadataValidator.ts:133:31)
    at Array.forEach (<anonymous>)
    at EntityMetadataValidator.validate (/home/kyrie/workspace/elevate-life/backend/node_modules/typeorm/metadata-builder/src/metadata-builder/EntityMetadataValidator.ts:128:18)
    at <anonymous> (/home/kyrie/workspace/elevate-life/backend/node_modules/typeorm/metadata-builder/src/metadata-builder/EntityMetadataValidator.ts:43:18)
    at Array.forEach (<anonymous>)
    at EntityMetadataValidator.validateMany (/home/kyrie/workspace/elevate-life/backend/node_modules/typeorm/metadata-builder/src/metadata-builder/EntityMetadataValidator.ts:42:25)
    at DataSource.buildMetadatas (/home/kyrie/workspace/elevate-life/backend/node_modules/typeorm/data-source/src/data-source/DataSource.ts:753:33)
    at async DataSource.initialize (/home/kyrie/workspace/elevate-life/backend/node_modules/typeorm/data-source/src/data-source/DataSource.ts:264:13)
[31m[Nest] 4028443  - [39m05/17/2026, 1:04:22 PM [31m  ERROR[39m [38;5;3m[TypeOrmModule] [39m[31mUnable to connect to the database. Retrying (4)...[39m
DataTypeNotSupportedError: Data type "Object" in "Transaction.categoryId" is not supported by "sqlite" database.
    at <anonymous> (/home/kyrie/workspace/elevate-life/backend/node_modules/typeorm/metadata-builder/src/metadata-builder/EntityMetadataValidator.ts:133:31)
    at Array.forEach (<anonymous>)
    at EntityMetadataValidator.validate (/home/kyrie/workspace/elevate-life/backend/node_modules/typeorm/metadata-builder/src/metadata-builder/EntityMetadataValidator.ts:128:18)
    at <anonymous> (/home/kyrie/workspace/elevate-life/backend/node_modules/typeorm/metadata-builder/src/metadata-builder/EntityMetadataValidator.ts:43:18)
    at Array.forEach (<anonymous>)
    at EntityMetadataValidator.validateMany (/home/kyrie/workspace/elevate-life/backend/node_modules/typeorm/metadata-builder/src/metadata-builder/EntityMetadataValidator.ts:42:25)
    at DataSource.buildMetadatas (/home/kyrie/workspace/elevate-life/backend/node_modules/typeorm/data-source/src/data-source/DataSource.ts:753:33)
    at async DataSource.initialize (/home/kyrie/workspace/elevate-life/backend/node_modules/typeorm/data-source/src/data-source/DataSource.ts:264:13)
[31m[Nest] 4028443  - [39m05/17/2026, 1:04:25 PM [31m  ERROR[39m [38;5;3m[TypeOrmModule] [39m[31mUnable to connect to the database. Retrying (5)...[39m
DataTypeNotSupportedError: Data type "Object" in "Transaction.categoryId" is not supported by "sqlite" database.
    at <anonymous> (/home/kyrie/workspace/elevate-life/backend/node_modules/typeorm/metadata-builder/src/metadata-builder/EntityMetadataValidator.ts:133:31)
    at Array.forEach (<anonymous>)
    at EntityMetadataValidator.validate (/home/kyrie/workspace/elevate-life/backend/node_modules/typeorm/metadata-builder/src/metadata-builder/EntityMetadataValidator.ts:128:18)
    at <anonymous> (/home/kyrie/workspace/elevate-life/backend/node_modules/typeorm/metadata-builder/src/metadata-builder/EntityMetadataValidator.ts:43:18)
    at Array.forEach (<anonymous>)
    at EntityMetadataValidator.validateMany (/home/kyrie/workspace/elevate-life/backend/node_modules/typeorm/metadata-builder/src/metadata-builder/EntityMetadataValidator.ts:42:25)
    at DataSource.buildMetadatas (/home/kyrie/workspace/elevate-life/backend/node_modules/typeorm/data-source/src/data-source/DataSource.ts:753:33)
    at async DataSource.initialize (/home/kyrie/workspace/elevate-life/backend/node_modules/typeorm/data-source/src/data-source/DataSource.ts:264:13)
[2J[3J[H[[90m1:04:25 PM[0m] File change detected. Starting incremental compilation...

[[90m1:04:26 PM[0m] Found 0 errors. Watching for file changes.

[32m[Nest] 4028481  - [39m05/17/2026, 1:04:27 PM [32m    LOG[39m [38;5;3m[NestFactory] [39m[32mStarting Nest application...[39m
[32m[Nest] 4028481  - [39m05/17/2026, 1:04:27 PM [32m    LOG[39m [38;5;3m[InstanceLoader] [39m[32mAppModule dependencies initialized[39m[38;5;3m +27ms[39m
[32m[Nest] 4028481  - [39m05/17/2026, 1:04:27 PM [32m    LOG[39m [38;5;3m[InstanceLoader] [39m[32mTypeOrmModule dependencies initialized[39m[38;5;3m +1ms[39m
[32m[Nest] 4028481  - [39m05/17/2026, 1:04:27 PM [32m    LOG[39m [38;5;3m[InstanceLoader] [39m[32mPassportModule dependencies initialized[39m[38;5;3m +0ms[39m
[32m[Nest] 4028481  - [39m05/17/2026, 1:04:27 PM [32m    LOG[39m [38;5;3m[InstanceLoader] [39m[32mConfigHostModule dependencies initialized[39m[38;5;3m +2ms[39m
[32m[Nest] 4028481  - [39m05/17/2026, 1:04:27 PM [32m    LOG[39m [38;5;3m[InstanceLoader] [39m[32mJwtModule dependencies initialized[39m[38;5;3m +0ms[39m
[32m[Nest] 4028481  - [39m05/17/2026, 1:04:27 PM [32m    LOG[39m [38;5;3m[InstanceLoader] [39m[32mDiscoveryModule dependencies initialized[39m[38;5;3m +1ms[39m
[32m[Nest] 4028481  - [39m05/17/2026, 1:04:27 PM [32m    LOG[39m [38;5;3m[InstanceLoader] [39m[32mConfigModule dependencies initialized[39m[38;5;3m +79ms[39m
[32m[Nest] 4028481  - [39m05/17/2026, 1:04:27 PM [32m    LOG[39m [38;5;3m[InstanceLoader] [39m[32mConfigModule dependencies initialized[39m[38;5;3m +0ms[39m
[32m[Nest] 4028481  - [39m05/17/2026, 1:04:27 PM [32m    LOG[39m [38;5;3m[InstanceLoader] [39m[32mScheduleModule dependencies initialized[39m[38;5;3m +0ms[39m
[32m[Nest] 4028481  - [39m05/17/2026, 1:04:27 PM [32m    LOG[39m [38;5;3m[InstanceLoader] [39m[32mEncryptionModule dependencies initialized[39m[38;5;3m +9ms[39m
[32m[Nest] 4028481  - [39m05/17/2026, 1:04:27 PM [32m    LOG[39m [38;5;3m[InstanceLoader] [39m[32mStockModule dependencies initialized[39m[38;5;3m +0ms[39m
[32m[Nest] 4028481  - [39m05/17/2026, 1:04:27 PM [32m    LOG[39m [38;5;3m[InstanceLoader] [39m[32mThrottlerModule dependencies initialized[39m[38;5;3m +1ms[39m
[31m[Nest] 4028481  - [39m05/17/2026, 1:04:27 PM [31m  ERROR[39m [38;5;3m[TypeOrmModule] [39m[31mUnable to connect to the database. Retrying (1)...[39m
DataTypeNotSupportedError: Data type "Object" in "Transaction.fromAccountId" is not supported by "sqlite" database.
    at <anonymous> (/home/kyrie/workspace/elevate-life/backend/node_modules/typeorm/metadata-builder/src/metadata-builder/EntityMetadataValidator.ts:133:31)
    at Array.forEach (<anonymous>)
    at EntityMetadataValidator.validate (/home/kyrie/workspace/elevate-life/backend/node_modules/typeorm/metadata-builder/src/metadata-builder/EntityMetadataValidator.ts:128:18)
    at <anonymous> (/home/kyrie/workspace/elevate-life/backend/node_modules/typeorm/metadata-builder/src/metadata-builder/EntityMetadataValidator.ts:43:18)
    at Array.forEach (<anonymous>)
    at EntityMetadataValidator.validateMany (/home/kyrie/workspace/elevate-life/backend/node_modules/typeorm/metadata-builder/src/metadata-builder/EntityMetadataValidator.ts:42:25)
    at DataSource.buildMetadatas (/home/kyrie/workspace/elevate-life/backend/node_modules/typeorm/data-source/src/data-source/DataSource.ts:753:33)
    at async DataSource.initialize (/home/kyrie/workspace/elevate-life/backend/node_modules/typeorm/data-source/src/data-source/DataSource.ts:264:13)
[2J[3J[H[[90m1:04:30 PM[0m] File change detected. Starting incremental compilation...

[31m[Nest] 4028481  - [39m05/17/2026, 1:04:30 PM [31m  ERROR[39m [38;5;3m[TypeOrmModule] [39m[31mUnable to connect to the database. Retrying (2)...[39m
DataTypeNotSupportedError: Data type "Object" in "Transaction.fromAccountId" is not supported by "sqlite" database.
    at <anonymous> (/home/kyrie/workspace/elevate-life/backend/node_modules/typeorm/metadata-builder/src/metadata-builder/EntityMetadataValidator.ts:133:31)
    at Array.forEach (<anonymous>)
    at EntityMetadataValidator.validate (/home/kyrie/workspace/elevate-life/backend/node_modules/typeorm/metadata-builder/src/metadata-builder/EntityMetadataValidator.ts:128:18)
    at <anonymous> (/home/kyrie/workspace/elevate-life/backend/node_modules/typeorm/metadata-builder/src/metadata-builder/EntityMetadataValidator.ts:43:18)
    at Array.forEach (<anonymous>)
    at EntityMetadataValidator.validateMany (/home/kyrie/workspace/elevate-life/backend/node_modules/typeorm/metadata-builder/src/metadata-builder/EntityMetadataValidator.ts:42:25)
    at DataSource.buildMetadatas (/home/kyrie/workspace/elevate-life/backend/node_modules/typeorm/data-source/src/data-source/DataSource.ts:753:33)
    at async DataSource.initialize (/home/kyrie/workspace/elevate-life/backend/node_modules/typeorm/data-source/src/data-source/DataSource.ts:264:13)
[[90m1:04:30 PM[0m] Found 0 errors. Watching for file changes.

[32m[Nest] 4028493  - [39m05/17/2026, 1:04:31 PM [32m    LOG[39m [38;5;3m[NestFactory] [39m[32mStarting Nest application...[39m
[32m[Nest] 4028493  - [39m05/17/2026, 1:04:31 PM [32m    LOG[39m [38;5;3m[InstanceLoader] [39m[32mAppModule dependencies initialized[39m[38;5;3m +32ms[39m
[32m[Nest] 4028493  - [39m05/17/2026, 1:04:31 PM [32m    LOG[39m [38;5;3m[InstanceLoader] [39m[32mTypeOrmModule dependencies initialized[39m[38;5;3m +1ms[39m
[32m[Nest] 4028493  - [39m05/17/2026, 1:04:31 PM [32m    LOG[39m [38;5;3m[InstanceLoader] [39m[32mPassportModule dependencies initialized[39m[38;5;3m +0ms[39m
[32m[Nest] 4028493  - [39m05/17/2026, 1:04:31 PM [32m    LOG[39m [38;5;3m[InstanceLoader] [39m[32mConfigHostModule dependencies initialized[39m[38;5;3m +0ms[39m
[32m[Nest] 4028493  - [39m05/17/2026, 1:04:31 PM [32m    LOG[39m [38;5;3m[InstanceLoader] [39m[32mJwtModule dependencies initialized[39m[38;5;3m +1ms[39m
[32m[Nest] 4028493  - [39m05/17/2026, 1:04:31 PM [32m    LOG[39m [38;5;3m[InstanceLoader] [39m[32mDiscoveryModule dependencies initialized[39m[38;5;3m +0ms[39m
[32m[Nest] 4028493  - [39m05/17/2026, 1:04:31 PM [32m    LOG[39m [38;5;3m[InstanceLoader] [39m[32mConfigModule dependencies initialized[39m[38;5;3m +65ms[39m
[32m[Nest] 4028493  - [39m05/17/2026, 1:04:31 PM [32m    LOG[39m [38;5;3m[InstanceLoader] [39m[32mConfigModule dependencies initialized[39m[38;5;3m +1ms[39m
[32m[Nest] 4028493  - [39m05/17/2026, 1:04:31 PM [32m    LOG[39m [38;5;3m[InstanceLoader] [39m[32mScheduleModule dependencies initialized[39m[38;5;3m +0ms[39m
[32m[Nest] 4028493  - [39m05/17/2026, 1:04:31 PM [32m    LOG[39m [38;5;3m[InstanceLoader] [39m[32mEncryptionModule dependencies initialized[39m[38;5;3m +9ms[39m
[32m[Nest] 4028493  - [39m05/17/2026, 1:04:31 PM [32m    LOG[39m [38;5;3m[InstanceLoader] [39m[32mStockModule dependencies initialized[39m[38;5;3m +0ms[39m
[32m[Nest] 4028493  - [39m05/17/2026, 1:04:31 PM [32m    LOG[39m [38;5;3m[InstanceLoader] [39m[32mThrottlerModule dependencies initialized[39m[38;5;3m +1ms[39m
[31m[Nest] 4028493  - [39m05/17/2026, 1:04:31 PM [31m  ERROR[39m [38;5;3m[TypeOrmModule] [39m[31mUnable to connect to the database. Retrying (1)...[39m
DataTypeNotSupportedError: Data type "Object" in "Asset.stockCode" is not supported by "sqlite" database.
    at <anonymous> (/home/kyrie/workspace/elevate-life/backend/node_modules/typeorm/metadata-builder/src/metadata-builder/EntityMetadataValidator.ts:133:31)
    at Array.forEach (<anonymous>)
    at EntityMetadataValidator.validate (/home/kyrie/workspace/elevate-life/backend/node_modules/typeorm/metadata-builder/src/metadata-builder/EntityMetadataValidator.ts:128:18)
    at <anonymous> (/home/kyrie/workspace/elevate-life/backend/node_modules/typeorm/metadata-builder/src/metadata-builder/EntityMetadataValidator.ts:43:18)
    at Array.forEach (<anonymous>)
    at EntityMetadataValidator.validateMany (/home/kyrie/workspace/elevate-life/backend/node_modules/typeorm/metadata-builder/src/metadata-builder/EntityMetadataValidator.ts:42:25)
    at DataSource.buildMetadatas (/home/kyrie/workspace/elevate-life/backend/node_modules/typeorm/data-source/src/data-source/DataSource.ts:753:33)
    at async DataSource.initialize (/home/kyrie/workspace/elevate-life/backend/node_modules/typeorm/data-source/src/data-source/DataSource.ts:264:13)
[31m[Nest] 4028493  - [39m05/17/2026, 1:04:34 PM [31m  ERROR[39m [38;5;3m[TypeOrmModule] [39m[31mUnable to connect to the database. Retrying (2)...[39m
DataTypeNotSupportedError: Data type "Object" in "Asset.stockCode" is not supported by "sqlite" database.
    at <anonymous> (/home/kyrie/workspace/elevate-life/backend/node_modules/typeorm/metadata-builder/src/metadata-builder/EntityMetadataValidator.ts:133:31)
    at Array.forEach (<anonymous>)
    at EntityMetadataValidator.validate (/home/kyrie/workspace/elevate-life/backend/node_modules/typeorm/metadata-builder/src/metadata-builder/EntityMetadataValidator.ts:128:18)
    at <anonymous> (/home/kyrie/workspace/elevate-life/backend/node_modules/typeorm/metadata-builder/src/metadata-builder/EntityMetadataValidator.ts:43:18)
    at Array.forEach (<anonymous>)
    at EntityMetadataValidator.validateMany (/home/kyrie/workspace/elevate-life/backend/node_modules/typeorm/metadata-builder/src/metadata-builder/EntityMetadataValidator.ts:42:25)
    at DataSource.buildMetadatas (/home/kyrie/workspace/elevate-life/backend/node_modules/typeorm/data-source/src/data-source/DataSource.ts:753:33)
    at async DataSource.initialize (/home/kyrie/workspace/elevate-life/backend/node_modules/typeorm/data-source/src/data-source/DataSource.ts:264:13)
[31m[Nest] 4028493  - [39m05/17/2026, 1:04:37 PM [31m  ERROR[39m [38;5;3m[TypeOrmModule] [39m[31mUnable to connect to the database. Retrying (3)...[39m
DataTypeNotSupportedError: Data type "Object" in "Asset.stockCode" is not supported by "sqlite" database.
    at <anonymous> (/home/kyrie/workspace/elevate-life/backend/node_modules/typeorm/metadata-builder/src/metadata-builder/EntityMetadataValidator.ts:133:31)
    at Array.forEach (<anonymous>)
    at EntityMetadataValidator.validate (/home/kyrie/workspace/elevate-life/backend/node_modules/typeorm/metadata-builder/src/metadata-builder/EntityMetadataValidator.ts:128:18)
    at <anonymous> (/home/kyrie/workspace/elevate-life/backend/node_modules/typeorm/metadata-builder/src/metadata-builder/EntityMetadataValidator.ts:43:18)
    at Array.forEach (<anonymous>)
    at EntityMetadataValidator.validateMany (/home/kyrie/workspace/elevate-life/backend/node_modules/typeorm/metadata-builder/src/metadata-builder/EntityMetadataValidator.ts:42:25)
    at DataSource.buildMetadatas (/home/kyrie/workspace/elevate-life/backend/node_modules/typeorm/data-source/src/data-source/DataSource.ts:753:33)
    at async DataSource.initialize (/home/kyrie/workspace/elevate-life/backend/node_modules/typeorm/data-source/src/data-source/DataSource.ts:264:13)
[31m[Nest] 4028493  - [39m05/17/2026, 1:04:40 PM [31m  ERROR[39m [38;5;3m[TypeOrmModule] [39m[31mUnable to connect to the database. Retrying (4)...[39m
DataTypeNotSupportedError: Data type "Object" in "Asset.stockCode" is not supported by "sqlite" database.
    at <anonymous> (/home/kyrie/workspace/elevate-life/backend/node_modules/typeorm/metadata-builder/src/metadata-builder/EntityMetadataValidator.ts:133:31)
    at Array.forEach (<anonymous>)
    at EntityMetadataValidator.validate (/home/kyrie/workspace/elevate-life/backend/node_modules/typeorm/metadata-builder/src/metadata-builder/EntityMetadataValidator.ts:128:18)
    at <anonymous> (/home/kyrie/workspace/elevate-life/backend/node_modules/typeorm/metadata-builder/src/metadata-builder/EntityMetadataValidator.ts:43:18)
    at Array.forEach (<anonymous>)
    at EntityMetadataValidator.validateMany (/home/kyrie/workspace/elevate-life/backend/node_modules/typeorm/metadata-builder/src/metadata-builder/EntityMetadataValidator.ts:42:25)
    at DataSource.buildMetadatas (/home/kyrie/workspace/elevate-life/backend/node_modules/typeorm/data-source/src/data-source/DataSource.ts:753:33)
    at async DataSource.initialize (/home/kyrie/workspace/elevate-life/backend/node_modules/typeorm/data-source/src/data-source/DataSource.ts:264:13)
[2J[3J[H[[90m1:04:41 PM[0m] File change detected. Starting incremental compilation...

[[90m1:04:42 PM[0m] Found 0 errors. Watching for file changes.

[32m[Nest] 4028540  - [39m05/17/2026, 1:04:43 PM [32m    LOG[39m [38;5;3m[NestFactory] [39m[32mStarting Nest application...[39m
[32m[Nest] 4028540  - [39m05/17/2026, 1:04:43 PM [32m    LOG[39m [38;5;3m[InstanceLoader] [39m[32mAppModule dependencies initialized[39m[38;5;3m +29ms[39m
[32m[Nest] 4028540  - [39m05/17/2026, 1:04:43 PM [32m    LOG[39m [38;5;3m[InstanceLoader] [39m[32mTypeOrmModule dependencies initialized[39m[38;5;3m +0ms[39m
[32m[Nest] 4028540  - [39m05/17/2026, 1:04:43 PM [32m    LOG[39m [38;5;3m[InstanceLoader] [39m[32mPassportModule dependencies initialized[39m[38;5;3m +0ms[39m
[32m[Nest] 4028540  - [39m05/17/2026, 1:04:43 PM [32m    LOG[39m [38;5;3m[InstanceLoader] [39m[32mConfigHostModule dependencies initialized[39m[38;5;3m +1ms[39m
[32m[Nest] 4028540  - [39m05/17/2026, 1:04:43 PM [32m    LOG[39m [38;5;3m[InstanceLoader] [39m[32mJwtModule dependencies initialized[39m[38;5;3m +0ms[39m
[32m[Nest] 4028540  - [39m05/17/2026, 1:04:43 PM [32m    LOG[39m [38;5;3m[InstanceLoader] [39m[32mDiscoveryModule dependencies initialized[39m[38;5;3m +0ms[39m
[32m[Nest] 4028540  - [39m05/17/2026, 1:04:43 PM [32m    LOG[39m [38;5;3m[InstanceLoader] [39m[32mConfigModule dependencies initialized[39m[38;5;3m +65ms[39m
[32m[Nest] 4028540  - [39m05/17/2026, 1:04:43 PM [32m    LOG[39m [38;5;3m[InstanceLoader] [39m[32mConfigModule dependencies initialized[39m[38;5;3m +0ms[39m
[32m[Nest] 4028540  - [39m05/17/2026, 1:04:43 PM [32m    LOG[39m [38;5;3m[InstanceLoader] [39m[32mScheduleModule dependencies initialized[39m[38;5;3m +0ms[39m
[32m[Nest] 4028540  - [39m05/17/2026, 1:04:43 PM [32m    LOG[39m [38;5;3m[InstanceLoader] [39m[32mEncryptionModule dependencies initialized[39m[38;5;3m +7ms[39m
[32m[Nest] 4028540  - [39m05/17/2026, 1:04:43 PM [32m    LOG[39m [38;5;3m[InstanceLoader] [39m[32mStockModule dependencies initialized[39m[38;5;3m +0ms[39m
[32m[Nest] 4028540  - [39m05/17/2026, 1:04:43 PM [32m    LOG[39m [38;5;3m[InstanceLoader] [39m[32mThrottlerModule dependencies initialized[39m[38;5;3m +1ms[39m
[31m[Nest] 4028540  - [39m05/17/2026, 1:04:43 PM [31m  ERROR[39m [38;5;3m[TypeOrmModule] [39m[31mUnable to connect to the database. Retrying (1)...[39m
DataTypeNotSupportedError: Data type "Object" in "Asset.stockCode" is not supported by "sqlite" database.
    at <anonymous> (/home/kyrie/workspace/elevate-life/backend/node_modules/typeorm/metadata-builder/src/metadata-builder/EntityMetadataValidator.ts:133:31)
    at Array.forEach (<anonymous>)
    at EntityMetadataValidator.validate (/home/kyrie/workspace/elevate-life/backend/node_modules/typeorm/metadata-builder/src/metadata-builder/EntityMetadataValidator.ts:128:18)
    at <anonymous> (/home/kyrie/workspace/elevate-life/backend/node_modules/typeorm/metadata-builder/src/metadata-builder/EntityMetadataValidator.ts:43:18)
    at Array.forEach (<anonymous>)
    at EntityMetadataValidator.validateMany (/home/kyrie/workspace/elevate-life/backend/node_modules/typeorm/metadata-builder/src/metadata-builder/EntityMetadataValidator.ts:42:25)
    at DataSource.buildMetadatas (/home/kyrie/workspace/elevate-life/backend/node_modules/typeorm/data-source/src/data-source/DataSource.ts:753:33)
    at async DataSource.initialize (/home/kyrie/workspace/elevate-life/backend/node_modules/typeorm/data-source/src/data-source/DataSource.ts:264:13)
[31m[Nest] 4028540  - [39m05/17/2026, 1:04:46 PM [31m  ERROR[39m [38;5;3m[TypeOrmModule] [39m[31mUnable to connect to the database. Retrying (2)...[39m
DataTypeNotSupportedError: Data type "Object" in "Asset.stockCode" is not supported by "sqlite" database.
    at <anonymous> (/home/kyrie/workspace/elevate-life/backend/node_modules/typeorm/metadata-builder/src/metadata-builder/EntityMetadataValidator.ts:133:31)
    at Array.forEach (<anonymous>)
    at EntityMetadataValidator.validate (/home/kyrie/workspace/elevate-life/backend/node_modules/typeorm/metadata-builder/src/metadata-builder/EntityMetadataValidator.ts:128:18)
    at <anonymous> (/home/kyrie/workspace/elevate-life/backend/node_modules/typeorm/metadata-builder/src/metadata-builder/EntityMetadataValidator.ts:43:18)
    at Array.forEach (<anonymous>)
    at EntityMetadataValidator.validateMany (/home/kyrie/workspace/elevate-life/backend/node_modules/typeorm/metadata-builder/src/metadata-builder/EntityMetadataValidator.ts:42:25)
    at DataSource.buildMetadatas (/home/kyrie/workspace/elevate-life/backend/node_modules/typeorm/data-source/src/data-source/DataSource.ts:753:33)
    at async DataSource.initialize (/home/kyrie/workspace/elevate-life/backend/node_modules/typeorm/data-source/src/data-source/DataSource.ts:264:13)

> backend@0.0.1 start:dev
> nest start --watch

[2J[3J[H[[90m1:04:48 PM[0m] Starting compilation in watch mode...

[32m[Nest] 4028540  - [39m05/17/2026, 1:04:49 PM [32m    LOG[39m [38;5;3m[InstanceLoader] [39m[32mTypeOrmCoreModule dependencies initialized[39m[38;5;3m +3030ms[39m
[32m[Nest] 4028540  - [39m05/17/2026, 1:04:49 PM [32m    LOG[39m [38;5;3m[InstanceLoader] [39m[32mTypeOrmModule dependencies initialized[39m[38;5;3m +1ms[39m
[32m[Nest] 4028540  - [39m05/17/2026, 1:04:49 PM [32m    LOG[39m [38;5;3m[InstanceLoader] [39m[32mTypeOrmModule dependencies initialized[39m[38;5;3m +0ms[39m
[32m[Nest] 4028540  - [39m05/17/2026, 1:04:49 PM [32m    LOG[39m [38;5;3m[InstanceLoader] [39m[32mTypeOrmModule dependencies initialized[39m[38;5;3m +0ms[39m
[32m[Nest] 4028540  - [39m05/17/2026, 1:04:49 PM [32m    LOG[39m [38;5;3m[InstanceLoader] [39m[32mTypeOrmModule dependencies initialized[39m[38;5;3m +0ms[39m
[32m[Nest] 4028540  - [39m05/17/2026, 1:04:49 PM [32m    LOG[39m [38;5;3m[InstanceLoader] [39m[32mTypeOrmModule dependencies initialized[39m[38;5;3m +0ms[39m
[32m[Nest] 4028540  - [39m05/17/2026, 1:04:49 PM [32m    LOG[39m [38;5;3m[InstanceLoader] [39m[32mTypeOrmModule dependencies initialized[39m[38;5;3m +0ms[39m
[32m[Nest] 4028540  - [39m05/17/2026, 1:04:49 PM [32m    LOG[39m [38;5;3m[InstanceLoader] [39m[32mTypeOrmModule dependencies initialized[39m[38;5;3m +0ms[39m
[32m[Nest] 4028540  - [39m05/17/2026, 1:04:49 PM [32m    LOG[39m [38;5;3m[InstanceLoader] [39m[32mForecastModule dependencies initialized[39m[38;5;3m +1ms[39m
[32m[Nest] 4028540  - [39m05/17/2026, 1:04:49 PM [32m    LOG[39m [38;5;3m[InstanceLoader] [39m[32mUsersModule dependencies initialized[39m[38;5;3m +0ms[39m
[32m[Nest] 4028540  - [39m05/17/2026, 1:04:49 PM [32m    LOG[39m [38;5;3m[InstanceLoader] [39m[32mGoldModule dependencies initialized[39m[38;5;3m +1ms[39m
[32m[Nest] 4028540  - [39m05/17/2026, 1:04:49 PM [32m    LOG[39m [38;5;3m[InstanceLoader] [39m[32mAuthModule dependencies initialized[39m[38;5;3m +0ms[39m
[32m[Nest] 4028540  - [39m05/17/2026, 1:04:49 PM [32m    LOG[39m [38;5;3m[InstanceLoader] [39m[32mCategoriesModule dependencies initialized[39m[38;5;3m +1ms[39m
[32m[Nest] 4028540  - [39m05/17/2026, 1:04:49 PM [32m    LOG[39m [38;5;3m[InstanceLoader] [39m[32mLiabilitiesModule dependencies initialized[39m[38;5;3m +0ms[39m
[32m[Nest] 4028540  - [39m05/17/2026, 1:04:49 PM [32m    LOG[39m [38;5;3m[InstanceLoader] [39m[32mAssetsModule dependencies initialized[39m[38;5;3m +0ms[39m
[32m[Nest] 4028540  - [39m05/17/2026, 1:04:49 PM [32m    LOG[39m [38;5;3m[InstanceLoader] [39m[32mTransactionsModule dependencies initialized[39m[38;5;3m +0ms[39m
[32m[Nest] 4028540  - [39m05/17/2026, 1:04:49 PM [32m    LOG[39m [38;5;3m[RoutesResolver] [39m[32mAuthController {/auth}:[39m[38;5;3m +23ms[39m
[32m[Nest] 4028540  - [39m05/17/2026, 1:04:49 PM [32m    LOG[39m [38;5;3m[RouterExplorer] [39m[32mMapped {/auth/register, POST} route[39m[38;5;3m +4ms[39m
[32m[Nest] 4028540  - [39m05/17/2026, 1:04:49 PM [32m    LOG[39m [38;5;3m[RouterExplorer] [39m[32mMapped {/auth/login, POST} route[39m[38;5;3m +0ms[39m
[32m[Nest] 4028540  - [39m05/17/2026, 1:04:49 PM [32m    LOG[39m [38;5;3m[RouterExplorer] [39m[32mMapped {/auth/refresh, POST} route[39m[38;5;3m +1ms[39m
[32m[Nest] 4028540  - [39m05/17/2026, 1:04:49 PM [32m    LOG[39m [38;5;3m[RoutesResolver] [39m[32mCategoriesController {/categories}:[39m[38;5;3m +0ms[39m
[32m[Nest] 4028540  - [39m05/17/2026, 1:04:49 PM [32m    LOG[39m [38;5;3m[RouterExplorer] [39m[32mMapped {/categories, GET} route[39m[38;5;3m +1ms[39m
[32m[Nest] 4028540  - [39m05/17/2026, 1:04:49 PM [32m    LOG[39m [38;5;3m[RouterExplorer] [39m[32mMapped {/categories, POST} route[39m[38;5;3m +0ms[39m
[32m[Nest] 4028540  - [39m05/17/2026, 1:04:49 PM [32m    LOG[39m [38;5;3m[RouterExplorer] [39m[32mMapped {/categories/:id, PATCH} route[39m[38;5;3m +1ms[39m
[32m[Nest] 4028540  - [39m05/17/2026, 1:04:49 PM [32m    LOG[39m [38;5;3m[RouterExplorer] [39m[32mMapped {/categories/:id, DELETE} route[39m[38;5;3m +1ms[39m
[32m[Nest] 4028540  - [39m05/17/2026, 1:04:49 PM [32m    LOG[39m [38;5;3m[RoutesResolver] [39m[32mAssetsController {/assets}:[39m[38;5;3m +0ms[39m
[32m[Nest] 4028540  - [39m05/17/2026, 1:04:49 PM [32m    LOG[39m [38;5;3m[RouterExplorer] [39m[32mMapped {/assets, GET} route[39m[38;5;3m +0ms[39m
[32m[Nest] 4028540  - [39m05/17/2026, 1:04:49 PM [32m    LOG[39m [38;5;3m[RouterExplorer] [39m[32mMapped {/assets/summary, GET} route[39m[38;5;3m +1ms[39m
[32m[Nest] 4028540  - [39m05/17/2026, 1:04:49 PM [32m    LOG[39m [38;5;3m[RouterExplorer] [39m[32mMapped {/assets, POST} route[39m[38;5;3m +1ms[39m
[32m[Nest] 4028540  - [39m05/17/2026, 1:04:49 PM [32m    LOG[39m [38;5;3m[RouterExplorer] [39m[32mMapped {/assets/:id, GET} route[39m[38;5;3m +0ms[39m
[32m[Nest] 4028540  - [39m05/17/2026, 1:04:49 PM [32m    LOG[39m [38;5;3m[RouterExplorer] [39m[32mMapped {/assets/:id, PATCH} route[39m[38;5;3m +1ms[39m
[32m[Nest] 4028540  - [39m05/17/2026, 1:04:49 PM [32m    LOG[39m [38;5;3m[RouterExplorer] [39m[32mMapped {/assets/:id, DELETE} route[39m[38;5;3m +0ms[39m
[32m[Nest] 4028540  - [39m05/17/2026, 1:04:49 PM [32m    LOG[39m [38;5;3m[RoutesResolver] [39m[32mGoldController {/gold}:[39m[38;5;3m +0ms[39m
[32m[Nest] 4028540  - [39m05/17/2026, 1:04:49 PM [32m    LOG[39m [38;5;3m[RouterExplorer] [39m[32mMapped {/gold/price, GET} route[39m[38;5;3m +0ms[39m
[32m[Nest] 4028540  - [39m05/17/2026, 1:04:49 PM [32m    LOG[39m [38;5;3m[RouterExplorer] [39m[32mMapped {/gold/history, GET} route[39m[38;5;3m +0ms[39m
[32m[Nest] 4028540  - [39m05/17/2026, 1:04:49 PM [32m    LOG[39m [38;5;3m[RoutesResolver] [39m[32mLiabilitiesController {/liabilities}:[39m[38;5;3m +1ms[39m
[32m[Nest] 4028540  - [39m05/17/2026, 1:04:49 PM [32m    LOG[39m [38;5;3m[RouterExplorer] [39m[32mMapped {/liabilities, GET} route[39m[38;5;3m +0ms[39m
[32m[Nest] 4028540  - [39m05/17/2026, 1:04:49 PM [32m    LOG[39m [38;5;3m[RouterExplorer] [39m[32mMapped {/liabilities, POST} route[39m[38;5;3m +0ms[39m
[32m[Nest] 4028540  - [39m05/17/2026, 1:04:49 PM [32m    LOG[39m [38;5;3m[RouterExplorer] [39m[32mMapped {/liabilities/:id, GET} route[39m[38;5;3m +0ms[39m
[32m[Nest] 4028540  - [39m05/17/2026, 1:04:49 PM [32m    LOG[39m [38;5;3m[RouterExplorer] [39m[32mMapped {/liabilities/:id/schedule, GET} route[39m[38;5;3m +1ms[39m
[32m[Nest] 4028540  - [39m05/17/2026, 1:04:49 PM [32m    LOG[39m [38;5;3m[RouterExplorer] [39m[32mMapped {/liabilities/:id, PATCH} route[39m[38;5;3m +0ms[39m
[32m[Nest] 4028540  - [39m05/17/2026, 1:04:49 PM [32m    LOG[39m [38;5;3m[RouterExplorer] [39m[32mMapped {/liabilities/:id, DELETE} route[39m[38;5;3m +0ms[39m
[32m[Nest] 4028540  - [39m05/17/2026, 1:04:49 PM [32m    LOG[39m [38;5;3m[RoutesResolver] [39m[32mTransactionsController {/transactions}:[39m[38;5;3m +0ms[39m
[32m[Nest] 4028540  - [39m05/17/2026, 1:04:49 PM [32m    LOG[39m [38;5;3m[RouterExplorer] [39m[32mMapped {/transactions, GET} route[39m[38;5;3m +1ms[39m
[32m[Nest] 4028540  - [39m05/17/2026, 1:04:49 PM [32m    LOG[39m [38;5;3m[RouterExplorer] [39m[32mMapped {/transactions/summary, GET} route[39m[38;5;3m +0ms[39m
[32m[Nest] 4028540  - [39m05/17/2026, 1:04:49 PM [32m    LOG[39m [38;5;3m[RouterExplorer] [39m[32mMapped {/transactions, POST} route[39m[38;5;3m +0ms[39m
[32m[Nest] 4028540  - [39m05/17/2026, 1:04:49 PM [32m    LOG[39m [38;5;3m[RouterExplorer] [39m[32mMapped {/transactions/:id, GET} route[39m[38;5;3m +0ms[39m
[32m[Nest] 4028540  - [39m05/17/2026, 1:04:49 PM [32m    LOG[39m [38;5;3m[RouterExplorer] [39m[32mMapped {/transactions/:id, PATCH} route[39m[38;5;3m +1ms[39m
[32m[Nest] 4028540  - [39m05/17/2026, 1:04:49 PM [32m    LOG[39m [38;5;3m[RouterExplorer] [39m[32mMapped {/transactions/:id, DELETE} route[39m[38;5;3m +0ms[39m
[32m[Nest] 4028540  - [39m05/17/2026, 1:04:49 PM [32m    LOG[39m [38;5;3m[RoutesResolver] [39m[32mForecastController {/forecast}:[39m[38;5;3m +0ms[39m
[32m[Nest] 4028540  - [39m05/17/2026, 1:04:49 PM [32m    LOG[39m [38;5;3m[RouterExplorer] [39m[32mMapped {/forecast/wacr, GET} route[39m[38;5;3m +0ms[39m
[32m[Nest] 4028540  - [39m05/17/2026, 1:04:49 PM [32m    LOG[39m [38;5;3m[RouterExplorer] [39m[32mMapped {/forecast/cashflow, POST} route[39m[38;5;3m +0ms[39m
[32m[Nest] 4028540  - [39m05/17/2026, 1:04:49 PM [32m    LOG[39m [38;5;3m[NestApplication] [39m[32mNest application successfully started[39m[38;5;3m +27ms[39m
[[90m1:04:53 PM[0m] Found 0 errors. Watching for file changes.

[32m[Nest] 4028608  - [39m05/17/2026, 1:04:54 PM [32m    LOG[39m [38;5;3m[NestFactory] [39m[32mStarting Nest application...[39m
[32m[Nest] 4028608  - [39m05/17/2026, 1:04:54 PM [32m    LOG[39m [38;5;3m[InstanceLoader] [39m[32mAppModule dependencies initialized[39m[38;5;3m +37ms[39m
[32m[Nest] 4028608  - [39m05/17/2026, 1:04:54 PM [32m    LOG[39m [38;5;3m[InstanceLoader] [39m[32mTypeOrmModule dependencies initialized[39m[38;5;3m +0ms[39m
[32m[Nest] 4028608  - [39m05/17/2026, 1:04:54 PM [32m    LOG[39m [38;5;3m[InstanceLoader] [39m[32mPassportModule dependencies initialized[39m[38;5;3m +0ms[39m
[32m[Nest] 4028608  - [39m05/17/2026, 1:04:54 PM [32m    LOG[39m [38;5;3m[InstanceLoader] [39m[32mConfigHostModule dependencies initialized[39m[38;5;3m +1ms[39m
[32m[Nest] 4028608  - [39m05/17/2026, 1:04:54 PM [32m    LOG[39m [38;5;3m[InstanceLoader] [39m[32mJwtModule dependencies initialized[39m[38;5;3m +1ms[39m
[32m[Nest] 4028608  - [39m05/17/2026, 1:04:54 PM [32m    LOG[39m [38;5;3m[InstanceLoader] [39m[32mDiscoveryModule dependencies initialized[39m[38;5;3m +0ms[39m
[32m[Nest] 4028608  - [39m05/17/2026, 1:04:54 PM [32m    LOG[39m [38;5;3m[InstanceLoader] [39m[32mConfigModule dependencies initialized[39m[38;5;3m +64ms[39m
[32m[Nest] 4028608  - [39m05/17/2026, 1:04:54 PM [32m    LOG[39m [38;5;3m[InstanceLoader] [39m[32mConfigModule dependencies initialized[39m[38;5;3m +0ms[39m
[32m[Nest] 4028608  - [39m05/17/2026, 1:04:54 PM [32m    LOG[39m [38;5;3m[InstanceLoader] [39m[32mScheduleModule dependencies initialized[39m[38;5;3m +0ms[39m
[32m[Nest] 4028608  - [39m05/17/2026, 1:04:54 PM [32m    LOG[39m [38;5;3m[InstanceLoader] [39m[32mEncryptionModule dependencies initialized[39m[38;5;3m +11ms[39m
[32m[Nest] 4028608  - [39m05/17/2026, 1:04:54 PM [32m    LOG[39m [38;5;3m[InstanceLoader] [39m[32mStockModule dependencies initialized[39m[38;5;3m +0ms[39m
[32m[Nest] 4028608  - [39m05/17/2026, 1:04:54 PM [32m    LOG[39m [38;5;3m[InstanceLoader] [39m[32mThrottlerModule dependencies initialized[39m[38;5;3m +0ms[39m
[31m[Nest] 4028608  - [39m05/17/2026, 1:04:54 PM [31m  ERROR[39m [38;5;3m[TypeOrmModule] [39m[31mUnable to connect to the database. Retrying (1)...[39m
DataTypeNotSupportedError: Data type "Object" in "Asset.stockCode" is not supported by "sqlite" database.
    at <anonymous> (/home/kyrie/workspace/elevate-life/backend/node_modules/typeorm/metadata-builder/src/metadata-builder/EntityMetadataValidator.ts:133:31)
    at Array.forEach (<anonymous>)
    at EntityMetadataValidator.validate (/home/kyrie/workspace/elevate-life/backend/node_modules/typeorm/metadata-builder/src/metadata-builder/EntityMetadataValidator.ts:128:18)
    at <anonymous> (/home/kyrie/workspace/elevate-life/backend/node_modules/typeorm/metadata-builder/src/metadata-builder/EntityMetadataValidator.ts:43:18)
    at Array.forEach (<anonymous>)
    at EntityMetadataValidator.validateMany (/home/kyrie/workspace/elevate-life/backend/node_modules/typeorm/metadata-builder/src/metadata-builder/EntityMetadataValidator.ts:42:25)
    at DataSource.buildMetadatas (/home/kyrie/workspace/elevate-life/backend/node_modules/typeorm/data-source/src/data-source/DataSource.ts:753:33)
    at async DataSource.initialize (/home/kyrie/workspace/elevate-life/backend/node_modules/typeorm/data-source/src/data-source/DataSource.ts:264:13)
[31m[Nest] 4028608  - [39m05/17/2026, 1:04:57 PM [31m  ERROR[39m [38;5;3m[TypeOrmModule] [39m[31mUnable to connect to the database. Retrying (2)...[39m
DataTypeNotSupportedError: Data type "Object" in "Asset.stockCode" is not supported by "sqlite" database.
    at <anonymous> (/home/kyrie/workspace/elevate-life/backend/node_modules/typeorm/metadata-builder/src/metadata-builder/EntityMetadataValidator.ts:133:31)
    at Array.forEach (<anonymous>)
    at EntityMetadataValidator.validate (/home/kyrie/workspace/elevate-life/backend/node_modules/typeorm/metadata-builder/src/metadata-builder/EntityMetadataValidator.ts:128:18)
    at <anonymous> (/home/kyrie/workspace/elevate-life/backend/node_modules/typeorm/metadata-builder/src/metadata-builder/EntityMetadataValidator.ts:43:18)
    at Array.forEach (<anonymous>)
    at EntityMetadataValidator.validateMany (/home/kyrie/workspace/elevate-life/backend/node_modules/typeorm/metadata-builder/src/metadata-builder/EntityMetadataValidator.ts:42:25)
    at DataSource.buildMetadatas (/home/kyrie/workspace/elevate-life/backend/node_modules/typeorm/data-source/src/data-source/DataSource.ts:753:33)
    at async DataSource.initialize (/home/kyrie/workspace/elevate-life/backend/node_modules/typeorm/data-source/src/data-source/DataSource.ts:264:13)
[31m[Nest] 4028608  - [39m05/17/2026, 1:05:00 PM [31m  ERROR[39m [38;5;3m[TypeOrmModule] [39m[31mUnable to connect to the database. Retrying (3)...[39m
DataTypeNotSupportedError: Data type "Object" in "Asset.stockCode" is not supported by "sqlite" database.
    at <anonymous> (/home/kyrie/workspace/elevate-life/backend/node_modules/typeorm/metadata-builder/src/metadata-builder/EntityMetadataValidator.ts:133:31)
    at Array.forEach (<anonymous>)
    at EntityMetadataValidator.validate (/home/kyrie/workspace/elevate-life/backend/node_modules/typeorm/metadata-builder/src/metadata-builder/EntityMetadataValidator.ts:128:18)
    at <anonymous> (/home/kyrie/workspace/elevate-life/backend/node_modules/typeorm/metadata-builder/src/metadata-builder/EntityMetadataValidator.ts:43:18)
    at Array.forEach (<anonymous>)
    at EntityMetadataValidator.validateMany (/home/kyrie/workspace/elevate-life/backend/node_modules/typeorm/metadata-builder/src/metadata-builder/EntityMetadataValidator.ts:42:25)
    at DataSource.buildMetadatas (/home/kyrie/workspace/elevate-life/backend/node_modules/typeorm/data-source/src/data-source/DataSource.ts:753:33)
    at async DataSource.initialize (/home/kyrie/workspace/elevate-life/backend/node_modules/typeorm/data-source/src/data-source/DataSource.ts:264:13)
[31m[Nest] 4028608  - [39m05/17/2026, 1:05:03 PM [31m  ERROR[39m [38;5;3m[TypeOrmModule] [39m[31mUnable to connect to the database. Retrying (4)...[39m
DataTypeNotSupportedError: Data type "Object" in "Asset.stockCode" is not supported by "sqlite" database.
    at <anonymous> (/home/kyrie/workspace/elevate-life/backend/node_modules/typeorm/metadata-builder/src/metadata-builder/EntityMetadataValidator.ts:133:31)
    at Array.forEach (<anonymous>)
    at EntityMetadataValidator.validate (/home/kyrie/workspace/elevate-life/backend/node_modules/typeorm/metadata-builder/src/metadata-builder/EntityMetadataValidator.ts:128:18)
    at <anonymous> (/home/kyrie/workspace/elevate-life/backend/node_modules/typeorm/metadata-builder/src/metadata-builder/EntityMetadataValidator.ts:43:18)
    at Array.forEach (<anonymous>)
    at EntityMetadataValidator.validateMany (/home/kyrie/workspace/elevate-life/backend/node_modules/typeorm/metadata-builder/src/metadata-builder/EntityMetadataValidator.ts:42:25)
    at DataSource.buildMetadatas (/home/kyrie/workspace/elevate-life/backend/node_modules/typeorm/data-source/src/data-source/DataSource.ts:753:33)
    at async DataSource.initialize (/home/kyrie/workspace/elevate-life/backend/node_modules/typeorm/data-source/src/data-source/DataSource.ts:264:13)
[31m[Nest] 4028608  - [39m05/17/2026, 1:05:06 PM [31m  ERROR[39m [38;5;3m[TypeOrmModule] [39m[31mUnable to connect to the database. Retrying (5)...[39m
DataTypeNotSupportedError: Data type "Object" in "Asset.stockCode" is not supported by "sqlite" database.
    at <anonymous> (/home/kyrie/workspace/elevate-life/backend/node_modules/typeorm/metadata-builder/src/metadata-builder/EntityMetadataValidator.ts:133:31)
    at Array.forEach (<anonymous>)
    at EntityMetadataValidator.validate (/home/kyrie/workspace/elevate-life/backend/node_modules/typeorm/metadata-builder/src/metadata-builder/EntityMetadataValidator.ts:128:18)
    at <anonymous> (/home/kyrie/workspace/elevate-life/backend/node_modules/typeorm/metadata-builder/src/metadata-builder/EntityMetadataValidator.ts:43:18)
    at Array.forEach (<anonymous>)
    at EntityMetadataValidator.validateMany (/home/kyrie/workspace/elevate-life/backend/node_modules/typeorm/metadata-builder/src/metadata-builder/EntityMetadataValidator.ts:42:25)
    at DataSource.buildMetadatas (/home/kyrie/workspace/elevate-life/backend/node_modules/typeorm/data-source/src/data-source/DataSource.ts:753:33)
    at async DataSource.initialize (/home/kyrie/workspace/elevate-life/backend/node_modules/typeorm/data-source/src/data-source/DataSource.ts:264:13)
[31m[Nest] 4028608  - [39m05/17/2026, 1:05:09 PM [31m  ERROR[39m [38;5;3m[TypeOrmModule] [39m[31mUnable to connect to the database. Retrying (6)...[39m
DataTypeNotSupportedError: Data type "Object" in "Asset.stockCode" is not supported by "sqlite" database.
    at <anonymous> (/home/kyrie/workspace/elevate-life/backend/node_modules/typeorm/metadata-builder/src/metadata-builder/EntityMetadataValidator.ts:133:31)
    at Array.forEach (<anonymous>)
    at EntityMetadataValidator.validate (/home/kyrie/workspace/elevate-life/backend/node_modules/typeorm/metadata-builder/src/metadata-builder/EntityMetadataValidator.ts:128:18)
    at <anonymous> (/home/kyrie/workspace/elevate-life/backend/node_modules/typeorm/metadata-builder/src/metadata-builder/EntityMetadataValidator.ts:43:18)
    at Array.forEach (<anonymous>)
    at EntityMetadataValidator.validateMany (/home/kyrie/workspace/elevate-life/backend/node_modules/typeorm/metadata-builder/src/metadata-builder/EntityMetadataValidator.ts:42:25)
    at DataSource.buildMetadatas (/home/kyrie/workspace/elevate-life/backend/node_modules/typeorm/data-source/src/data-source/DataSource.ts:753:33)
    at async DataSource.initialize (/home/kyrie/workspace/elevate-life/backend/node_modules/typeorm/data-source/src/data-source/DataSource.ts:264:13)
[31m[Nest] 4028608  - [39m05/17/2026, 1:05:12 PM [31m  ERROR[39m [38;5;3m[TypeOrmModule] [39m[31mUnable to connect to the database. Retrying (7)...[39m
DataTypeNotSupportedError: Data type "Object" in "Asset.stockCode" is not supported by "sqlite" database.
    at <anonymous> (/home/kyrie/workspace/elevate-life/backend/node_modules/typeorm/metadata-builder/src/metadata-builder/EntityMetadataValidator.ts:133:31)
    at Array.forEach (<anonymous>)
    at EntityMetadataValidator.validate (/home/kyrie/workspace/elevate-life/backend/node_modules/typeorm/metadata-builder/src/metadata-builder/EntityMetadataValidator.ts:128:18)
    at <anonymous> (/home/kyrie/workspace/elevate-life/backend/node_modules/typeorm/metadata-builder/src/metadata-builder/EntityMetadataValidator.ts:43:18)
    at Array.forEach (<anonymous>)
    at EntityMetadataValidator.validateMany (/home/kyrie/workspace/elevate-life/backend/node_modules/typeorm/metadata-builder/src/metadata-builder/EntityMetadataValidator.ts:42:25)
    at DataSource.buildMetadatas (/home/kyrie/workspace/elevate-life/backend/node_modules/typeorm/data-source/src/data-source/DataSource.ts:753:33)
    at async DataSource.initialize (/home/kyrie/workspace/elevate-life/backend/node_modules/typeorm/data-source/src/data-source/DataSource.ts:264:13)
[31m[Nest] 4028608  - [39m05/17/2026, 1:05:15 PM [31m  ERROR[39m [38;5;3m[TypeOrmModule] [39m[31mUnable to connect to the database. Retrying (8)...[39m
DataTypeNotSupportedError: Data type "Object" in "Asset.stockCode" is not supported by "sqlite" database.
    at <anonymous> (/home/kyrie/workspace/elevate-life/backend/node_modules/typeorm/metadata-builder/src/metadata-builder/EntityMetadataValidator.ts:133:31)
    at Array.forEach (<anonymous>)
    at EntityMetadataValidator.validate (/home/kyrie/workspace/elevate-life/backend/node_modules/typeorm/metadata-builder/src/metadata-builder/EntityMetadataValidator.ts:128:18)
    at <anonymous> (/home/kyrie/workspace/elevate-life/backend/node_modules/typeorm/metadata-builder/src/metadata-builder/EntityMetadataValidator.ts:43:18)
    at Array.forEach (<anonymous>)
    at EntityMetadataValidator.validateMany (/home/kyrie/workspace/elevate-life/backend/node_modules/typeorm/metadata-builder/src/metadata-builder/EntityMetadataValidator.ts:42:25)
    at DataSource.buildMetadatas (/home/kyrie/workspace/elevate-life/backend/node_modules/typeorm/data-source/src/data-source/DataSource.ts:753:33)
    at async DataSource.initialize (/home/kyrie/workspace/elevate-life/backend/node_modules/typeorm/data-source/src/data-source/DataSource.ts:264:13)
[31m[Nest] 4028608  - [39m05/17/2026, 1:05:18 PM [31m  ERROR[39m [38;5;3m[TypeOrmModule] [39m[31mUnable to connect to the database. Retrying (9)...[39m
DataTypeNotSupportedError: Data type "Object" in "Asset.stockCode" is not supported by "sqlite" database.
    at <anonymous> (/home/kyrie/workspace/elevate-life/backend/node_modules/typeorm/metadata-builder/src/metadata-builder/EntityMetadataValidator.ts:133:31)
    at Array.forEach (<anonymous>)
    at EntityMetadataValidator.validate (/home/kyrie/workspace/elevate-life/backend/node_modules/typeorm/metadata-builder/src/metadata-builder/EntityMetadataValidator.ts:128:18)
    at <anonymous> (/home/kyrie/workspace/elevate-life/backend/node_modules/typeorm/metadata-builder/src/metadata-builder/EntityMetadataValidator.ts:43:18)
    at Array.forEach (<anonymous>)
    at EntityMetadataValidator.validateMany (/home/kyrie/workspace/elevate-life/backend/node_modules/typeorm/metadata-builder/src/metadata-builder/EntityMetadataValidator.ts:42:25)
    at DataSource.buildMetadatas (/home/kyrie/workspace/elevate-life/backend/node_modules/typeorm/data-source/src/data-source/DataSource.ts:753:33)
    at async DataSource.initialize (/home/kyrie/workspace/elevate-life/backend/node_modules/typeorm/data-source/src/data-source/DataSource.ts:264:13)
[31m[Nest] 4028608  - [39m05/17/2026, 1:05:18 PM [31m  ERROR[39m [38;5;3m[ExceptionHandler] [39mDataTypeNotSupportedError: Data type "Object" in "Asset.stockCode" is not supported by "sqlite" database.
    at <anonymous> [90m(/home/kyrie/workspace/elevate-life/backend/[39mnode_modules/[4mtypeorm[24m/metadata-builder/src/metadata-builder/EntityMetadataValidator.ts:133:31[90m)[39m
    at Array.forEach (<anonymous>)
    at EntityMetadataValidator.validate [90m(/home/kyrie/workspace/elevate-life/backend/[39mnode_modules/[4mtypeorm[24m/metadata-builder/src/metadata-builder/EntityMetadataValidator.ts:128:18[90m)[39m
    at <anonymous> [90m(/home/kyrie/workspace/elevate-life/backend/[39mnode_modules/[4mtypeorm[24m/metadata-builder/src/metadata-builder/EntityMetadataValidator.ts:43:18[90m)[39m
    at Array.forEach (<anonymous>)
    at EntityMetadataValidator.validateMany [90m(/home/kyrie/workspace/elevate-life/backend/[39mnode_modules/[4mtypeorm[24m/metadata-builder/src/metadata-builder/EntityMetadataValidator.ts:42:25[90m)[39m
    at DataSource.buildMetadatas [90m(/home/kyrie/workspace/elevate-life/backend/[39mnode_modules/[4mtypeorm[24m/data-source/src/data-source/DataSource.ts:753:33[90m)[39m
    at async DataSource.initialize [90m(/home/kyrie/workspace/elevate-life/backend/[39mnode_modules/[4mtypeorm[24m/data-source/src/data-source/DataSource.ts:264:13[90m)[39m
[2J[3J[H[[90m1:09:54 PM[0m] File change detected. Starting incremental compilation...

[2J[3J[H[[90m1:09:54 PM[0m] File change detected. Starting incremental compilation...

[[90m1:09:54 PM[0m] Found 0 errors. Watching for file changes.

[[90m1:09:54 PM[0m] Found 0 errors. Watching for file changes.

[32m[Nest] 4029054  - [39m05/17/2026, 1:09:55 PM [32m    LOG[39m [38;5;3m[NestFactory] [39m[32mStarting Nest application...[39m
[32m[Nest] 4029054  - [39m05/17/2026, 1:09:55 PM [32m    LOG[39m [38;5;3m[InstanceLoader] [39m[32mAppModule dependencies initialized[39m[38;5;3m +53ms[39m
[32m[Nest] 4029054  - [39m05/17/2026, 1:09:55 PM [32m    LOG[39m [38;5;3m[InstanceLoader] [39m[32mTypeOrmModule dependencies initialized[39m[38;5;3m +0ms[39m
[32m[Nest] 4029054  - [39m05/17/2026, 1:09:55 PM [32m    LOG[39m [38;5;3m[InstanceLoader] [39m[32mPassportModule dependencies initialized[39m[38;5;3m +1ms[39m
[32m[Nest] 4029054  - [39m05/17/2026, 1:09:55 PM [32m    LOG[39m [38;5;3m[InstanceLoader] [39m[32mConfigHostModule dependencies initialized[39m[38;5;3m +1ms[39m
[32m[Nest] 4029054  - [39m05/17/2026, 1:09:55 PM [32m    LOG[39m [38;5;3m[InstanceLoader] [39m[32mJwtModule dependencies initialized[39m[38;5;3m +0ms[39m
[32m[Nest] 4029054  - [39m05/17/2026, 1:09:55 PM [32m    LOG[39m [38;5;3m[InstanceLoader] [39m[32mDiscoveryModule dependencies initialized[39m[38;5;3m +0ms[39m
[32m[Nest] 4029061  - [39m05/17/2026, 1:09:55 PM [32m    LOG[39m [38;5;3m[NestFactory] [39m[32mStarting Nest application...[39m
[32m[Nest] 4029054  - [39m05/17/2026, 1:09:55 PM [32m    LOG[39m [38;5;3m[InstanceLoader] [39m[32mConfigModule dependencies initialized[39m[38;5;3m +66ms[39m
[32m[Nest] 4029054  - [39m05/17/2026, 1:09:55 PM [32m    LOG[39m [38;5;3m[InstanceLoader] [39m[32mConfigModule dependencies initialized[39m[38;5;3m +0ms[39m
[32m[Nest] 4029054  - [39m05/17/2026, 1:09:55 PM [32m    LOG[39m [38;5;3m[InstanceLoader] [39m[32mScheduleModule dependencies initialized[39m[38;5;3m +1ms[39m
[32m[Nest] 4029054  - [39m05/17/2026, 1:09:55 PM [32m    LOG[39m [38;5;3m[InstanceLoader] [39m[32mEncryptionModule dependencies initialized[39m[38;5;3m +14ms[39m
[32m[Nest] 4029054  - [39m05/17/2026, 1:09:55 PM [32m    LOG[39m [38;5;3m[InstanceLoader] [39m[32mStockModule dependencies initialized[39m[38;5;3m +0ms[39m
[32m[Nest] 4029054  - [39m05/17/2026, 1:09:55 PM [32m    LOG[39m [38;5;3m[InstanceLoader] [39m[32mThrottlerModule dependencies initialized[39m[38;5;3m +1ms[39m
[32m[Nest] 4029061  - [39m05/17/2026, 1:09:55 PM [32m    LOG[39m [38;5;3m[InstanceLoader] [39m[32mAppModule dependencies initialized[39m[38;5;3m +27ms[39m
[32m[Nest] 4029061  - [39m05/17/2026, 1:09:55 PM [32m    LOG[39m [38;5;3m[InstanceLoader] [39m[32mTypeOrmModule dependencies initialized[39m[38;5;3m +0ms[39m
[32m[Nest] 4029061  - [39m05/17/2026, 1:09:55 PM [32m    LOG[39m [38;5;3m[InstanceLoader] [39m[32mPassportModule dependencies initialized[39m[38;5;3m +0ms[39m
[32m[Nest] 4029061  - [39m05/17/2026, 1:09:55 PM [32m    LOG[39m [38;5;3m[InstanceLoader] [39m[32mConfigHostModule dependencies initialized[39m[38;5;3m +1ms[39m
[32m[Nest] 4029061  - [39m05/17/2026, 1:09:55 PM [32m    LOG[39m [38;5;3m[InstanceLoader] [39m[32mJwtModule dependencies initialized[39m[38;5;3m +0ms[39m
[32m[Nest] 4029061  - [39m05/17/2026, 1:09:55 PM [32m    LOG[39m [38;5;3m[InstanceLoader] [39m[32mDiscoveryModule dependencies initialized[39m[38;5;3m +0ms[39m
[32m[Nest] 4029061  - [39m05/17/2026, 1:09:55 PM [32m    LOG[39m [38;5;3m[InstanceLoader] [39m[32mConfigModule dependencies initialized[39m[38;5;3m +65ms[39m
[32m[Nest] 4029061  - [39m05/17/2026, 1:09:55 PM [32m    LOG[39m [38;5;3m[InstanceLoader] [39m[32mConfigModule dependencies initialized[39m[38;5;3m +0ms[39m
[32m[Nest] 4029061  - [39m05/17/2026, 1:09:55 PM [32m    LOG[39m [38;5;3m[InstanceLoader] [39m[32mScheduleModule dependencies initialized[39m[38;5;3m +1ms[39m
[31m[Nest] 4029054  - [39m05/17/2026, 1:09:55 PM [31m  ERROR[39m [38;5;3m[TypeOrmModule] [39m[31mUnable to connect to the database. Retrying (1)...[39m
DataTypeNotSupportedError: Data type "Object" in "Asset.stockCode" is not supported by "sqlite" database.
    at <anonymous> (/home/kyrie/workspace/elevate-life/backend/node_modules/typeorm/metadata-builder/src/metadata-builder/EntityMetadataValidator.ts:133:31)
    at Array.forEach (<anonymous>)
    at EntityMetadataValidator.validate (/home/kyrie/workspace/elevate-life/backend/node_modules/typeorm/metadata-builder/src/metadata-builder/EntityMetadataValidator.ts:128:18)
    at <anonymous> (/home/kyrie/workspace/elevate-life/backend/node_modules/typeorm/metadata-builder/src/metadata-builder/EntityMetadataValidator.ts:43:18)
    at Array.forEach (<anonymous>)
    at EntityMetadataValidator.validateMany (/home/kyrie/workspace/elevate-life/backend/node_modules/typeorm/metadata-builder/src/metadata-builder/EntityMetadataValidator.ts:42:25)
    at DataSource.buildMetadatas (/home/kyrie/workspace/elevate-life/backend/node_modules/typeorm/data-source/src/data-source/DataSource.ts:753:33)
    at async DataSource.initialize (/home/kyrie/workspace/elevate-life/backend/node_modules/typeorm/data-source/src/data-source/DataSource.ts:264:13)
[32m[Nest] 4029061  - [39m05/17/2026, 1:09:55 PM [32m    LOG[39m [38;5;3m[InstanceLoader] [39m[32mEncryptionModule dependencies initialized[39m[38;5;3m +14ms[39m
[32m[Nest] 4029061  - [39m05/17/2026, 1:09:55 PM [32m    LOG[39m [38;5;3m[InstanceLoader] [39m[32mStockModule dependencies initialized[39m[38;5;3m +0ms[39m
[32m[Nest] 4029061  - [39m05/17/2026, 1:09:55 PM [32m    LOG[39m [38;5;3m[InstanceLoader] [39m[32mThrottlerModule dependencies initialized[39m[38;5;3m +1ms[39m
[31m[Nest] 4029061  - [39m05/17/2026, 1:09:55 PM [31m  ERROR[39m [38;5;3m[TypeOrmModule] [39m[31mUnable to connect to the database. Retrying (1)...[39m
DataTypeNotSupportedError: Data type "Object" in "Asset.stockCode" is not supported by "sqlite" database.
    at <anonymous> (/home/kyrie/workspace/elevate-life/backend/node_modules/typeorm/metadata-builder/src/metadata-builder/EntityMetadataValidator.ts:133:31)
    at Array.forEach (<anonymous>)
    at EntityMetadataValidator.validate (/home/kyrie/workspace/elevate-life/backend/node_modules/typeorm/metadata-builder/src/metadata-builder/EntityMetadataValidator.ts:128:18)
    at <anonymous> (/home/kyrie/workspace/elevate-life/backend/node_modules/typeorm/metadata-builder/src/metadata-builder/EntityMetadataValidator.ts:43:18)
    at Array.forEach (<anonymous>)
    at EntityMetadataValidator.validateMany (/home/kyrie/workspace/elevate-life/backend/node_modules/typeorm/metadata-builder/src/metadata-builder/EntityMetadataValidator.ts:42:25)
    at DataSource.buildMetadatas (/home/kyrie/workspace/elevate-life/backend/node_modules/typeorm/data-source/src/data-source/DataSource.ts:753:33)
    at async DataSource.initialize (/home/kyrie/workspace/elevate-life/backend/node_modules/typeorm/data-source/src/data-source/DataSource.ts:264:13)
[31m[Nest] 4029054  - [39m05/17/2026, 1:09:58 PM [31m  ERROR[39m [38;5;3m[TypeOrmModule] [39m[31mUnable to connect to the database. Retrying (2)...[39m
DataTypeNotSupportedError: Data type "Object" in "Asset.stockCode" is not supported by "sqlite" database.
    at <anonymous> (/home/kyrie/workspace/elevate-life/backend/node_modules/typeorm/metadata-builder/src/metadata-builder/EntityMetadataValidator.ts:133:31)
    at Array.forEach (<anonymous>)
    at EntityMetadataValidator.validate (/home/kyrie/workspace/elevate-life/backend/node_modules/typeorm/metadata-builder/src/metadata-builder/EntityMetadataValidator.ts:128:18)
    at <anonymous> (/home/kyrie/workspace/elevate-life/backend/node_modules/typeorm/metadata-builder/src/metadata-builder/EntityMetadataValidator.ts:43:18)
    at Array.forEach (<anonymous>)
    at EntityMetadataValidator.validateMany (/home/kyrie/workspace/elevate-life/backend/node_modules/typeorm/metadata-builder/src/metadata-builder/EntityMetadataValidator.ts:42:25)
    at DataSource.buildMetadatas (/home/kyrie/workspace/elevate-life/backend/node_modules/typeorm/data-source/src/data-source/DataSource.ts:753:33)
    at async DataSource.initialize (/home/kyrie/workspace/elevate-life/backend/node_modules/typeorm/data-source/src/data-source/DataSource.ts:264:13)
[31m[Nest] 4029061  - [39m05/17/2026, 1:09:58 PM [31m  ERROR[39m [38;5;3m[TypeOrmModule] [39m[31mUnable to connect to the database. Retrying (2)...[39m
DataTypeNotSupportedError: Data type "Object" in "Asset.stockCode" is not supported by "sqlite" database.
    at <anonymous> (/home/kyrie/workspace/elevate-life/backend/node_modules/typeorm/metadata-builder/src/metadata-builder/EntityMetadataValidator.ts:133:31)
    at Array.forEach (<anonymous>)
    at EntityMetadataValidator.validate (/home/kyrie/workspace/elevate-life/backend/node_modules/typeorm/metadata-builder/src/metadata-builder/EntityMetadataValidator.ts:128:18)
    at <anonymous> (/home/kyrie/workspace/elevate-life/backend/node_modules/typeorm/metadata-builder/src/metadata-builder/EntityMetadataValidator.ts:43:18)
    at Array.forEach (<anonymous>)
    at EntityMetadataValidator.validateMany (/home/kyrie/workspace/elevate-life/backend/node_modules/typeorm/metadata-builder/src/metadata-builder/EntityMetadataValidator.ts:42:25)
    at DataSource.buildMetadatas (/home/kyrie/workspace/elevate-life/backend/node_modules/typeorm/data-source/src/data-source/DataSource.ts:753:33)
    at async DataSource.initialize (/home/kyrie/workspace/elevate-life/backend/node_modules/typeorm/data-source/src/data-source/DataSource.ts:264:13)
[31m[Nest] 4029054  - [39m05/17/2026, 1:10:01 PM [31m  ERROR[39m [38;5;3m[TypeOrmModule] [39m[31mUnable to connect to the database. Retrying (3)...[39m
DataTypeNotSupportedError: Data type "Object" in "Asset.stockCode" is not supported by "sqlite" database.
    at <anonymous> (/home/kyrie/workspace/elevate-life/backend/node_modules/typeorm/metadata-builder/src/metadata-builder/EntityMetadataValidator.ts:133:31)
    at Array.forEach (<anonymous>)
    at EntityMetadataValidator.validate (/home/kyrie/workspace/elevate-life/backend/node_modules/typeorm/metadata-builder/src/metadata-builder/EntityMetadataValidator.ts:128:18)
    at <anonymous> (/home/kyrie/workspace/elevate-life/backend/node_modules/typeorm/metadata-builder/src/metadata-builder/EntityMetadataValidator.ts:43:18)
    at Array.forEach (<anonymous>)
    at EntityMetadataValidator.validateMany (/home/kyrie/workspace/elevate-life/backend/node_modules/typeorm/metadata-builder/src/metadata-builder/EntityMetadataValidator.ts:42:25)
    at DataSource.buildMetadatas (/home/kyrie/workspace/elevate-life/backend/node_modules/typeorm/data-source/src/data-source/DataSource.ts:753:33)
    at async DataSource.initialize (/home/kyrie/workspace/elevate-life/backend/node_modules/typeorm/data-source/src/data-source/DataSource.ts:264:13)
[31m[Nest] 4029061  - [39m05/17/2026, 1:10:01 PM [31m  ERROR[39m [38;5;3m[TypeOrmModule] [39m[31mUnable to connect to the database. Retrying (3)...[39m
DataTypeNotSupportedError: Data type "Object" in "Asset.stockCode" is not supported by "sqlite" database.
    at <anonymous> (/home/kyrie/workspace/elevate-life/backend/node_modules/typeorm/metadata-builder/src/metadata-builder/EntityMetadataValidator.ts:133:31)
    at Array.forEach (<anonymous>)
    at EntityMetadataValidator.validate (/home/kyrie/workspace/elevate-life/backend/node_modules/typeorm/metadata-builder/src/metadata-builder/EntityMetadataValidator.ts:128:18)
    at <anonymous> (/home/kyrie/workspace/elevate-life/backend/node_modules/typeorm/metadata-builder/src/metadata-builder/EntityMetadataValidator.ts:43:18)
    at Array.forEach (<anonymous>)
    at EntityMetadataValidator.validateMany (/home/kyrie/workspace/elevate-life/backend/node_modules/typeorm/metadata-builder/src/metadata-builder/EntityMetadataValidator.ts:42:25)
    at DataSource.buildMetadatas (/home/kyrie/workspace/elevate-life/backend/node_modules/typeorm/data-source/src/data-source/DataSource.ts:753:33)
    at async DataSource.initialize (/home/kyrie/workspace/elevate-life/backend/node_modules/typeorm/data-source/src/data-source/DataSource.ts:264:13)

> backend@0.0.1 start:dev
> nest start --watch

[2J[3J[H[[90m1:10:03 PM[0m] Starting compilation in watch mode...

[32m[Nest] 4029054  - [39m05/17/2026, 1:10:04 PM [32m    LOG[39m [38;5;3m[InstanceLoader] [39m[32mTypeOrmCoreModule dependencies initialized[39m[38;5;3m +3020ms[39m
[32m[Nest] 4029054  - [39m05/17/2026, 1:10:04 PM [32m    LOG[39m [38;5;3m[InstanceLoader] [39m[32mTypeOrmModule dependencies initialized[39m[38;5;3m +0ms[39m
[32m[Nest] 4029054  - [39m05/17/2026, 1:10:04 PM [32m    LOG[39m [38;5;3m[InstanceLoader] [39m[32mTypeOrmModule dependencies initialized[39m[38;5;3m +0ms[39m
[32m[Nest] 4029054  - [39m05/17/2026, 1:10:04 PM [32m    LOG[39m [38;5;3m[InstanceLoader] [39m[32mTypeOrmModule dependencies initialized[39m[38;5;3m +1ms[39m
[32m[Nest] 4029054  - [39m05/17/2026, 1:10:04 PM [32m    LOG[39m [38;5;3m[InstanceLoader] [39m[32mTypeOrmModule dependencies initialized[39m[38;5;3m +0ms[39m
[32m[Nest] 4029054  - [39m05/17/2026, 1:10:04 PM [32m    LOG[39m [38;5;3m[InstanceLoader] [39m[32mTypeOrmModule dependencies initialized[39m[38;5;3m +0ms[39m
[32m[Nest] 4029054  - [39m05/17/2026, 1:10:04 PM [32m    LOG[39m [38;5;3m[InstanceLoader] [39m[32mTypeOrmModule dependencies initialized[39m[38;5;3m +0ms[39m
[32m[Nest] 4029054  - [39m05/17/2026, 1:10:04 PM [32m    LOG[39m [38;5;3m[InstanceLoader] [39m[32mTypeOrmModule dependencies initialized[39m[38;5;3m +0ms[39m
[32m[Nest] 4029054  - [39m05/17/2026, 1:10:04 PM [32m    LOG[39m [38;5;3m[InstanceLoader] [39m[32mForecastModule dependencies initialized[39m[38;5;3m +0ms[39m
[32m[Nest] 4029054  - [39m05/17/2026, 1:10:04 PM [32m    LOG[39m [38;5;3m[InstanceLoader] [39m[32mUsersModule dependencies initialized[39m[38;5;3m +0ms[39m
[32m[Nest] 4029054  - [39m05/17/2026, 1:10:04 PM [32m    LOG[39m [38;5;3m[InstanceLoader] [39m[32mGoldModule dependencies initialized[39m[38;5;3m +1ms[39m
[32m[Nest] 4029054  - [39m05/17/2026, 1:10:04 PM [32m    LOG[39m [38;5;3m[InstanceLoader] [39m[32mAuthModule dependencies initialized[39m[38;5;3m +0ms[39m
[32m[Nest] 4029054  - [39m05/17/2026, 1:10:04 PM [32m    LOG[39m [38;5;3m[InstanceLoader] [39m[32mCategoriesModule dependencies initialized[39m[38;5;3m +1ms[39m
[32m[Nest] 4029054  - [39m05/17/2026, 1:10:04 PM [32m    LOG[39m [38;5;3m[InstanceLoader] [39m[32mLiabilitiesModule dependencies initialized[39m[38;5;3m +0ms[39m
[32m[Nest] 4029054  - [39m05/17/2026, 1:10:04 PM [32m    LOG[39m [38;5;3m[InstanceLoader] [39m[32mAssetsModule dependencies initialized[39m[38;5;3m +0ms[39m
[32m[Nest] 4029054  - [39m05/17/2026, 1:10:04 PM [32m    LOG[39m [38;5;3m[InstanceLoader] [39m[32mTransactionsModule dependencies initialized[39m[38;5;3m +0ms[39m
[32m[Nest] 4029054  - [39m05/17/2026, 1:10:04 PM [32m    LOG[39m [38;5;3m[RoutesResolver] [39m[32mAuthController {/api/auth}:[39m[38;5;3m +18ms[39m
[32m[Nest] 4029054  - [39m05/17/2026, 1:10:04 PM [32m    LOG[39m [38;5;3m[RouterExplorer] [39m[32mMapped {/api/auth/register, POST} route[39m[38;5;3m +4ms[39m
[32m[Nest] 4029054  - [39m05/17/2026, 1:10:04 PM [32m    LOG[39m [38;5;3m[RouterExplorer] [39m[32mMapped {/api/auth/login, POST} route[39m[38;5;3m +1ms[39m
[32m[Nest] 4029054  - [39m05/17/2026, 1:10:04 PM [32m    LOG[39m [38;5;3m[RouterExplorer] [39m[32mMapped {/api/auth/refresh, POST} route[39m[38;5;3m +0ms[39m
[32m[Nest] 4029054  - [39m05/17/2026, 1:10:04 PM [32m    LOG[39m [38;5;3m[RoutesResolver] [39m[32mCategoriesController {/api/categories}:[39m[38;5;3m +1ms[39m
[32m[Nest] 4029054  - [39m05/17/2026, 1:10:04 PM [32m    LOG[39m [38;5;3m[RouterExplorer] [39m[32mMapped {/api/categories, GET} route[39m[38;5;3m +1ms[39m
[32m[Nest] 4029054  - [39m05/17/2026, 1:10:04 PM [32m    LOG[39m [38;5;3m[RouterExplorer] [39m[32mMapped {/api/categories, POST} route[39m[38;5;3m +0ms[39m
[32m[Nest] 4029054  - [39m05/17/2026, 1:10:04 PM [32m    LOG[39m [38;5;3m[RouterExplorer] [39m[32mMapped {/api/categories/:id, PATCH} route[39m[38;5;3m +2ms[39m
[32m[Nest] 4029054  - [39m05/17/2026, 1:10:04 PM [32m    LOG[39m [38;5;3m[RouterExplorer] [39m[32mMapped {/api/categories/:id, DELETE} route[39m[38;5;3m +0ms[39m
[32m[Nest] 4029054  - [39m05/17/2026, 1:10:04 PM [32m    LOG[39m [38;5;3m[RoutesResolver] [39m[32mAssetsController {/api/assets}:[39m[38;5;3m +1ms[39m
[32m[Nest] 4029054  - [39m05/17/2026, 1:10:04 PM [32m    LOG[39m [38;5;3m[RouterExplorer] [39m[32mMapped {/api/assets, GET} route[39m[38;5;3m +0ms[39m
[32m[Nest] 4029054  - [39m05/17/2026, 1:10:04 PM [32m    LOG[39m [38;5;3m[RouterExplorer] [39m[32mMapped {/api/assets/summary, GET} route[39m[38;5;3m +1ms[39m
[32m[Nest] 4029054  - [39m05/17/2026, 1:10:04 PM [32m    LOG[39m [38;5;3m[RouterExplorer] [39m[32mMapped {/api/assets, POST} route[39m[38;5;3m +0ms[39m
[32m[Nest] 4029054  - [39m05/17/2026, 1:10:04 PM [32m    LOG[39m [38;5;3m[RouterExplorer] [39m[32mMapped {/api/assets/:id, GET} route[39m[38;5;3m +1ms[39m
[32m[Nest] 4029054  - [39m05/17/2026, 1:10:04 PM [32m    LOG[39m [38;5;3m[RouterExplorer] [39m[32mMapped {/api/assets/:id, PATCH} route[39m[38;5;3m +0ms[39m
[32m[Nest] 4029054  - [39m05/17/2026, 1:10:04 PM [32m    LOG[39m [38;5;3m[RouterExplorer] [39m[32mMapped {/api/assets/:id, DELETE} route[39m[38;5;3m +1ms[39m
[32m[Nest] 4029054  - [39m05/17/2026, 1:10:04 PM [32m    LOG[39m [38;5;3m[RoutesResolver] [39m[32mGoldController {/api/gold}:[39m[38;5;3m +0ms[39m
[32m[Nest] 4029054  - [39m05/17/2026, 1:10:04 PM [32m    LOG[39m [38;5;3m[RouterExplorer] [39m[32mMapped {/api/gold/price, GET} route[39m[38;5;3m +0ms[39m
[32m[Nest] 4029054  - [39m05/17/2026, 1:10:04 PM [32m    LOG[39m [38;5;3m[RouterExplorer] [39m[32mMapped {/api/gold/history, GET} route[39m[38;5;3m +0ms[39m
[32m[Nest] 4029054  - [39m05/17/2026, 1:10:04 PM [32m    LOG[39m [38;5;3m[RoutesResolver] [39m[32mLiabilitiesController {/api/liabilities}:[39m[38;5;3m +0ms[39m
[32m[Nest] 4029054  - [39m05/17/2026, 1:10:04 PM [32m    LOG[39m [38;5;3m[RouterExplorer] [39m[32mMapped {/api/liabilities, GET} route[39m[38;5;3m +1ms[39m
[32m[Nest] 4029054  - [39m05/17/2026, 1:10:04 PM [32m    LOG[39m [38;5;3m[RouterExplorer] [39m[32mMapped {/api/liabilities, POST} route[39m[38;5;3m +0ms[39m
[32m[Nest] 4029054  - [39m05/17/2026, 1:10:04 PM [32m    LOG[39m [38;5;3m[RouterExplorer] [39m[32mMapped {/api/liabilities/:id, GET} route[39m[38;5;3m +0ms[39m
[32m[Nest] 4029054  - [39m05/17/2026, 1:10:04 PM [32m    LOG[39m [38;5;3m[RouterExplorer] [39m[32mMapped {/api/liabilities/:id/schedule, GET} route[39m[38;5;3m +1ms[39m
[32m[Nest] 4029054  - [39m05/17/2026, 1:10:04 PM [32m    LOG[39m [38;5;3m[RouterExplorer] [39m[32mMapped {/api/liabilities/:id, PATCH} route[39m[38;5;3m +0ms[39m
[32m[Nest] 4029054  - [39m05/17/2026, 1:10:04 PM [32m    LOG[39m [38;5;3m[RouterExplorer] [39m[32mMapped {/api/liabilities/:id, DELETE} route[39m[38;5;3m +0ms[39m
[32m[Nest] 4029054  - [39m05/17/2026, 1:10:04 PM [32m    LOG[39m [38;5;3m[RoutesResolver] [39m[32mTransactionsController {/api/transactions}:[39m[38;5;3m +0ms[39m
[32m[Nest] 4029054  - [39m05/17/2026, 1:10:04 PM [32m    LOG[39m [38;5;3m[RouterExplorer] [39m[32mMapped {/api/transactions, GET} route[39m[38;5;3m +0ms[39m
[32m[Nest] 4029054  - [39m05/17/2026, 1:10:04 PM [32m    LOG[39m [38;5;3m[RouterExplorer] [39m[32mMapped {/api/transactions/summary, GET} route[39m[38;5;3m +1ms[39m
[32m[Nest] 4029054  - [39m05/17/2026, 1:10:04 PM [32m    LOG[39m [38;5;3m[RouterExplorer] [39m[32mMapped {/api/transactions, POST} route[39m[38;5;3m +0ms[39m
[32m[Nest] 4029054  - [39m05/17/2026, 1:10:04 PM [32m    LOG[39m [38;5;3m[RouterExplorer] [39m[32mMapped {/api/transactions/:id, GET} route[39m[38;5;3m +0ms[39m
[32m[Nest] 4029054  - [39m05/17/2026, 1:10:04 PM [32m    LOG[39m [38;5;3m[RouterExplorer] [39m[32mMapped {/api/transactions/:id, PATCH} route[39m[38;5;3m +1ms[39m
[32m[Nest] 4029054  - [39m05/17/2026, 1:10:04 PM [32m    LOG[39m [38;5;3m[RouterExplorer] [39m[32mMapped {/api/transactions/:id, DELETE} route[39m[38;5;3m +0ms[39m
[32m[Nest] 4029054  - [39m05/17/2026, 1:10:04 PM [32m    LOG[39m [38;5;3m[RoutesResolver] [39m[32mForecastController {/api/forecast}:[39m[38;5;3m +0ms[39m
[32m[Nest] 4029054  - [39m05/17/2026, 1:10:04 PM [32m    LOG[39m [38;5;3m[RouterExplorer] [39m[32mMapped {/api/forecast/wacr, GET} route[39m[38;5;3m +0ms[39m
[32m[Nest] 4029054  - [39m05/17/2026, 1:10:04 PM [32m    LOG[39m [38;5;3m[RouterExplorer] [39m[32mMapped {/api/forecast/cashflow, POST} route[39m[38;5;3m +0ms[39m
[32m[Nest] 4029061  - [39m05/17/2026, 1:10:04 PM [32m    LOG[39m [38;5;3m[InstanceLoader] [39m[32mTypeOrmCoreModule dependencies initialized[39m[38;5;3m +3026ms[39m
[32m[Nest] 4029061  - [39m05/17/2026, 1:10:04 PM [32m    LOG[39m [38;5;3m[InstanceLoader] [39m[32mTypeOrmModule dependencies initialized[39m[38;5;3m +0ms[39m
[32m[Nest] 4029061  - [39m05/17/2026, 1:10:04 PM [32m    LOG[39m [38;5;3m[InstanceLoader] [39m[32mTypeOrmModule dependencies initialized[39m[38;5;3m +0ms[39m
[32m[Nest] 4029061  - [39m05/17/2026, 1:10:04 PM [32m    LOG[39m [38;5;3m[InstanceLoader] [39m[32mTypeOrmModule dependencies initialized[39m[38;5;3m +0ms[39m
[32m[Nest] 4029061  - [39m05/17/2026, 1:10:04 PM [32m    LOG[39m [38;5;3m[InstanceLoader] [39m[32mTypeOrmModule dependencies initialized[39m[38;5;3m +1ms[39m
[32m[Nest] 4029061  - [39m05/17/2026, 1:10:04 PM [32m    LOG[39m [38;5;3m[InstanceLoader] [39m[32mTypeOrmModule dependencies initialized[39m[38;5;3m +0ms[39m
[32m[Nest] 4029061  - [39m05/17/2026, 1:10:04 PM [32m    LOG[39m [38;5;3m[InstanceLoader] [39m[32mTypeOrmModule dependencies initialized[39m[38;5;3m +0ms[39m
[32m[Nest] 4029061  - [39m05/17/2026, 1:10:04 PM [32m    LOG[39m [38;5;3m[InstanceLoader] [39m[32mTypeOrmModule dependencies initialized[39m[38;5;3m +0ms[39m
[32m[Nest] 4029061  - [39m05/17/2026, 1:10:04 PM [32m    LOG[39m [38;5;3m[InstanceLoader] [39m[32mForecastModule dependencies initialized[39m[38;5;3m +0ms[39m
[32m[Nest] 4029061  - [39m05/17/2026, 1:10:04 PM [32m    LOG[39m [38;5;3m[InstanceLoader] [39m[32mUsersModule dependencies initialized[39m[38;5;3m +0ms[39m
[32m[Nest] 4029061  - [39m05/17/2026, 1:10:04 PM [32m    LOG[39m [38;5;3m[InstanceLoader] [39m[32mGoldModule dependencies initialized[39m[38;5;3m +1ms[39m
[32m[Nest] 4029061  - [39m05/17/2026, 1:10:04 PM [32m    LOG[39m [38;5;3m[InstanceLoader] [39m[32mAuthModule dependencies initialized[39m[38;5;3m +0ms[39m
[32m[Nest] 4029061  - [39m05/17/2026, 1:10:04 PM [32m    LOG[39m [38;5;3m[InstanceLoader] [39m[32mCategoriesModule dependencies initialized[39m[38;5;3m +1ms[39m
[32m[Nest] 4029061  - [39m05/17/2026, 1:10:04 PM [32m    LOG[39m [38;5;3m[InstanceLoader] [39m[32mLiabilitiesModule dependencies initialized[39m[38;5;3m +0ms[39m
[32m[Nest] 4029061  - [39m05/17/2026, 1:10:04 PM [32m    LOG[39m [38;5;3m[InstanceLoader] [39m[32mAssetsModule dependencies initialized[39m[38;5;3m +0ms[39m
[32m[Nest] 4029061  - [39m05/17/2026, 1:10:04 PM [32m    LOG[39m [38;5;3m[InstanceLoader] [39m[32mTransactionsModule dependencies initialized[39m[38;5;3m +0ms[39m
[32m[Nest] 4029054  - [39m05/17/2026, 1:10:04 PM [32m    LOG[39m [38;5;3m[NestApplication] [39m[32mNest application successfully started[39m[38;5;3m +29ms[39m
[32m[Nest] 4029061  - [39m05/17/2026, 1:10:04 PM [32m    LOG[39m [38;5;3m[RoutesResolver] [39m[32mAuthController {/api/auth}:[39m[38;5;3m +20ms[39m
[32m[Nest] 4029061  - [39m05/17/2026, 1:10:04 PM [32m    LOG[39m [38;5;3m[RouterExplorer] [39m[32mMapped {/api/auth/register, POST} route[39m[38;5;3m +4ms[39m
[32m[Nest] 4029061  - [39m05/17/2026, 1:10:04 PM [32m    LOG[39m [38;5;3m[RouterExplorer] [39m[32mMapped {/api/auth/login, POST} route[39m[38;5;3m +1ms[39m
[32m[Nest] 4029061  - [39m05/17/2026, 1:10:04 PM [32m    LOG[39m [38;5;3m[RouterExplorer] [39m[32mMapped {/api/auth/refresh, POST} route[39m[38;5;3m +1ms[39m
[32m[Nest] 4029061  - [39m05/17/2026, 1:10:04 PM [32m    LOG[39m [38;5;3m[RoutesResolver] [39m[32mCategoriesController {/api/categories}:[39m[38;5;3m +0ms[39m
[32m[Nest] 4029061  - [39m05/17/2026, 1:10:04 PM [32m    LOG[39m [38;5;3m[RouterExplorer] [39m[32mMapped {/api/categories, GET} route[39m[38;5;3m +1ms[39m
[32m[Nest] 4029061  - [39m05/17/2026, 1:10:04 PM [32m    LOG[39m [38;5;3m[RouterExplorer] [39m[32mMapped {/api/categories, POST} route[39m[38;5;3m +1ms[39m
[32m[Nest] 4029061  - [39m05/17/2026, 1:10:04 PM [32m    LOG[39m [38;5;3m[RouterExplorer] [39m[32mMapped {/api/categories/:id, PATCH} route[39m[38;5;3m +1ms[39m
[32m[Nest] 4029061  - [39m05/17/2026, 1:10:04 PM [32m    LOG[39m [38;5;3m[RouterExplorer] [39m[32mMapped {/api/categories/:id, DELETE} route[39m[38;5;3m +1ms[39m
[32m[Nest] 4029061  - [39m05/17/2026, 1:10:04 PM [32m    LOG[39m [38;5;3m[RoutesResolver] [39m[32mAssetsController {/api/assets}:[39m[38;5;3m +0ms[39m
[32m[Nest] 4029061  - [39m05/17/2026, 1:10:04 PM [32m    LOG[39m [38;5;3m[RouterExplorer] [39m[32mMapped {/api/assets, GET} route[39m[38;5;3m +1ms[39m
[32m[Nest] 4029061  - [39m05/17/2026, 1:10:04 PM [32m    LOG[39m [38;5;3m[RouterExplorer] [39m[32mMapped {/api/assets/summary, GET} route[39m[38;5;3m +1ms[39m
[32m[Nest] 4029061  - [39m05/17/2026, 1:10:04 PM [32m    LOG[39m [38;5;3m[RouterExplorer] [39m[32mMapped {/api/assets, POST} route[39m[38;5;3m +0ms[39m
[32m[Nest] 4029061  - [39m05/17/2026, 1:10:04 PM [32m    LOG[39m [38;5;3m[RouterExplorer] [39m[32mMapped {/api/assets/:id, GET} route[39m[38;5;3m +1ms[39m
[32m[Nest] 4029061  - [39m05/17/2026, 1:10:04 PM [32m    LOG[39m [38;5;3m[RouterExplorer] [39m[32mMapped {/api/assets/:id, PATCH} route[39m[38;5;3m +0ms[39m
[32m[Nest] 4029061  - [39m05/17/2026, 1:10:04 PM [32m    LOG[39m [38;5;3m[RouterExplorer] [39m[32mMapped {/api/assets/:id, DELETE} route[39m[38;5;3m +0ms[39m
[32m[Nest] 4029061  - [39m05/17/2026, 1:10:04 PM [32m    LOG[39m [38;5;3m[RoutesResolver] [39m[32mGoldController {/api/gold}:[39m[38;5;3m +0ms[39m
[32m[Nest] 4029061  - [39m05/17/2026, 1:10:04 PM [32m    LOG[39m [38;5;3m[RouterExplorer] [39m[32mMapped {/api/gold/price, GET} route[39m[38;5;3m +1ms[39m
[32m[Nest] 4029061  - [39m05/17/2026, 1:10:04 PM [32m    LOG[39m [38;5;3m[RouterExplorer] [39m[32mMapped {/api/gold/history, GET} route[39m[38;5;3m +0ms[39m
[32m[Nest] 4029061  - [39m05/17/2026, 1:10:04 PM [32m    LOG[39m [38;5;3m[RoutesResolver] [39m[32mLiabilitiesController {/api/liabilities}:[39m[38;5;3m +0ms[39m
[32m[Nest] 4029061  - [39m05/17/2026, 1:10:04 PM [32m    LOG[39m [38;5;3m[RouterExplorer] [39m[32mMapped {/api/liabilities, GET} route[39m[38;5;3m +1ms[39m
[32m[Nest] 4029061  - [39m05/17/2026, 1:10:04 PM [32m    LOG[39m [38;5;3m[RouterExplorer] [39m[32mMapped {/api/liabilities, POST} route[39m[38;5;3m +0ms[39m
[32m[Nest] 4029061  - [39m05/17/2026, 1:10:04 PM [32m    LOG[39m [38;5;3m[RouterExplorer] [39m[32mMapped {/api/liabilities/:id, GET} route[39m[38;5;3m +0ms[39m
[32m[Nest] 4029061  - [39m05/17/2026, 1:10:04 PM [32m    LOG[39m [38;5;3m[RouterExplorer] [39m[32mMapped {/api/liabilities/:id/schedule, GET} route[39m[38;5;3m +0ms[39m
[32m[Nest] 4029061  - [39m05/17/2026, 1:10:04 PM [32m    LOG[39m [38;5;3m[RouterExplorer] [39m[32mMapped {/api/liabilities/:id, PATCH} route[39m[38;5;3m +1ms[39m
[32m[Nest] 4029061  - [39m05/17/2026, 1:10:04 PM [32m    LOG[39m [38;5;3m[RouterExplorer] [39m[32mMapped {/api/liabilities/:id, DELETE} route[39m[38;5;3m +0ms[39m
[32m[Nest] 4029061  - [39m05/17/2026, 1:10:04 PM [32m    LOG[39m [38;5;3m[RoutesResolver] [39m[32mTransactionsController {/api/transactions}:[39m[38;5;3m +0ms[39m
[32m[Nest] 4029061  - [39m05/17/2026, 1:10:04 PM [32m    LOG[39m [38;5;3m[RouterExplorer] [39m[32mMapped {/api/transactions, GET} route[39m[38;5;3m +0ms[39m
[32m[Nest] 4029061  - [39m05/17/2026, 1:10:04 PM [32m    LOG[39m [38;5;3m[RouterExplorer] [39m[32mMapped {/api/transactions/summary, GET} route[39m[38;5;3m +1ms[39m
[32m[Nest] 4029061  - [39m05/17/2026, 1:10:04 PM [32m    LOG[39m [38;5;3m[RouterExplorer] [39m[32mMapped {/api/transactions, POST} route[39m[38;5;3m +0ms[39m
[32m[Nest] 4029061  - [39m05/17/2026, 1:10:04 PM [32m    LOG[39m [38;5;3m[RouterExplorer] [39m[32mMapped {/api/transactions/:id, GET} route[39m[38;5;3m +0ms[39m
[32m[Nest] 4029061  - [39m05/17/2026, 1:10:04 PM [32m    LOG[39m [38;5;3m[RouterExplorer] [39m[32mMapped {/api/transactions/:id, PATCH} route[39m[38;5;3m +0ms[39m
[32m[Nest] 4029061  - [39m05/17/2026, 1:10:04 PM [32m    LOG[39m [38;5;3m[RouterExplorer] [39m[32mMapped {/api/transactions/:id, DELETE} route[39m[38;5;3m +1ms[39m
[32m[Nest] 4029061  - [39m05/17/2026, 1:10:04 PM [32m    LOG[39m [38;5;3m[RoutesResolver] [39m[32mForecastController {/api/forecast}:[39m[38;5;3m +0ms[39m
[32m[Nest] 4029061  - [39m05/17/2026, 1:10:04 PM [32m    LOG[39m [38;5;3m[RouterExplorer] [39m[32mMapped {/api/forecast/wacr, GET} route[39m[38;5;3m +0ms[39m
[32m[Nest] 4029061  - [39m05/17/2026, 1:10:04 PM [32m    LOG[39m [38;5;3m[RouterExplorer] [39m[32mMapped {/api/forecast/cashflow, POST} route[39m[38;5;3m +0ms[39m
[32m[Nest] 4029061  - [39m05/17/2026, 1:10:04 PM [32m    LOG[39m [38;5;3m[NestApplication] [39m[32mNest application successfully started[39m[38;5;3m +30ms[39m
[31m[Nest] 4029061  - [39m05/17/2026, 1:10:04 PM [31m  ERROR[39m [38;5;3m[NestApplication] [39m[31mError: listen EADDRINUSE: address already in use :::3000[39m[38;5;3m +2ms[39m
node:net:1908
    const ex = new UVExceptionWithHostPort(err, 'listen', address, port);
               ^

Error: listen EADDRINUSE: address already in use :::3000
    at Server.setupListenHandle [as _listen2] (node:net:1908:16)
    at listenInCluster (node:net:1965:12)
    at Server.listen (node:net:2067:7)
    at ExpressAdapter.listen (/home/kyrie/workspace/elevate-life/backend/node_modules/@nestjs/platform-express/adapters/express-adapter.js:115:32)
    at /home/kyrie/workspace/elevate-life/backend/node_modules/@nestjs/core/nest-application.js:188:30
    at new Promise (<anonymous>)
    at NestApplication.listen (/home/kyrie/workspace/elevate-life/backend/node_modules/@nestjs/core/nest-application.js:178:16)
    at async bootstrap (/home/kyrie/workspace/elevate-life/backend/src/main.ts:20:3) {
  code: 'EADDRINUSE',
  errno: -98,
  syscall: 'listen',
  address: '::',
  port: 3000
}

Node.js v20.20.0
[[90m1:10:08 PM[0m] Found 0 errors. Watching for file changes.

[32m[Nest] 4029142  - [39m05/17/2026, 1:10:09 PM [32m    LOG[39m [38;5;3m[NestFactory] [39m[32mStarting Nest application...[39m
[32m[Nest] 4029142  - [39m05/17/2026, 1:10:09 PM [32m    LOG[39m [38;5;3m[InstanceLoader] [39m[32mAppModule dependencies initialized[39m[38;5;3m +37ms[39m
[32m[Nest] 4029142  - [39m05/17/2026, 1:10:09 PM [32m    LOG[39m [38;5;3m[InstanceLoader] [39m[32mTypeOrmModule dependencies initialized[39m[38;5;3m +0ms[39m
[32m[Nest] 4029142  - [39m05/17/2026, 1:10:09 PM [32m    LOG[39m [38;5;3m[InstanceLoader] [39m[32mPassportModule dependencies initialized[39m[38;5;3m +0ms[39m
[32m[Nest] 4029142  - [39m05/17/2026, 1:10:09 PM [32m    LOG[39m [38;5;3m[InstanceLoader] [39m[32mConfigHostModule dependencies initialized[39m[38;5;3m +1ms[39m
[32m[Nest] 4029142  - [39m05/17/2026, 1:10:09 PM [32m    LOG[39m [38;5;3m[InstanceLoader] [39m[32mJwtModule dependencies initialized[39m[38;5;3m +1ms[39m
[32m[Nest] 4029142  - [39m05/17/2026, 1:10:09 PM [32m    LOG[39m [38;5;3m[InstanceLoader] [39m[32mDiscoveryModule dependencies initialized[39m[38;5;3m +0ms[39m
[32m[Nest] 4029142  - [39m05/17/2026, 1:10:09 PM [32m    LOG[39m [38;5;3m[InstanceLoader] [39m[32mConfigModule dependencies initialized[39m[38;5;3m +65ms[39m
[32m[Nest] 4029142  - [39m05/17/2026, 1:10:09 PM [32m    LOG[39m [38;5;3m[InstanceLoader] [39m[32mConfigModule dependencies initialized[39m[38;5;3m +0ms[39m
[32m[Nest] 4029142  - [39m05/17/2026, 1:10:09 PM [32m    LOG[39m [38;5;3m[InstanceLoader] [39m[32mScheduleModule dependencies initialized[39m[38;5;3m +0ms[39m
[32m[Nest] 4029142  - [39m05/17/2026, 1:10:09 PM [32m    LOG[39m [38;5;3m[InstanceLoader] [39m[32mEncryptionModule dependencies initialized[39m[38;5;3m +11ms[39m
[32m[Nest] 4029142  - [39m05/17/2026, 1:10:09 PM [32m    LOG[39m [38;5;3m[InstanceLoader] [39m[32mStockModule dependencies initialized[39m[38;5;3m +0ms[39m
[32m[Nest] 4029142  - [39m05/17/2026, 1:10:09 PM [32m    LOG[39m [38;5;3m[InstanceLoader] [39m[32mThrottlerModule dependencies initialized[39m[38;5;3m +0ms[39m
[31m[Nest] 4029142  - [39m05/17/2026, 1:10:09 PM [31m  ERROR[39m [38;5;3m[TypeOrmModule] [39m[31mUnable to connect to the database. Retrying (1)...[39m
DataTypeNotSupportedError: Data type "Object" in "Asset.stockCode" is not supported by "sqlite" database.
    at <anonymous> (/home/kyrie/workspace/elevate-life/backend/node_modules/typeorm/metadata-builder/src/metadata-builder/EntityMetadataValidator.ts:133:31)
    at Array.forEach (<anonymous>)
    at EntityMetadataValidator.validate (/home/kyrie/workspace/elevate-life/backend/node_modules/typeorm/metadata-builder/src/metadata-builder/EntityMetadataValidator.ts:128:18)
    at <anonymous> (/home/kyrie/workspace/elevate-life/backend/node_modules/typeorm/metadata-builder/src/metadata-builder/EntityMetadataValidator.ts:43:18)
    at Array.forEach (<anonymous>)
    at EntityMetadataValidator.validateMany (/home/kyrie/workspace/elevate-life/backend/node_modules/typeorm/metadata-builder/src/metadata-builder/EntityMetadataValidator.ts:42:25)
    at DataSource.buildMetadatas (/home/kyrie/workspace/elevate-life/backend/node_modules/typeorm/data-source/src/data-source/DataSource.ts:753:33)
    at async DataSource.initialize (/home/kyrie/workspace/elevate-life/backend/node_modules/typeorm/data-source/src/data-source/DataSource.ts:264:13)
[31m[Nest] 4029142  - [39m05/17/2026, 1:10:13 PM [31m  ERROR[39m [38;5;3m[TypeOrmModule] [39m[31mUnable to connect to the database. Retrying (2)...[39m
DataTypeNotSupportedError: Data type "Object" in "Asset.stockCode" is not supported by "sqlite" database.
    at <anonymous> (/home/kyrie/workspace/elevate-life/backend/node_modules/typeorm/metadata-builder/src/metadata-builder/EntityMetadataValidator.ts:133:31)
    at Array.forEach (<anonymous>)
    at EntityMetadataValidator.validate (/home/kyrie/workspace/elevate-life/backend/node_modules/typeorm/metadata-builder/src/metadata-builder/EntityMetadataValidator.ts:128:18)
    at <anonymous> (/home/kyrie/workspace/elevate-life/backend/node_modules/typeorm/metadata-builder/src/metadata-builder/EntityMetadataValidator.ts:43:18)
    at Array.forEach (<anonymous>)
    at EntityMetadataValidator.validateMany (/home/kyrie/workspace/elevate-life/backend/node_modules/typeorm/metadata-builder/src/metadata-builder/EntityMetadataValidator.ts:42:25)
    at DataSource.buildMetadatas (/home/kyrie/workspace/elevate-life/backend/node_modules/typeorm/data-source/src/data-source/DataSource.ts:753:33)
    at async DataSource.initialize (/home/kyrie/workspace/elevate-life/backend/node_modules/typeorm/data-source/src/data-source/DataSource.ts:264:13)
[31m[Nest] 4029142  - [39m05/17/2026, 1:10:16 PM [31m  ERROR[39m [38;5;3m[TypeOrmModule] [39m[31mUnable to connect to the database. Retrying (3)...[39m
DataTypeNotSupportedError: Data type "Object" in "Asset.stockCode" is not supported by "sqlite" database.
    at <anonymous> (/home/kyrie/workspace/elevate-life/backend/node_modules/typeorm/metadata-builder/src/metadata-builder/EntityMetadataValidator.ts:133:31)
    at Array.forEach (<anonymous>)
    at EntityMetadataValidator.validate (/home/kyrie/workspace/elevate-life/backend/node_modules/typeorm/metadata-builder/src/metadata-builder/EntityMetadataValidator.ts:128:18)
    at <anonymous> (/home/kyrie/workspace/elevate-life/backend/node_modules/typeorm/metadata-builder/src/metadata-builder/EntityMetadataValidator.ts:43:18)
    at Array.forEach (<anonymous>)
    at EntityMetadataValidator.validateMany (/home/kyrie/workspace/elevate-life/backend/node_modules/typeorm/metadata-builder/src/metadata-builder/EntityMetadataValidator.ts:42:25)
    at DataSource.buildMetadatas (/home/kyrie/workspace/elevate-life/backend/node_modules/typeorm/data-source/src/data-source/DataSource.ts:753:33)
    at async DataSource.initialize (/home/kyrie/workspace/elevate-life/backend/node_modules/typeorm/data-source/src/data-source/DataSource.ts:264:13)
[31m[Nest] 4029142  - [39m05/17/2026, 1:10:19 PM [31m  ERROR[39m [38;5;3m[TypeOrmModule] [39m[31mUnable to connect to the database. Retrying (4)...[39m
DataTypeNotSupportedError: Data type "Object" in "Asset.stockCode" is not supported by "sqlite" database.
    at <anonymous> (/home/kyrie/workspace/elevate-life/backend/node_modules/typeorm/metadata-builder/src/metadata-builder/EntityMetadataValidator.ts:133:31)
    at Array.forEach (<anonymous>)
    at EntityMetadataValidator.validate (/home/kyrie/workspace/elevate-life/backend/node_modules/typeorm/metadata-builder/src/metadata-builder/EntityMetadataValidator.ts:128:18)
    at <anonymous> (/home/kyrie/workspace/elevate-life/backend/node_modules/typeorm/metadata-builder/src/metadata-builder/EntityMetadataValidator.ts:43:18)
    at Array.forEach (<anonymous>)
    at EntityMetadataValidator.validateMany (/home/kyrie/workspace/elevate-life/backend/node_modules/typeorm/metadata-builder/src/metadata-builder/EntityMetadataValidator.ts:42:25)
    at DataSource.buildMetadatas (/home/kyrie/workspace/elevate-life/backend/node_modules/typeorm/data-source/src/data-source/DataSource.ts:753:33)
    at async DataSource.initialize (/home/kyrie/workspace/elevate-life/backend/node_modules/typeorm/data-source/src/data-source/DataSource.ts:264:13)
[31m[Nest] 4029054  - [39m05/17/2026, 1:10:20 PM [31m  ERROR[39m [38;5;3m[ExceptionsHandler] [39mEntityMetadataNotFoundError: No metadata for "User" was found.
    at DataSource.getMetadata [90m(/home/kyrie/workspace/elevate-life/backend/[39mnode_modules/[4mtypeorm[24m/data-source/src/data-source/DataSource.ts:451:30[90m)[39m
    at Repository.get metadata [90m(/home/kyrie/workspace/elevate-life/backend/[39mnode_modules/[4mtypeorm[24m/repository/src/repository/Repository.ts:55:40[90m)[39m
    at Repository.findOne [90m(/home/kyrie/workspace/elevate-life/backend/[39mnode_modules/[4mtypeorm[24m/repository/src/repository/Repository.ts:634:42[90m)[39m
    at UsersService.findByUsername [90m(/home/kyrie/workspace/elevate-life/backend/[39msrc/modules/users/users.service.ts:14:33[90m)[39m
    at AuthService.login [90m(/home/kyrie/workspace/elevate-life/backend/[39msrc/modules/auth/auth.service.ts:28:42[90m)[39m
    at AuthController.login [90m(/home/kyrie/workspace/elevate-life/backend/[39msrc/modules/auth/auth.controller.ts:16:29[90m)[39m
    at [90m/home/kyrie/workspace/elevate-life/backend/[39mnode_modules/[4m@nestjs/core[24m/router/router-execution-context.js:38:29
[90m    at process.processTicksAndRejections (node:internal/process/task_queues:95:5)[39m
[31m[Nest] 4029142  - [39m05/17/2026, 1:10:22 PM [31m  ERROR[39m [38;5;3m[TypeOrmModule] [39m[31mUnable to connect to the database. Retrying (5)...[39m
DataTypeNotSupportedError: Data type "Object" in "Asset.stockCode" is not supported by "sqlite" database.
    at <anonymous> (/home/kyrie/workspace/elevate-life/backend/node_modules/typeorm/metadata-builder/src/metadata-builder/EntityMetadataValidator.ts:133:31)
    at Array.forEach (<anonymous>)
    at EntityMetadataValidator.validate (/home/kyrie/workspace/elevate-life/backend/node_modules/typeorm/metadata-builder/src/metadata-builder/EntityMetadataValidator.ts:128:18)
    at <anonymous> (/home/kyrie/workspace/elevate-life/backend/node_modules/typeorm/metadata-builder/src/metadata-builder/EntityMetadataValidator.ts:43:18)
    at Array.forEach (<anonymous>)
    at EntityMetadataValidator.validateMany (/home/kyrie/workspace/elevate-life/backend/node_modules/typeorm/metadata-builder/src/metadata-builder/EntityMetadataValidator.ts:42:25)
    at DataSource.buildMetadatas (/home/kyrie/workspace/elevate-life/backend/node_modules/typeorm/data-source/src/data-source/DataSource.ts:753:33)
    at async DataSource.initialize (/home/kyrie/workspace/elevate-life/backend/node_modules/typeorm/data-source/src/data-source/DataSource.ts:264:13)
[31m[Nest] 4029142  - [39m05/17/2026, 1:10:25 PM [31m  ERROR[39m [38;5;3m[TypeOrmModule] [39m[31mUnable to connect to the database. Retrying (6)...[39m
DataTypeNotSupportedError: Data type "Object" in "Asset.stockCode" is not supported by "sqlite" database.
    at <anonymous> (/home/kyrie/workspace/elevate-life/backend/node_modules/typeorm/metadata-builder/src/metadata-builder/EntityMetadataValidator.ts:133:31)
    at Array.forEach (<anonymous>)
    at EntityMetadataValidator.validate (/home/kyrie/workspace/elevate-life/backend/node_modules/typeorm/metadata-builder/src/metadata-builder/EntityMetadataValidator.ts:128:18)
    at <anonymous> (/home/kyrie/workspace/elevate-life/backend/node_modules/typeorm/metadata-builder/src/metadata-builder/EntityMetadataValidator.ts:43:18)
    at Array.forEach (<anonymous>)
    at EntityMetadataValidator.validateMany (/home/kyrie/workspace/elevate-life/backend/node_modules/typeorm/metadata-builder/src/metadata-builder/EntityMetadataValidator.ts:42:25)
    at DataSource.buildMetadatas (/home/kyrie/workspace/elevate-life/backend/node_modules/typeorm/data-source/src/data-source/DataSource.ts:753:33)
    at async DataSource.initialize (/home/kyrie/workspace/elevate-life/backend/node_modules/typeorm/data-source/src/data-source/DataSource.ts:264:13)
[31m[Nest] 4029142  - [39m05/17/2026, 1:10:28 PM [31m  ERROR[39m [38;5;3m[TypeOrmModule] [39m[31mUnable to connect to the database. Retrying (7)...[39m
DataTypeNotSupportedError: Data type "Object" in "Asset.stockCode" is not supported by "sqlite" database.
    at <anonymous> (/home/kyrie/workspace/elevate-life/backend/node_modules/typeorm/metadata-builder/src/metadata-builder/EntityMetadataValidator.ts:133:31)
    at Array.forEach (<anonymous>)
    at EntityMetadataValidator.validate (/home/kyrie/workspace/elevate-life/backend/node_modules/typeorm/metadata-builder/src/metadata-builder/EntityMetadataValidator.ts:128:18)
    at <anonymous> (/home/kyrie/workspace/elevate-life/backend/node_modules/typeorm/metadata-builder/src/metadata-builder/EntityMetadataValidator.ts:43:18)
    at Array.forEach (<anonymous>)
    at EntityMetadataValidator.validateMany (/home/kyrie/workspace/elevate-life/backend/node_modules/typeorm/metadata-builder/src/metadata-builder/EntityMetadataValidator.ts:42:25)
    at DataSource.buildMetadatas (/home/kyrie/workspace/elevate-life/backend/node_modules/typeorm/data-source/src/data-source/DataSource.ts:753:33)
    at async DataSource.initialize (/home/kyrie/workspace/elevate-life/backend/node_modules/typeorm/data-source/src/data-source/DataSource.ts:264:13)
[31m[Nest] 4029142  - [39m05/17/2026, 1:10:31 PM [31m  ERROR[39m [38;5;3m[TypeOrmModule] [39m[31mUnable to connect to the database. Retrying (8)...[39m
DataTypeNotSupportedError: Data type "Object" in "Asset.stockCode" is not supported by "sqlite" database.
    at <anonymous> (/home/kyrie/workspace/elevate-life/backend/node_modules/typeorm/metadata-builder/src/metadata-builder/EntityMetadataValidator.ts:133:31)
    at Array.forEach (<anonymous>)
    at EntityMetadataValidator.validate (/home/kyrie/workspace/elevate-life/backend/node_modules/typeorm/metadata-builder/src/metadata-builder/EntityMetadataValidator.ts:128:18)
    at <anonymous> (/home/kyrie/workspace/elevate-life/backend/node_modules/typeorm/metadata-builder/src/metadata-builder/EntityMetadataValidator.ts:43:18)
    at Array.forEach (<anonymous>)
    at EntityMetadataValidator.validateMany (/home/kyrie/workspace/elevate-life/backend/node_modules/typeorm/metadata-builder/src/metadata-builder/EntityMetadataValidator.ts:42:25)
    at DataSource.buildMetadatas (/home/kyrie/workspace/elevate-life/backend/node_modules/typeorm/data-source/src/data-source/DataSource.ts:753:33)
    at async DataSource.initialize (/home/kyrie/workspace/elevate-life/backend/node_modules/typeorm/data-source/src/data-source/DataSource.ts:264:13)
[31m[Nest] 4029142  - [39m05/17/2026, 1:10:34 PM [31m  ERROR[39m [38;5;3m[TypeOrmModule] [39m[31mUnable to connect to the database. Retrying (9)...[39m
DataTypeNotSupportedError: Data type "Object" in "Asset.stockCode" is not supported by "sqlite" database.
    at <anonymous> (/home/kyrie/workspace/elevate-life/backend/node_modules/typeorm/metadata-builder/src/metadata-builder/EntityMetadataValidator.ts:133:31)
    at Array.forEach (<anonymous>)
    at EntityMetadataValidator.validate (/home/kyrie/workspace/elevate-life/backend/node_modules/typeorm/metadata-builder/src/metadata-builder/EntityMetadataValidator.ts:128:18)
    at <anonymous> (/home/kyrie/workspace/elevate-life/backend/node_modules/typeorm/metadata-builder/src/metadata-builder/EntityMetadataValidator.ts:43:18)
    at Array.forEach (<anonymous>)
    at EntityMetadataValidator.validateMany (/home/kyrie/workspace/elevate-life/backend/node_modules/typeorm/metadata-builder/src/metadata-builder/EntityMetadataValidator.ts:42:25)
    at DataSource.buildMetadatas (/home/kyrie/workspace/elevate-life/backend/node_modules/typeorm/data-source/src/data-source/DataSource.ts:753:33)
    at async DataSource.initialize (/home/kyrie/workspace/elevate-life/backend/node_modules/typeorm/data-source/src/data-source/DataSource.ts:264:13)
[31m[Nest] 4029142  - [39m05/17/2026, 1:10:34 PM [31m  ERROR[39m [38;5;3m[ExceptionHandler] [39mDataTypeNotSupportedError: Data type "Object" in "Asset.stockCode" is not supported by "sqlite" database.
    at <anonymous> [90m(/home/kyrie/workspace/elevate-life/backend/[39mnode_modules/[4mtypeorm[24m/metadata-builder/src/metadata-builder/EntityMetadataValidator.ts:133:31[90m)[39m
    at Array.forEach (<anonymous>)
    at EntityMetadataValidator.validate [90m(/home/kyrie/workspace/elevate-life/backend/[39mnode_modules/[4mtypeorm[24m/metadata-builder/src/metadata-builder/EntityMetadataValidator.ts:128:18[90m)[39m
    at <anonymous> [90m(/home/kyrie/workspace/elevate-life/backend/[39mnode_modules/[4mtypeorm[24m/metadata-builder/src/metadata-builder/EntityMetadataValidator.ts:43:18[90m)[39m
    at Array.forEach (<anonymous>)
    at EntityMetadataValidator.validateMany [90m(/home/kyrie/workspace/elevate-life/backend/[39mnode_modules/[4mtypeorm[24m/metadata-builder/src/metadata-builder/EntityMetadataValidator.ts:42:25[90m)[39m
    at DataSource.buildMetadatas [90m(/home/kyrie/workspace/elevate-life/backend/[39mnode_modules/[4mtypeorm[24m/data-source/src/data-source/DataSource.ts:753:33[90m)[39m
    at async DataSource.initialize [90m(/home/kyrie/workspace/elevate-life/backend/[39mnode_modules/[4mtypeorm[24m/data-source/src/data-source/DataSource.ts:264:13[90m)[39m

> backend@0.0.1 start:dev
> nest start --watch

[2J[3J[H[[90m1:10:47 PM[0m] Starting compilation in watch mode...

[[90m1:10:52 PM[0m] Found 0 errors. Watching for file changes.

[32m[Nest] 4029246  - [39m05/17/2026, 1:10:53 PM [32m    LOG[39m [38;5;3m[NestFactory] [39m[32mStarting Nest application...[39m
[32m[Nest] 4029246  - [39m05/17/2026, 1:10:53 PM [32m    LOG[39m [38;5;3m[InstanceLoader] [39m[32mAppModule dependencies initialized[39m[38;5;3m +37ms[39m
[32m[Nest] 4029246  - [39m05/17/2026, 1:10:53 PM [32m    LOG[39m [38;5;3m[InstanceLoader] [39m[32mTypeOrmModule dependencies initialized[39m[38;5;3m +1ms[39m
[32m[Nest] 4029246  - [39m05/17/2026, 1:10:53 PM [32m    LOG[39m [38;5;3m[InstanceLoader] [39m[32mPassportModule dependencies initialized[39m[38;5;3m +0ms[39m
[32m[Nest] 4029246  - [39m05/17/2026, 1:10:53 PM [32m    LOG[39m [38;5;3m[InstanceLoader] [39m[32mConfigHostModule dependencies initialized[39m[38;5;3m +0ms[39m
[32m[Nest] 4029246  - [39m05/17/2026, 1:10:53 PM [32m    LOG[39m [38;5;3m[InstanceLoader] [39m[32mJwtModule dependencies initialized[39m[38;5;3m +1ms[39m
[32m[Nest] 4029246  - [39m05/17/2026, 1:10:53 PM [32m    LOG[39m [38;5;3m[InstanceLoader] [39m[32mDiscoveryModule dependencies initialized[39m[38;5;3m +0ms[39m
[32m[Nest] 4029246  - [39m05/17/2026, 1:10:53 PM [32m    LOG[39m [38;5;3m[InstanceLoader] [39m[32mConfigModule dependencies initialized[39m[38;5;3m +66ms[39m
[32m[Nest] 4029246  - [39m05/17/2026, 1:10:53 PM [32m    LOG[39m [38;5;3m[InstanceLoader] [39m[32mConfigModule dependencies initialized[39m[38;5;3m +0ms[39m
[32m[Nest] 4029246  - [39m05/17/2026, 1:10:53 PM [32m    LOG[39m [38;5;3m[InstanceLoader] [39m[32mScheduleModule dependencies initialized[39m[38;5;3m +0ms[39m
[32m[Nest] 4029246  - [39m05/17/2026, 1:10:53 PM [32m    LOG[39m [38;5;3m[InstanceLoader] [39m[32mEncryptionModule dependencies initialized[39m[38;5;3m +9ms[39m
[32m[Nest] 4029246  - [39m05/17/2026, 1:10:53 PM [32m    LOG[39m [38;5;3m[InstanceLoader] [39m[32mStockModule dependencies initialized[39m[38;5;3m +0ms[39m
[32m[Nest] 4029246  - [39m05/17/2026, 1:10:53 PM [32m    LOG[39m [38;5;3m[InstanceLoader] [39m[32mThrottlerModule dependencies initialized[39m[38;5;3m +1ms[39m
[31m[Nest] 4029246  - [39m05/17/2026, 1:10:53 PM [31m  ERROR[39m [38;5;3m[TypeOrmModule] [39m[31mUnable to connect to the database. Retrying (1)...[39m
DataTypeNotSupportedError: Data type "Object" in "Asset.stockCode" is not supported by "sqlite" database.
    at <anonymous> (/home/kyrie/workspace/elevate-life/backend/node_modules/typeorm/metadata-builder/src/metadata-builder/EntityMetadataValidator.ts:133:31)
    at Array.forEach (<anonymous>)
    at EntityMetadataValidator.validate (/home/kyrie/workspace/elevate-life/backend/node_modules/typeorm/metadata-builder/src/metadata-builder/EntityMetadataValidator.ts:128:18)
    at <anonymous> (/home/kyrie/workspace/elevate-life/backend/node_modules/typeorm/metadata-builder/src/metadata-builder/EntityMetadataValidator.ts:43:18)
    at Array.forEach (<anonymous>)
    at EntityMetadataValidator.validateMany (/home/kyrie/workspace/elevate-life/backend/node_modules/typeorm/metadata-builder/src/metadata-builder/EntityMetadataValidator.ts:42:25)
    at DataSource.buildMetadatas (/home/kyrie/workspace/elevate-life/backend/node_modules/typeorm/data-source/src/data-source/DataSource.ts:753:33)
    at async DataSource.initialize (/home/kyrie/workspace/elevate-life/backend/node_modules/typeorm/data-source/src/data-source/DataSource.ts:264:13)
[31m[Nest] 4029246  - [39m05/17/2026, 1:10:56 PM [31m  ERROR[39m [38;5;3m[TypeOrmModule] [39m[31mUnable to connect to the database. Retrying (2)...[39m
DataTypeNotSupportedError: Data type "Object" in "Asset.stockCode" is not supported by "sqlite" database.
    at <anonymous> (/home/kyrie/workspace/elevate-life/backend/node_modules/typeorm/metadata-builder/src/metadata-builder/EntityMetadataValidator.ts:133:31)
    at Array.forEach (<anonymous>)
    at EntityMetadataValidator.validate (/home/kyrie/workspace/elevate-life/backend/node_modules/typeorm/metadata-builder/src/metadata-builder/EntityMetadataValidator.ts:128:18)
    at <anonymous> (/home/kyrie/workspace/elevate-life/backend/node_modules/typeorm/metadata-builder/src/metadata-builder/EntityMetadataValidator.ts:43:18)
    at Array.forEach (<anonymous>)
    at EntityMetadataValidator.validateMany (/home/kyrie/workspace/elevate-life/backend/node_modules/typeorm/metadata-builder/src/metadata-builder/EntityMetadataValidator.ts:42:25)
    at DataSource.buildMetadatas (/home/kyrie/workspace/elevate-life/backend/node_modules/typeorm/data-source/src/data-source/DataSource.ts:753:33)
    at async DataSource.initialize (/home/kyrie/workspace/elevate-life/backend/node_modules/typeorm/data-source/src/data-source/DataSource.ts:264:13)
[31m[Nest] 4029246  - [39m05/17/2026, 1:10:59 PM [31m  ERROR[39m [38;5;3m[TypeOrmModule] [39m[31mUnable to connect to the database. Retrying (3)...[39m
DataTypeNotSupportedError: Data type "Object" in "Asset.stockCode" is not supported by "sqlite" database.
    at <anonymous> (/home/kyrie/workspace/elevate-life/backend/node_modules/typeorm/metadata-builder/src/metadata-builder/EntityMetadataValidator.ts:133:31)
    at Array.forEach (<anonymous>)
    at EntityMetadataValidator.validate (/home/kyrie/workspace/elevate-life/backend/node_modules/typeorm/metadata-builder/src/metadata-builder/EntityMetadataValidator.ts:128:18)
    at <anonymous> (/home/kyrie/workspace/elevate-life/backend/node_modules/typeorm/metadata-builder/src/metadata-builder/EntityMetadataValidator.ts:43:18)
    at Array.forEach (<anonymous>)
    at EntityMetadataValidator.validateMany (/home/kyrie/workspace/elevate-life/backend/node_modules/typeorm/metadata-builder/src/metadata-builder/EntityMetadataValidator.ts:42:25)
    at DataSource.buildMetadatas (/home/kyrie/workspace/elevate-life/backend/node_modules/typeorm/data-source/src/data-source/DataSource.ts:753:33)
    at async DataSource.initialize (/home/kyrie/workspace/elevate-life/backend/node_modules/typeorm/data-source/src/data-source/DataSource.ts:264:13)
[31m[Nest] 4029246  - [39m05/17/2026, 1:11:02 PM [31m  ERROR[39m [38;5;3m[TypeOrmModule] [39m[31mUnable to connect to the database. Retrying (4)...[39m
DataTypeNotSupportedError: Data type "Object" in "Asset.stockCode" is not supported by "sqlite" database.
    at <anonymous> (/home/kyrie/workspace/elevate-life/backend/node_modules/typeorm/metadata-builder/src/metadata-builder/EntityMetadataValidator.ts:133:31)
    at Array.forEach (<anonymous>)
    at EntityMetadataValidator.validate (/home/kyrie/workspace/elevate-life/backend/node_modules/typeorm/metadata-builder/src/metadata-builder/EntityMetadataValidator.ts:128:18)
    at <anonymous> (/home/kyrie/workspace/elevate-life/backend/node_modules/typeorm/metadata-builder/src/metadata-builder/EntityMetadataValidator.ts:43:18)
    at Array.forEach (<anonymous>)
    at EntityMetadataValidator.validateMany (/home/kyrie/workspace/elevate-life/backend/node_modules/typeorm/metadata-builder/src/metadata-builder/EntityMetadataValidator.ts:42:25)
    at DataSource.buildMetadatas (/home/kyrie/workspace/elevate-life/backend/node_modules/typeorm/data-source/src/data-source/DataSource.ts:753:33)
    at async DataSource.initialize (/home/kyrie/workspace/elevate-life/backend/node_modules/typeorm/data-source/src/data-source/DataSource.ts:264:13)
[31m[Nest] 4029246  - [39m05/17/2026, 1:11:06 PM [31m  ERROR[39m [38;5;3m[TypeOrmModule] [39m[31mUnable to connect to the database. Retrying (5)...[39m
DataTypeNotSupportedError: Data type "Object" in "Asset.stockCode" is not supported by "sqlite" database.
    at <anonymous> (/home/kyrie/workspace/elevate-life/backend/node_modules/typeorm/metadata-builder/src/metadata-builder/EntityMetadataValidator.ts:133:31)
    at Array.forEach (<anonymous>)
    at EntityMetadataValidator.validate (/home/kyrie/workspace/elevate-life/backend/node_modules/typeorm/metadata-builder/src/metadata-builder/EntityMetadataValidator.ts:128:18)
    at <anonymous> (/home/kyrie/workspace/elevate-life/backend/node_modules/typeorm/metadata-builder/src/metadata-builder/EntityMetadataValidator.ts:43:18)
    at Array.forEach (<anonymous>)
    at EntityMetadataValidator.validateMany (/home/kyrie/workspace/elevate-life/backend/node_modules/typeorm/metadata-builder/src/metadata-builder/EntityMetadataValidator.ts:42:25)
    at DataSource.buildMetadatas (/home/kyrie/workspace/elevate-life/backend/node_modules/typeorm/data-source/src/data-source/DataSource.ts:753:33)
    at async DataSource.initialize (/home/kyrie/workspace/elevate-life/backend/node_modules/typeorm/data-source/src/data-source/DataSource.ts:264:13)
[31m[Nest] 4029246  - [39m05/17/2026, 1:11:09 PM [31m  ERROR[39m [38;5;3m[TypeOrmModule] [39m[31mUnable to connect to the database. Retrying (6)...[39m
DataTypeNotSupportedError: Data type "Object" in "Asset.stockCode" is not supported by "sqlite" database.
    at <anonymous> (/home/kyrie/workspace/elevate-life/backend/node_modules/typeorm/metadata-builder/src/metadata-builder/EntityMetadataValidator.ts:133:31)
    at Array.forEach (<anonymous>)
    at EntityMetadataValidator.validate (/home/kyrie/workspace/elevate-life/backend/node_modules/typeorm/metadata-builder/src/metadata-builder/EntityMetadataValidator.ts:128:18)
    at <anonymous> (/home/kyrie/workspace/elevate-life/backend/node_modules/typeorm/metadata-builder/src/metadata-builder/EntityMetadataValidator.ts:43:18)
    at Array.forEach (<anonymous>)
    at EntityMetadataValidator.validateMany (/home/kyrie/workspace/elevate-life/backend/node_modules/typeorm/metadata-builder/src/metadata-builder/EntityMetadataValidator.ts:42:25)
    at DataSource.buildMetadatas (/home/kyrie/workspace/elevate-life/backend/node_modules/typeorm/data-source/src/data-source/DataSource.ts:753:33)
    at async DataSource.initialize (/home/kyrie/workspace/elevate-life/backend/node_modules/typeorm/data-source/src/data-source/DataSource.ts:264:13)
[31m[Nest] 4029246  - [39m05/17/2026, 1:11:12 PM [31m  ERROR[39m [38;5;3m[TypeOrmModule] [39m[31mUnable to connect to the database. Retrying (7)...[39m
DataTypeNotSupportedError: Data type "Object" in "Asset.stockCode" is not supported by "sqlite" database.
    at <anonymous> (/home/kyrie/workspace/elevate-life/backend/node_modules/typeorm/metadata-builder/src/metadata-builder/EntityMetadataValidator.ts:133:31)
    at Array.forEach (<anonymous>)
    at EntityMetadataValidator.validate (/home/kyrie/workspace/elevate-life/backend/node_modules/typeorm/metadata-builder/src/metadata-builder/EntityMetadataValidator.ts:128:18)
    at <anonymous> (/home/kyrie/workspace/elevate-life/backend/node_modules/typeorm/metadata-builder/src/metadata-builder/EntityMetadataValidator.ts:43:18)
    at Array.forEach (<anonymous>)
    at EntityMetadataValidator.validateMany (/home/kyrie/workspace/elevate-life/backend/node_modules/typeorm/metadata-builder/src/metadata-builder/EntityMetadataValidator.ts:42:25)
    at DataSource.buildMetadatas (/home/kyrie/workspace/elevate-life/backend/node_modules/typeorm/data-source/src/data-source/DataSource.ts:753:33)
    at async DataSource.initialize (/home/kyrie/workspace/elevate-life/backend/node_modules/typeorm/data-source/src/data-source/DataSource.ts:264:13)
[32m[Nest] 4029246  - [39m05/17/2026, 1:11:15 PM [32m    LOG[39m [38;5;3m[InstanceLoader] [39m[32mTypeOrmCoreModule dependencies initialized[39m[38;5;3m +3031ms[39m
[32m[Nest] 4029246  - [39m05/17/2026, 1:11:15 PM [32m    LOG[39m [38;5;3m[InstanceLoader] [39m[32mTypeOrmModule dependencies initialized[39m[38;5;3m +1ms[39m
[32m[Nest] 4029246  - [39m05/17/2026, 1:11:15 PM [32m    LOG[39m [38;5;3m[InstanceLoader] [39m[32mTypeOrmModule dependencies initialized[39m[38;5;3m +0ms[39m
[32m[Nest] 4029246  - [39m05/17/2026, 1:11:15 PM [32m    LOG[39m [38;5;3m[InstanceLoader] [39m[32mTypeOrmModule dependencies initialized[39m[38;5;3m +0ms[39m
[32m[Nest] 4029246  - [39m05/17/2026, 1:11:15 PM [32m    LOG[39m [38;5;3m[InstanceLoader] [39m[32mTypeOrmModule dependencies initialized[39m[38;5;3m +0ms[39m
[32m[Nest] 4029246  - [39m05/17/2026, 1:11:15 PM [32m    LOG[39m [38;5;3m[InstanceLoader] [39m[32mTypeOrmModule dependencies initialized[39m[38;5;3m +0ms[39m
[32m[Nest] 4029246  - [39m05/17/2026, 1:11:15 PM [32m    LOG[39m [38;5;3m[InstanceLoader] [39m[32mTypeOrmModule dependencies initialized[39m[38;5;3m +0ms[39m
[32m[Nest] 4029246  - [39m05/17/2026, 1:11:15 PM [32m    LOG[39m [38;5;3m[InstanceLoader] [39m[32mTypeOrmModule dependencies initialized[39m[38;5;3m +0ms[39m
[32m[Nest] 4029246  - [39m05/17/2026, 1:11:15 PM [32m    LOG[39m [38;5;3m[InstanceLoader] [39m[32mForecastModule dependencies initialized[39m[38;5;3m +1ms[39m
[32m[Nest] 4029246  - [39m05/17/2026, 1:11:15 PM [32m    LOG[39m [38;5;3m[InstanceLoader] [39m[32mUsersModule dependencies initialized[39m[38;5;3m +0ms[39m
[32m[Nest] 4029246  - [39m05/17/2026, 1:11:15 PM [32m    LOG[39m [38;5;3m[InstanceLoader] [39m[32mGoldModule dependencies initialized[39m[38;5;3m +1ms[39m
[32m[Nest] 4029246  - [39m05/17/2026, 1:11:15 PM [32m    LOG[39m [38;5;3m[InstanceLoader] [39m[32mAuthModule dependencies initialized[39m[38;5;3m +0ms[39m
[32m[Nest] 4029246  - [39m05/17/2026, 1:11:15 PM [32m    LOG[39m [38;5;3m[InstanceLoader] [39m[32mCategoriesModule dependencies initialized[39m[38;5;3m +0ms[39m
[32m[Nest] 4029246  - [39m05/17/2026, 1:11:15 PM [32m    LOG[39m [38;5;3m[InstanceLoader] [39m[32mLiabilitiesModule dependencies initialized[39m[38;5;3m +1ms[39m
[32m[Nest] 4029246  - [39m05/17/2026, 1:11:15 PM [32m    LOG[39m [38;5;3m[InstanceLoader] [39m[32mAssetsModule dependencies initialized[39m[38;5;3m +1ms[39m
[32m[Nest] 4029246  - [39m05/17/2026, 1:11:15 PM [32m    LOG[39m [38;5;3m[InstanceLoader] [39m[32mTransactionsModule dependencies initialized[39m[38;5;3m +0ms[39m
[32m[Nest] 4029246  - [39m05/17/2026, 1:11:15 PM [32m    LOG[39m [38;5;3m[RoutesResolver] [39m[32mAuthController {/api/auth}:[39m[38;5;3m +21ms[39m
[32m[Nest] 4029246  - [39m05/17/2026, 1:11:15 PM [32m    LOG[39m [38;5;3m[RouterExplorer] [39m[32mMapped {/api/auth/register, POST} route[39m[38;5;3m +4ms[39m
[32m[Nest] 4029246  - [39m05/17/2026, 1:11:15 PM [32m    LOG[39m [38;5;3m[RouterExplorer] [39m[32mMapped {/api/auth/login, POST} route[39m[38;5;3m +0ms[39m
[32m[Nest] 4029246  - [39m05/17/2026, 1:11:15 PM [32m    LOG[39m [38;5;3m[RouterExplorer] [39m[32mMapped {/api/auth/refresh, POST} route[39m[38;5;3m +1ms[39m
[32m[Nest] 4029246  - [39m05/17/2026, 1:11:15 PM [32m    LOG[39m [38;5;3m[RoutesResolver] [39m[32mCategoriesController {/api/categories}:[39m[38;5;3m +0ms[39m
[32m[Nest] 4029246  - [39m05/17/2026, 1:11:15 PM [32m    LOG[39m [38;5;3m[RouterExplorer] [39m[32mMapped {/api/categories, GET} route[39m[38;5;3m +1ms[39m
[32m[Nest] 4029246  - [39m05/17/2026, 1:11:15 PM [32m    LOG[39m [38;5;3m[RouterExplorer] [39m[32mMapped {/api/categories, POST} route[39m[38;5;3m +0ms[39m
[32m[Nest] 4029246  - [39m05/17/2026, 1:11:15 PM [32m    LOG[39m [38;5;3m[RouterExplorer] [39m[32mMapped {/api/categories/:id, PATCH} route[39m[38;5;3m +1ms[39m
[32m[Nest] 4029246  - [39m05/17/2026, 1:11:15 PM [32m    LOG[39m [38;5;3m[RouterExplorer] [39m[32mMapped {/api/categories/:id, DELETE} route[39m[38;5;3m +1ms[39m
[32m[Nest] 4029246  - [39m05/17/2026, 1:11:15 PM [32m    LOG[39m [38;5;3m[RoutesResolver] [39m[32mAssetsController {/api/assets}:[39m[38;5;3m +0ms[39m
[32m[Nest] 4029246  - [39m05/17/2026, 1:11:15 PM [32m    LOG[39m [38;5;3m[RouterExplorer] [39m[32mMapped {/api/assets, GET} route[39m[38;5;3m +1ms[39m
[32m[Nest] 4029246  - [39m05/17/2026, 1:11:15 PM [32m    LOG[39m [38;5;3m[RouterExplorer] [39m[32mMapped {/api/assets/summary, GET} route[39m[38;5;3m +0ms[39m
[32m[Nest] 4029246  - [39m05/17/2026, 1:11:15 PM [32m    LOG[39m [38;5;3m[RouterExplorer] [39m[32mMapped {/api/assets, POST} route[39m[38;5;3m +1ms[39m
[32m[Nest] 4029246  - [39m05/17/2026, 1:11:15 PM [32m    LOG[39m [38;5;3m[RouterExplorer] [39m[32mMapped {/api/assets/:id, GET} route[39m[38;5;3m +0ms[39m
[32m[Nest] 4029246  - [39m05/17/2026, 1:11:15 PM [32m    LOG[39m [38;5;3m[RouterExplorer] [39m[32mMapped {/api/assets/:id, PATCH} route[39m[38;5;3m +2ms[39m
[32m[Nest] 4029246  - [39m05/17/2026, 1:11:15 PM [32m    LOG[39m [38;5;3m[RouterExplorer] [39m[32mMapped {/api/assets/:id, DELETE} route[39m[38;5;3m +0ms[39m
[32m[Nest] 4029246  - [39m05/17/2026, 1:11:15 PM [32m    LOG[39m [38;5;3m[RoutesResolver] [39m[32mGoldController {/api/gold}:[39m[38;5;3m +0ms[39m
[32m[Nest] 4029246  - [39m05/17/2026, 1:11:15 PM [32m    LOG[39m [38;5;3m[RouterExplorer] [39m[32mMapped {/api/gold/price, GET} route[39m[38;5;3m +1ms[39m
[32m[Nest] 4029246  - [39m05/17/2026, 1:11:15 PM [32m    LOG[39m [38;5;3m[RouterExplorer] [39m[32mMapped {/api/gold/history, GET} route[39m[38;5;3m +0ms[39m
[32m[Nest] 4029246  - [39m05/17/2026, 1:11:15 PM [32m    LOG[39m [38;5;3m[RoutesResolver] [39m[32mLiabilitiesController {/api/liabilities}:[39m[38;5;3m +0ms[39m
[32m[Nest] 4029246  - [39m05/17/2026, 1:11:15 PM [32m    LOG[39m [38;5;3m[RouterExplorer] [39m[32mMapped {/api/liabilities, GET} route[39m[38;5;3m +1ms[39m
[32m[Nest] 4029246  - [39m05/17/2026, 1:11:15 PM [32m    LOG[39m [38;5;3m[RouterExplorer] [39m[32mMapped {/api/liabilities, POST} route[39m[38;5;3m +0ms[39m
[32m[Nest] 4029246  - [39m05/17/2026, 1:11:15 PM [32m    LOG[39m [38;5;3m[RouterExplorer] [39m[32mMapped {/api/liabilities/:id, GET} route[39m[38;5;3m +0ms[39m
[32m[Nest] 4029246  - [39m05/17/2026, 1:11:15 PM [32m    LOG[39m [38;5;3m[RouterExplorer] [39m[32mMapped {/api/liabilities/:id/schedule, GET} route[39m[38;5;3m +0ms[39m
[32m[Nest] 4029246  - [39m05/17/2026, 1:11:15 PM [32m    LOG[39m [38;5;3m[RouterExplorer] [39m[32mMapped {/api/liabilities/:id, PATCH} route[39m[38;5;3m +1ms[39m
[32m[Nest] 4029246  - [39m05/17/2026, 1:11:15 PM [32m    LOG[39m [38;5;3m[RouterExplorer] [39m[32mMapped {/api/liabilities/:id, DELETE} route[39m[38;5;3m +0ms[39m
[32m[Nest] 4029246  - [39m05/17/2026, 1:11:15 PM [32m    LOG[39m [38;5;3m[RoutesResolver] [39m[32mTransactionsController {/api/transactions}:[39m[38;5;3m +0ms[39m
[32m[Nest] 4029246  - [39m05/17/2026, 1:11:15 PM [32m    LOG[39m [38;5;3m[RouterExplorer] [39m[32mMapped {/api/transactions, GET} route[39m[38;5;3m +0ms[39m
[32m[Nest] 4029246  - [39m05/17/2026, 1:11:15 PM [32m    LOG[39m [38;5;3m[RouterExplorer] [39m[32mMapped {/api/transactions/summary, GET} route[39m[38;5;3m +1ms[39m
[32m[Nest] 4029246  - [39m05/17/2026, 1:11:15 PM [32m    LOG[39m [38;5;3m[RouterExplorer] [39m[32mMapped {/api/transactions, POST} route[39m[38;5;3m +0ms[39m
[32m[Nest] 4029246  - [39m05/17/2026, 1:11:15 PM [32m    LOG[39m [38;5;3m[RouterExplorer] [39m[32mMapped {/api/transactions/:id, GET} route[39m[38;5;3m +0ms[39m
[32m[Nest] 4029246  - [39m05/17/2026, 1:11:15 PM [32m    LOG[39m [38;5;3m[RouterExplorer] [39m[32mMapped {/api/transactions/:id, PATCH} route[39m[38;5;3m +0ms[39m
[32m[Nest] 4029246  - [39m05/17/2026, 1:11:15 PM [32m    LOG[39m [38;5;3m[RouterExplorer] [39m[32mMapped {/api/transactions/:id, DELETE} route[39m[38;5;3m +1ms[39m
[32m[Nest] 4029246  - [39m05/17/2026, 1:11:15 PM [32m    LOG[39m [38;5;3m[RoutesResolver] [39m[32mForecastController {/api/forecast}:[39m[38;5;3m +0ms[39m
[32m[Nest] 4029246  - [39m05/17/2026, 1:11:15 PM [32m    LOG[39m [38;5;3m[RouterExplorer] [39m[32mMapped {/api/forecast/wacr, GET} route[39m[38;5;3m +0ms[39m
[32m[Nest] 4029246  - [39m05/17/2026, 1:11:15 PM [32m    LOG[39m [38;5;3m[RouterExplorer] [39m[32mMapped {/api/forecast/cashflow, POST} route[39m[38;5;3m +0ms[39m
[32m[Nest] 4029246  - [39m05/17/2026, 1:11:15 PM [32m    LOG[39m [38;5;3m[NestApplication] [39m[32mNest application successfully started[39m[38;5;3m +29ms[39m

> backend@0.0.1 start:dev
> nest start --watch

[2J[3J[H[[90m1:11:24 PM[0m] Starting compilation in watch mode...

[[90m1:11:29 PM[0m] Found 0 errors. Watching for file changes.

[32m[Nest] 4029352  - [39m05/17/2026, 1:11:30 PM [32m    LOG[39m [38;5;3m[NestFactory] [39m[32mStarting Nest application...[39m
[32m[Nest] 4029352  - [39m05/17/2026, 1:11:30 PM [32m    LOG[39m [38;5;3m[InstanceLoader] [39m[32mAppModule dependencies initialized[39m[38;5;3m +35ms[39m
[32m[Nest] 4029352  - [39m05/17/2026, 1:11:30 PM [32m    LOG[39m [38;5;3m[InstanceLoader] [39m[32mTypeOrmModule dependencies initialized[39m[38;5;3m +0ms[39m
[32m[Nest] 4029352  - [39m05/17/2026, 1:11:30 PM [32m    LOG[39m [38;5;3m[InstanceLoader] [39m[32mPassportModule dependencies initialized[39m[38;5;3m +0ms[39m
[32m[Nest] 4029352  - [39m05/17/2026, 1:11:30 PM [32m    LOG[39m [38;5;3m[InstanceLoader] [39m[32mConfigHostModule dependencies initialized[39m[38;5;3m +1ms[39m
[32m[Nest] 4029352  - [39m05/17/2026, 1:11:30 PM [32m    LOG[39m [38;5;3m[InstanceLoader] [39m[32mJwtModule dependencies initialized[39m[38;5;3m +0ms[39m
[32m[Nest] 4029352  - [39m05/17/2026, 1:11:30 PM [32m    LOG[39m [38;5;3m[InstanceLoader] [39m[32mDiscoveryModule dependencies initialized[39m[38;5;3m +1ms[39m
[32m[Nest] 4029352  - [39m05/17/2026, 1:11:30 PM [32m    LOG[39m [38;5;3m[InstanceLoader] [39m[32mConfigModule dependencies initialized[39m[38;5;3m +66ms[39m
[32m[Nest] 4029352  - [39m05/17/2026, 1:11:30 PM [32m    LOG[39m [38;5;3m[InstanceLoader] [39m[32mConfigModule dependencies initialized[39m[38;5;3m +1ms[39m
[32m[Nest] 4029352  - [39m05/17/2026, 1:11:30 PM [32m    LOG[39m [38;5;3m[InstanceLoader] [39m[32mScheduleModule dependencies initialized[39m[38;5;3m +0ms[39m
[32m[Nest] 4029352  - [39m05/17/2026, 1:11:30 PM [32m    LOG[39m [38;5;3m[InstanceLoader] [39m[32mEncryptionModule dependencies initialized[39m[38;5;3m +24ms[39m
[32m[Nest] 4029352  - [39m05/17/2026, 1:11:30 PM [32m    LOG[39m [38;5;3m[InstanceLoader] [39m[32mStockModule dependencies initialized[39m[38;5;3m +0ms[39m
[32m[Nest] 4029352  - [39m05/17/2026, 1:11:30 PM [32m    LOG[39m [38;5;3m[InstanceLoader] [39m[32mThrottlerModule dependencies initialized[39m[38;5;3m +1ms[39m
[31m[Nest] 4029352  - [39m05/17/2026, 1:11:30 PM [31m  ERROR[39m [38;5;3m[TypeOrmModule] [39m[31mUnable to connect to the database. Retrying (1)...[39m
DataTypeNotSupportedError: Data type "Object" in "Asset.stockCode" is not supported by "sqlite" database.
    at <anonymous> (/home/kyrie/workspace/elevate-life/backend/node_modules/typeorm/metadata-builder/src/metadata-builder/EntityMetadataValidator.ts:133:31)
    at Array.forEach (<anonymous>)
    at EntityMetadataValidator.validate (/home/kyrie/workspace/elevate-life/backend/node_modules/typeorm/metadata-builder/src/metadata-builder/EntityMetadataValidator.ts:128:18)
    at <anonymous> (/home/kyrie/workspace/elevate-life/backend/node_modules/typeorm/metadata-builder/src/metadata-builder/EntityMetadataValidator.ts:43:18)
    at Array.forEach (<anonymous>)
    at EntityMetadataValidator.validateMany (/home/kyrie/workspace/elevate-life/backend/node_modules/typeorm/metadata-builder/src/metadata-builder/EntityMetadataValidator.ts:42:25)
    at DataSource.buildMetadatas (/home/kyrie/workspace/elevate-life/backend/node_modules/typeorm/data-source/src/data-source/DataSource.ts:753:33)
    at async DataSource.initialize (/home/kyrie/workspace/elevate-life/backend/node_modules/typeorm/data-source/src/data-source/DataSource.ts:264:13)
[31m[Nest] 4029352  - [39m05/17/2026, 1:11:33 PM [31m  ERROR[39m [38;5;3m[TypeOrmModule] [39m[31mUnable to connect to the database. Retrying (2)...[39m
DataTypeNotSupportedError: Data type "Object" in "Asset.stockCode" is not supported by "sqlite" database.
    at <anonymous> (/home/kyrie/workspace/elevate-life/backend/node_modules/typeorm/metadata-builder/src/metadata-builder/EntityMetadataValidator.ts:133:31)
    at Array.forEach (<anonymous>)
    at EntityMetadataValidator.validate (/home/kyrie/workspace/elevate-life/backend/node_modules/typeorm/metadata-builder/src/metadata-builder/EntityMetadataValidator.ts:128:18)
    at <anonymous> (/home/kyrie/workspace/elevate-life/backend/node_modules/typeorm/metadata-builder/src/metadata-builder/EntityMetadataValidator.ts:43:18)
    at Array.forEach (<anonymous>)
    at EntityMetadataValidator.validateMany (/home/kyrie/workspace/elevate-life/backend/node_modules/typeorm/metadata-builder/src/metadata-builder/EntityMetadataValidator.ts:42:25)
    at DataSource.buildMetadatas (/home/kyrie/workspace/elevate-life/backend/node_modules/typeorm/data-source/src/data-source/DataSource.ts:753:33)
    at async DataSource.initialize (/home/kyrie/workspace/elevate-life/backend/node_modules/typeorm/data-source/src/data-source/DataSource.ts:264:13)
[31m[Nest] 4029352  - [39m05/17/2026, 1:11:36 PM [31m  ERROR[39m [38;5;3m[TypeOrmModule] [39m[31mUnable to connect to the database. Retrying (3)...[39m
DataTypeNotSupportedError: Data type "Object" in "Asset.stockCode" is not supported by "sqlite" database.
    at <anonymous> (/home/kyrie/workspace/elevate-life/backend/node_modules/typeorm/metadata-builder/src/metadata-builder/EntityMetadataValidator.ts:133:31)
    at Array.forEach (<anonymous>)
    at EntityMetadataValidator.validate (/home/kyrie/workspace/elevate-life/backend/node_modules/typeorm/metadata-builder/src/metadata-builder/EntityMetadataValidator.ts:128:18)
    at <anonymous> (/home/kyrie/workspace/elevate-life/backend/node_modules/typeorm/metadata-builder/src/metadata-builder/EntityMetadataValidator.ts:43:18)
    at Array.forEach (<anonymous>)
    at EntityMetadataValidator.validateMany (/home/kyrie/workspace/elevate-life/backend/node_modules/typeorm/metadata-builder/src/metadata-builder/EntityMetadataValidator.ts:42:25)
    at DataSource.buildMetadatas (/home/kyrie/workspace/elevate-life/backend/node_modules/typeorm/data-source/src/data-source/DataSource.ts:753:33)
    at async DataSource.initialize (/home/kyrie/workspace/elevate-life/backend/node_modules/typeorm/data-source/src/data-source/DataSource.ts:264:13)
[31m[Nest] 4029352  - [39m05/17/2026, 1:11:39 PM [31m  ERROR[39m [38;5;3m[TypeOrmModule] [39m[31mUnable to connect to the database. Retrying (4)...[39m
DataTypeNotSupportedError: Data type "Object" in "Asset.stockCode" is not supported by "sqlite" database.
    at <anonymous> (/home/kyrie/workspace/elevate-life/backend/node_modules/typeorm/metadata-builder/src/metadata-builder/EntityMetadataValidator.ts:133:31)
    at Array.forEach (<anonymous>)
    at EntityMetadataValidator.validate (/home/kyrie/workspace/elevate-life/backend/node_modules/typeorm/metadata-builder/src/metadata-builder/EntityMetadataValidator.ts:128:18)
    at <anonymous> (/home/kyrie/workspace/elevate-life/backend/node_modules/typeorm/metadata-builder/src/metadata-builder/EntityMetadataValidator.ts:43:18)
    at Array.forEach (<anonymous>)
    at EntityMetadataValidator.validateMany (/home/kyrie/workspace/elevate-life/backend/node_modules/typeorm/metadata-builder/src/metadata-builder/EntityMetadataValidator.ts:42:25)
    at DataSource.buildMetadatas (/home/kyrie/workspace/elevate-life/backend/node_modules/typeorm/data-source/src/data-source/DataSource.ts:753:33)
    at async DataSource.initialize (/home/kyrie/workspace/elevate-life/backend/node_modules/typeorm/data-source/src/data-source/DataSource.ts:264:13)
[31m[Nest] 4029352  - [39m05/17/2026, 1:11:42 PM [31m  ERROR[39m [38;5;3m[TypeOrmModule] [39m[31mUnable to connect to the database. Retrying (5)...[39m
DataTypeNotSupportedError: Data type "Object" in "Asset.stockCode" is not supported by "sqlite" database.
    at <anonymous> (/home/kyrie/workspace/elevate-life/backend/node_modules/typeorm/metadata-builder/src/metadata-builder/EntityMetadataValidator.ts:133:31)
    at Array.forEach (<anonymous>)
    at EntityMetadataValidator.validate (/home/kyrie/workspace/elevate-life/backend/node_modules/typeorm/metadata-builder/src/metadata-builder/EntityMetadataValidator.ts:128:18)
    at <anonymous> (/home/kyrie/workspace/elevate-life/backend/node_modules/typeorm/metadata-builder/src/metadata-builder/EntityMetadataValidator.ts:43:18)
    at Array.forEach (<anonymous>)
    at EntityMetadataValidator.validateMany (/home/kyrie/workspace/elevate-life/backend/node_modules/typeorm/metadata-builder/src/metadata-builder/EntityMetadataValidator.ts:42:25)
    at DataSource.buildMetadatas (/home/kyrie/workspace/elevate-life/backend/node_modules/typeorm/data-source/src/data-source/DataSource.ts:753:33)
    at async DataSource.initialize (/home/kyrie/workspace/elevate-life/backend/node_modules/typeorm/data-source/src/data-source/DataSource.ts:264:13)
[31m[Nest] 4029352  - [39m05/17/2026, 1:11:45 PM [31m  ERROR[39m [38;5;3m[TypeOrmModule] [39m[31mUnable to connect to the database. Retrying (6)...[39m
DataTypeNotSupportedError: Data type "Object" in "Asset.stockCode" is not supported by "sqlite" database.
    at <anonymous> (/home/kyrie/workspace/elevate-life/backend/node_modules/typeorm/metadata-builder/src/metadata-builder/EntityMetadataValidator.ts:133:31)
    at Array.forEach (<anonymous>)
    at EntityMetadataValidator.validate (/home/kyrie/workspace/elevate-life/backend/node_modules/typeorm/metadata-builder/src/metadata-builder/EntityMetadataValidator.ts:128:18)
    at <anonymous> (/home/kyrie/workspace/elevate-life/backend/node_modules/typeorm/metadata-builder/src/metadata-builder/EntityMetadataValidator.ts:43:18)
    at Array.forEach (<anonymous>)
    at EntityMetadataValidator.validateMany (/home/kyrie/workspace/elevate-life/backend/node_modules/typeorm/metadata-builder/src/metadata-builder/EntityMetadataValidator.ts:42:25)
    at DataSource.buildMetadatas (/home/kyrie/workspace/elevate-life/backend/node_modules/typeorm/data-source/src/data-source/DataSource.ts:753:33)
    at async DataSource.initialize (/home/kyrie/workspace/elevate-life/backend/node_modules/typeorm/data-source/src/data-source/DataSource.ts:264:13)
[31m[Nest] 4029352  - [39m05/17/2026, 1:11:48 PM [31m  ERROR[39m [38;5;3m[TypeOrmModule] [39m[31mUnable to connect to the database. Retrying (7)...[39m
DataTypeNotSupportedError: Data type "Object" in "Asset.stockCode" is not supported by "sqlite" database.
    at <anonymous> (/home/kyrie/workspace/elevate-life/backend/node_modules/typeorm/metadata-builder/src/metadata-builder/EntityMetadataValidator.ts:133:31)
    at Array.forEach (<anonymous>)
    at EntityMetadataValidator.validate (/home/kyrie/workspace/elevate-life/backend/node_modules/typeorm/metadata-builder/src/metadata-builder/EntityMetadataValidator.ts:128:18)
    at <anonymous> (/home/kyrie/workspace/elevate-life/backend/node_modules/typeorm/metadata-builder/src/metadata-builder/EntityMetadataValidator.ts:43:18)
    at Array.forEach (<anonymous>)
    at EntityMetadataValidator.validateMany (/home/kyrie/workspace/elevate-life/backend/node_modules/typeorm/metadata-builder/src/metadata-builder/EntityMetadataValidator.ts:42:25)
    at DataSource.buildMetadatas (/home/kyrie/workspace/elevate-life/backend/node_modules/typeorm/data-source/src/data-source/DataSource.ts:753:33)
    at async DataSource.initialize (/home/kyrie/workspace/elevate-life/backend/node_modules/typeorm/data-source/src/data-source/DataSource.ts:264:13)
[31m[Nest] 4029352  - [39m05/17/2026, 1:11:51 PM [31m  ERROR[39m [38;5;3m[TypeOrmModule] [39m[31mUnable to connect to the database. Retrying (8)...[39m
DataTypeNotSupportedError: Data type "Object" in "Asset.stockCode" is not supported by "sqlite" database.
    at <anonymous> (/home/kyrie/workspace/elevate-life/backend/node_modules/typeorm/metadata-builder/src/metadata-builder/EntityMetadataValidator.ts:133:31)
    at Array.forEach (<anonymous>)
    at EntityMetadataValidator.validate (/home/kyrie/workspace/elevate-life/backend/node_modules/typeorm/metadata-builder/src/metadata-builder/EntityMetadataValidator.ts:128:18)
    at <anonymous> (/home/kyrie/workspace/elevate-life/backend/node_modules/typeorm/metadata-builder/src/metadata-builder/EntityMetadataValidator.ts:43:18)
    at Array.forEach (<anonymous>)
    at EntityMetadataValidator.validateMany (/home/kyrie/workspace/elevate-life/backend/node_modules/typeorm/metadata-builder/src/metadata-builder/EntityMetadataValidator.ts:42:25)
    at DataSource.buildMetadatas (/home/kyrie/workspace/elevate-life/backend/node_modules/typeorm/data-source/src/data-source/DataSource.ts:753:33)
    at async DataSource.initialize (/home/kyrie/workspace/elevate-life/backend/node_modules/typeorm/data-source/src/data-source/DataSource.ts:264:13)
[2J[3J[H[[90m1:11:54 PM[0m] File change detected. Starting incremental compilation...

[31m[Nest] 4029352  - [39m05/17/2026, 1:11:54 PM [31m  ERROR[39m [38;5;3m[TypeOrmModule] [39m[31mUnable to connect to the database. Retrying (9)...[39m
DataTypeNotSupportedError: Data type "Object" in "Asset.stockCode" is not supported by "sqlite" database.
    at <anonymous> (/home/kyrie/workspace/elevate-life/backend/node_modules/typeorm/metadata-builder/src/metadata-builder/EntityMetadataValidator.ts:133:31)
    at Array.forEach (<anonymous>)
    at EntityMetadataValidator.validate (/home/kyrie/workspace/elevate-life/backend/node_modules/typeorm/metadata-builder/src/metadata-builder/EntityMetadataValidator.ts:128:18)
    at <anonymous> (/home/kyrie/workspace/elevate-life/backend/node_modules/typeorm/metadata-builder/src/metadata-builder/EntityMetadataValidator.ts:43:18)
    at Array.forEach (<anonymous>)
    at EntityMetadataValidator.validateMany (/home/kyrie/workspace/elevate-life/backend/node_modules/typeorm/metadata-builder/src/metadata-builder/EntityMetadataValidator.ts:42:25)
    at DataSource.buildMetadatas (/home/kyrie/workspace/elevate-life/backend/node_modules/typeorm/data-source/src/data-source/DataSource.ts:753:33)
    at async DataSource.initialize (/home/kyrie/workspace/elevate-life/backend/node_modules/typeorm/data-source/src/data-source/DataSource.ts:264:13)
[31m[Nest] 4029352  - [39m05/17/2026, 1:11:54 PM [31m  ERROR[39m [38;5;3m[ExceptionHandler] [39mDataTypeNotSupportedError: Data type "Object" in "Asset.stockCode" is not supported by "sqlite" database.
    at <anonymous> [90m(/home/kyrie/workspace/elevate-life/backend/[39mnode_modules/[4mtypeorm[24m/metadata-builder/src/metadata-builder/EntityMetadataValidator.ts:133:31[90m)[39m
    at Array.forEach (<anonymous>)
    at EntityMetadataValidator.validate [90m(/home/kyrie/workspace/elevate-life/backend/[39mnode_modules/[4mtypeorm[24m/metadata-builder/src/metadata-builder/EntityMetadataValidator.ts:128:18[90m)[39m
    at <anonymous> [90m(/home/kyrie/workspace/elevate-life/backend/[39mnode_modules/[4mtypeorm[24m/metadata-builder/src/metadata-builder/EntityMetadataValidator.ts:43:18[90m)[39m
    at Array.forEach (<anonymous>)
    at EntityMetadataValidator.validateMany [90m(/home/kyrie/workspace/elevate-life/backend/[39mnode_modules/[4mtypeorm[24m/metadata-builder/src/metadata-builder/EntityMetadataValidator.ts:42:25[90m)[39m
    at DataSource.buildMetadatas [90m(/home/kyrie/workspace/elevate-life/backend/[39mnode_modules/[4mtypeorm[24m/data-source/src/data-source/DataSource.ts:753:33[90m)[39m
    at async DataSource.initialize [90m(/home/kyrie/workspace/elevate-life/backend/[39mnode_modules/[4mtypeorm[24m/data-source/src/data-source/DataSource.ts:264:13[90m)[39m
[[90m1:11:54 PM[0m] Found 0 errors. Watching for file changes.

[32m[Nest] 4029404  - [39m05/17/2026, 1:11:55 PM [32m    LOG[39m [38;5;3m[NestFactory] [39m[32mStarting Nest application...[39m
[32m[Nest] 4029404  - [39m05/17/2026, 1:11:56 PM [32m    LOG[39m [38;5;3m[InstanceLoader] [39m[32mAppModule dependencies initialized[39m[38;5;3m +33ms[39m
[32m[Nest] 4029404  - [39m05/17/2026, 1:11:56 PM [32m    LOG[39m [38;5;3m[InstanceLoader] [39m[32mTypeOrmModule dependencies initialized[39m[38;5;3m +0ms[39m
[32m[Nest] 4029404  - [39m05/17/2026, 1:11:56 PM [32m    LOG[39m [38;5;3m[InstanceLoader] [39m[32mPassportModule dependencies initialized[39m[38;5;3m +0ms[39m
[32m[Nest] 4029404  - [39m05/17/2026, 1:11:56 PM [32m    LOG[39m [38;5;3m[InstanceLoader] [39m[32mConfigHostModule dependencies initialized[39m[38;5;3m +1ms[39m
[32m[Nest] 4029404  - [39m05/17/2026, 1:11:56 PM [32m    LOG[39m [38;5;3m[InstanceLoader] [39m[32mJwtModule dependencies initialized[39m[38;5;3m +0ms[39m
[32m[Nest] 4029404  - [39m05/17/2026, 1:11:56 PM [32m    LOG[39m [38;5;3m[InstanceLoader] [39m[32mDiscoveryModule dependencies initialized[39m[38;5;3m +0ms[39m
[32m[Nest] 4029404  - [39m05/17/2026, 1:11:56 PM [32m    LOG[39m [38;5;3m[InstanceLoader] [39m[32mConfigModule dependencies initialized[39m[38;5;3m +65ms[39m
[32m[Nest] 4029404  - [39m05/17/2026, 1:11:56 PM [32m    LOG[39m [38;5;3m[InstanceLoader] [39m[32mConfigModule dependencies initialized[39m[38;5;3m +0ms[39m
[32m[Nest] 4029404  - [39m05/17/2026, 1:11:56 PM [32m    LOG[39m [38;5;3m[InstanceLoader] [39m[32mScheduleModule dependencies initialized[39m[38;5;3m +1ms[39m
[32m[Nest] 4029404  - [39m05/17/2026, 1:11:56 PM [32m    LOG[39m [38;5;3m[InstanceLoader] [39m[32mEncryptionModule dependencies initialized[39m[38;5;3m +8ms[39m
[32m[Nest] 4029404  - [39m05/17/2026, 1:11:56 PM [32m    LOG[39m [38;5;3m[InstanceLoader] [39m[32mStockModule dependencies initialized[39m[38;5;3m +0ms[39m
[32m[Nest] 4029404  - [39m05/17/2026, 1:11:56 PM [32m    LOG[39m [38;5;3m[InstanceLoader] [39m[32mThrottlerModule dependencies initialized[39m[38;5;3m +1ms[39m
[32m[Nest] 4029404  - [39m05/17/2026, 1:11:56 PM [32m    LOG[39m [38;5;3m[InstanceLoader] [39m[32mTypeOrmCoreModule dependencies initialized[39m[38;5;3m +74ms[39m
[32m[Nest] 4029404  - [39m05/17/2026, 1:11:56 PM [32m    LOG[39m [38;5;3m[InstanceLoader] [39m[32mTypeOrmModule dependencies initialized[39m[38;5;3m +1ms[39m
[32m[Nest] 4029404  - [39m05/17/2026, 1:11:56 PM [32m    LOG[39m [38;5;3m[InstanceLoader] [39m[32mTypeOrmModule dependencies initialized[39m[38;5;3m +0ms[39m
[32m[Nest] 4029404  - [39m05/17/2026, 1:11:56 PM [32m    LOG[39m [38;5;3m[InstanceLoader] [39m[32mTypeOrmModule dependencies initialized[39m[38;5;3m +0ms[39m
[32m[Nest] 4029404  - [39m05/17/2026, 1:11:56 PM [32m    LOG[39m [38;5;3m[InstanceLoader] [39m[32mTypeOrmModule dependencies initialized[39m[38;5;3m +0ms[39m
[32m[Nest] 4029404  - [39m05/17/2026, 1:11:56 PM [32m    LOG[39m [38;5;3m[InstanceLoader] [39m[32mTypeOrmModule dependencies initialized[39m[38;5;3m +0ms[39m
[32m[Nest] 4029404  - [39m05/17/2026, 1:11:56 PM [32m    LOG[39m [38;5;3m[InstanceLoader] [39m[32mTypeOrmModule dependencies initialized[39m[38;5;3m +0ms[39m
[32m[Nest] 4029404  - [39m05/17/2026, 1:11:56 PM [32m    LOG[39m [38;5;3m[InstanceLoader] [39m[32mTypeOrmModule dependencies initialized[39m[38;5;3m +1ms[39m
[32m[Nest] 4029404  - [39m05/17/2026, 1:11:56 PM [32m    LOG[39m [38;5;3m[InstanceLoader] [39m[32mForecastModule dependencies initialized[39m[38;5;3m +0ms[39m
[32m[Nest] 4029404  - [39m05/17/2026, 1:11:56 PM [32m    LOG[39m [38;5;3m[InstanceLoader] [39m[32mUsersModule dependencies initialized[39m[38;5;3m +1ms[39m
[32m[Nest] 4029404  - [39m05/17/2026, 1:11:56 PM [32m    LOG[39m [38;5;3m[InstanceLoader] [39m[32mGoldModule dependencies initialized[39m[38;5;3m +1ms[39m
[32m[Nest] 4029404  - [39m05/17/2026, 1:11:56 PM [32m    LOG[39m [38;5;3m[InstanceLoader] [39m[32mAuthModule dependencies initialized[39m[38;5;3m +0ms[39m
[32m[Nest] 4029404  - [39m05/17/2026, 1:11:56 PM [32m    LOG[39m [38;5;3m[InstanceLoader] [39m[32mCategoriesModule dependencies initialized[39m[38;5;3m +1ms[39m
[32m[Nest] 4029404  - [39m05/17/2026, 1:11:56 PM [32m    LOG[39m [38;5;3m[InstanceLoader] [39m[32mLiabilitiesModule dependencies initialized[39m[38;5;3m +0ms[39m
[32m[Nest] 4029404  - [39m05/17/2026, 1:11:56 PM [32m    LOG[39m [38;5;3m[InstanceLoader] [39m[32mAssetsModule dependencies initialized[39m[38;5;3m +1ms[39m
[32m[Nest] 4029404  - [39m05/17/2026, 1:11:56 PM [32m    LOG[39m [38;5;3m[InstanceLoader] [39m[32mTransactionsModule dependencies initialized[39m[38;5;3m +0ms[39m
[32m[Nest] 4029404  - [39m05/17/2026, 1:11:56 PM [32m    LOG[39m [38;5;3m[RoutesResolver] [39m[32mAuthController {/api/auth}:[39m[38;5;3m +22ms[39m
[32m[Nest] 4029404  - [39m05/17/2026, 1:11:56 PM [32m    LOG[39m [38;5;3m[RouterExplorer] [39m[32mMapped {/api/auth/register, POST} route[39m[38;5;3m +4ms[39m
[32m[Nest] 4029404  - [39m05/17/2026, 1:11:56 PM [32m    LOG[39m [38;5;3m[RouterExplorer] [39m[32mMapped {/api/auth/login, POST} route[39m[38;5;3m +1ms[39m
[32m[Nest] 4029404  - [39m05/17/2026, 1:11:56 PM [32m    LOG[39m [38;5;3m[RouterExplorer] [39m[32mMapped {/api/auth/refresh, POST} route[39m[38;5;3m +0ms[39m
[32m[Nest] 4029404  - [39m05/17/2026, 1:11:56 PM [32m    LOG[39m [38;5;3m[RoutesResolver] [39m[32mCategoriesController {/api/categories}:[39m[38;5;3m +1ms[39m
[32m[Nest] 4029404  - [39m05/17/2026, 1:11:56 PM [32m    LOG[39m [38;5;3m[RouterExplorer] [39m[32mMapped {/api/categories, GET} route[39m[38;5;3m +1ms[39m
[32m[Nest] 4029404  - [39m05/17/2026, 1:11:56 PM [32m    LOG[39m [38;5;3m[RouterExplorer] [39m[32mMapped {/api/categories, POST} route[39m[38;5;3m +0ms[39m
[32m[Nest] 4029404  - [39m05/17/2026, 1:11:56 PM [32m    LOG[39m [38;5;3m[RouterExplorer] [39m[32mMapped {/api/categories/:id, PATCH} route[39m[38;5;3m +1ms[39m
[32m[Nest] 4029404  - [39m05/17/2026, 1:11:56 PM [32m    LOG[39m [38;5;3m[RouterExplorer] [39m[32mMapped {/api/categories/:id, DELETE} route[39m[38;5;3m +1ms[39m
[32m[Nest] 4029404  - [39m05/17/2026, 1:11:56 PM [32m    LOG[39m [38;5;3m[RoutesResolver] [39m[32mAssetsController {/api/assets}:[39m[38;5;3m +0ms[39m
[32m[Nest] 4029404  - [39m05/17/2026, 1:11:56 PM [32m    LOG[39m [38;5;3m[RouterExplorer] [39m[32mMapped {/api/assets, GET} route[39m[38;5;3m +1ms[39m
[32m[Nest] 4029404  - [39m05/17/2026, 1:11:56 PM [32m    LOG[39m [38;5;3m[RouterExplorer] [39m[32mMapped {/api/assets/summary, GET} route[39m[38;5;3m +1ms[39m
[32m[Nest] 4029404  - [39m05/17/2026, 1:11:56 PM [32m    LOG[39m [38;5;3m[RouterExplorer] [39m[32mMapped {/api/assets, POST} route[39m[38;5;3m +0ms[39m
[32m[Nest] 4029404  - [39m05/17/2026, 1:11:56 PM [32m    LOG[39m [38;5;3m[RouterExplorer] [39m[32mMapped {/api/assets/:id, GET} route[39m[38;5;3m +0ms[39m
[32m[Nest] 4029404  - [39m05/17/2026, 1:11:56 PM [32m    LOG[39m [38;5;3m[RouterExplorer] [39m[32mMapped {/api/assets/:id, PATCH} route[39m[38;5;3m +1ms[39m
[32m[Nest] 4029404  - [39m05/17/2026, 1:11:56 PM [32m    LOG[39m [38;5;3m[RouterExplorer] [39m[32mMapped {/api/assets/:id, DELETE} route[39m[38;5;3m +0ms[39m
[32m[Nest] 4029404  - [39m05/17/2026, 1:11:56 PM [32m    LOG[39m [38;5;3m[RoutesResolver] [39m[32mGoldController {/api/gold}:[39m[38;5;3m +0ms[39m
[32m[Nest] 4029404  - [39m05/17/2026, 1:11:56 PM [32m    LOG[39m [38;5;3m[RouterExplorer] [39m[32mMapped {/api/gold/price, GET} route[39m[38;5;3m +1ms[39m
[32m[Nest] 4029404  - [39m05/17/2026, 1:11:56 PM [32m    LOG[39m [38;5;3m[RouterExplorer] [39m[32mMapped {/api/gold/history, GET} route[39m[38;5;3m +0ms[39m
[32m[Nest] 4029404  - [39m05/17/2026, 1:11:56 PM [32m    LOG[39m [38;5;3m[RoutesResolver] [39m[32mLiabilitiesController {/api/liabilities}:[39m[38;5;3m +0ms[39m
[32m[Nest] 4029404  - [39m05/17/2026, 1:11:56 PM [32m    LOG[39m [38;5;3m[RouterExplorer] [39m[32mMapped {/api/liabilities, GET} route[39m[38;5;3m +0ms[39m
[32m[Nest] 4029404  - [39m05/17/2026, 1:11:56 PM [32m    LOG[39m [38;5;3m[RouterExplorer] [39m[32mMapped {/api/liabilities, POST} route[39m[38;5;3m +1ms[39m
[32m[Nest] 4029404  - [39m05/17/2026, 1:11:56 PM [32m    LOG[39m [38;5;3m[RouterExplorer] [39m[32mMapped {/api/liabilities/:id, GET} route[39m[38;5;3m +0ms[39m
[32m[Nest] 4029404  - [39m05/17/2026, 1:11:56 PM [32m    LOG[39m [38;5;3m[RouterExplorer] [39m[32mMapped {/api/liabilities/:id/schedule, GET} route[39m[38;5;3m +1ms[39m
[32m[Nest] 4029404  - [39m05/17/2026, 1:11:56 PM [32m    LOG[39m [38;5;3m[RouterExplorer] [39m[32mMapped {/api/liabilities/:id, PATCH} route[39m[38;5;3m +0ms[39m
[32m[Nest] 4029404  - [39m05/17/2026, 1:11:56 PM [32m    LOG[39m [38;5;3m[RouterExplorer] [39m[32mMapped {/api/liabilities/:id, DELETE} route[39m[38;5;3m +0ms[39m
[32m[Nest] 4029404  - [39m05/17/2026, 1:11:56 PM [32m    LOG[39m [38;5;3m[RoutesResolver] [39m[32mTransactionsController {/api/transactions}:[39m[38;5;3m +0ms[39m
[32m[Nest] 4029404  - [39m05/17/2026, 1:11:56 PM [32m    LOG[39m [38;5;3m[RouterExplorer] [39m[32mMapped {/api/transactions, GET} route[39m[38;5;3m +1ms[39m
[32m[Nest] 4029404  - [39m05/17/2026, 1:11:56 PM [32m    LOG[39m [38;5;3m[RouterExplorer] [39m[32mMapped {/api/transactions/summary, GET} route[39m[38;5;3m +0ms[39m
[32m[Nest] 4029404  - [39m05/17/2026, 1:11:56 PM [32m    LOG[39m [38;5;3m[RouterExplorer] [39m[32mMapped {/api/transactions, POST} route[39m[38;5;3m +0ms[39m
[32m[Nest] 4029404  - [39m05/17/2026, 1:11:56 PM [32m    LOG[39m [38;5;3m[RouterExplorer] [39m[32mMapped {/api/transactions/:id, GET} route[39m[38;5;3m +0ms[39m
[32m[Nest] 4029404  - [39m05/17/2026, 1:11:56 PM [32m    LOG[39m [38;5;3m[RouterExplorer] [39m[32mMapped {/api/transactions/:id, PATCH} route[39m[38;5;3m +1ms[39m
[32m[Nest] 4029404  - [39m05/17/2026, 1:11:56 PM [32m    LOG[39m [38;5;3m[RouterExplorer] [39m[32mMapped {/api/transactions/:id, DELETE} route[39m[38;5;3m +0ms[39m
[32m[Nest] 4029404  - [39m05/17/2026, 1:11:56 PM [32m    LOG[39m [38;5;3m[RoutesResolver] [39m[32mForecastController {/api/forecast}:[39m[38;5;3m +0ms[39m
[32m[Nest] 4029404  - [39m05/17/2026, 1:11:56 PM [32m    LOG[39m [38;5;3m[RouterExplorer] [39m[32mMapped {/api/forecast/wacr, GET} route[39m[38;5;3m +0ms[39m
[32m[Nest] 4029404  - [39m05/17/2026, 1:11:56 PM [32m    LOG[39m [38;5;3m[RouterExplorer] [39m[32mMapped {/api/forecast/cashflow, POST} route[39m[38;5;3m +0ms[39m
[32m[Nest] 4029404  - [39m05/17/2026, 1:11:56 PM [32m    LOG[39m [38;5;3m[NestApplication] [39m[32mNest application successfully started[39m[38;5;3m +38ms[39m

> backend@0.0.1 start:dev
> nest start --watch

[2J[3J[H[[90m1:12:15 PM[0m] Starting compilation in watch mode...

[[90m1:12:20 PM[0m] Found 0 errors. Watching for file changes.

[32m[Nest] 4029488  - [39m05/17/2026, 1:12:22 PM [32m    LOG[39m [38;5;3m[NestFactory] [39m[32mStarting Nest application...[39m
[32m[Nest] 4029488  - [39m05/17/2026, 1:12:22 PM [32m    LOG[39m [38;5;3m[InstanceLoader] [39m[32mAppModule dependencies initialized[39m[38;5;3m +30ms[39m
[32m[Nest] 4029488  - [39m05/17/2026, 1:12:22 PM [32m    LOG[39m [38;5;3m[InstanceLoader] [39m[32mTypeOrmModule dependencies initialized[39m[38;5;3m +0ms[39m
[32m[Nest] 4029488  - [39m05/17/2026, 1:12:22 PM [32m    LOG[39m [38;5;3m[InstanceLoader] [39m[32mPassportModule dependencies initialized[39m[38;5;3m +0ms[39m
[32m[Nest] 4029488  - [39m05/17/2026, 1:12:22 PM [32m    LOG[39m [38;5;3m[InstanceLoader] [39m[32mConfigHostModule dependencies initialized[39m[38;5;3m +1ms[39m
[32m[Nest] 4029488  - [39m05/17/2026, 1:12:22 PM [32m    LOG[39m [38;5;3m[InstanceLoader] [39m[32mJwtModule dependencies initialized[39m[38;5;3m +1ms[39m
[32m[Nest] 4029488  - [39m05/17/2026, 1:12:22 PM [32m    LOG[39m [38;5;3m[InstanceLoader] [39m[32mDiscoveryModule dependencies initialized[39m[38;5;3m +0ms[39m
[32m[Nest] 4029488  - [39m05/17/2026, 1:12:22 PM [32m    LOG[39m [38;5;3m[InstanceLoader] [39m[32mConfigModule dependencies initialized[39m[38;5;3m +64ms[39m
[32m[Nest] 4029488  - [39m05/17/2026, 1:12:22 PM [32m    LOG[39m [38;5;3m[InstanceLoader] [39m[32mConfigModule dependencies initialized[39m[38;5;3m +0ms[39m
[32m[Nest] 4029488  - [39m05/17/2026, 1:12:22 PM [32m    LOG[39m [38;5;3m[InstanceLoader] [39m[32mScheduleModule dependencies initialized[39m[38;5;3m +0ms[39m
[32m[Nest] 4029488  - [39m05/17/2026, 1:12:22 PM [32m    LOG[39m [38;5;3m[InstanceLoader] [39m[32mEncryptionModule dependencies initialized[39m[38;5;3m +9ms[39m
[32m[Nest] 4029488  - [39m05/17/2026, 1:12:22 PM [32m    LOG[39m [38;5;3m[InstanceLoader] [39m[32mStockModule dependencies initialized[39m[38;5;3m +0ms[39m
[32m[Nest] 4029488  - [39m05/17/2026, 1:12:22 PM [32m    LOG[39m [38;5;3m[InstanceLoader] [39m[32mThrottlerModule dependencies initialized[39m[38;5;3m +0ms[39m
[32m[Nest] 4029488  - [39m05/17/2026, 1:12:22 PM [32m    LOG[39m [38;5;3m[InstanceLoader] [39m[32mTypeOrmCoreModule dependencies initialized[39m[38;5;3m +75ms[39m
[32m[Nest] 4029488  - [39m05/17/2026, 1:12:22 PM [32m    LOG[39m [38;5;3m[InstanceLoader] [39m[32mTypeOrmModule dependencies initialized[39m[38;5;3m +1ms[39m
[32m[Nest] 4029488  - [39m05/17/2026, 1:12:22 PM [32m    LOG[39m [38;5;3m[InstanceLoader] [39m[32mTypeOrmModule dependencies initialized[39m[38;5;3m +0ms[39m
[32m[Nest] 4029488  - [39m05/17/2026, 1:12:22 PM [32m    LOG[39m [38;5;3m[InstanceLoader] [39m[32mTypeOrmModule dependencies initialized[39m[38;5;3m +0ms[39m
[32m[Nest] 4029488  - [39m05/17/2026, 1:12:22 PM [32m    LOG[39m [38;5;3m[InstanceLoader] [39m[32mTypeOrmModule dependencies initialized[39m[38;5;3m +0ms[39m
[32m[Nest] 4029488  - [39m05/17/2026, 1:12:22 PM [32m    LOG[39m [38;5;3m[InstanceLoader] [39m[32mTypeOrmModule dependencies initialized[39m[38;5;3m +0ms[39m
[32m[Nest] 4029488  - [39m05/17/2026, 1:12:22 PM [32m    LOG[39m [38;5;3m[InstanceLoader] [39m[32mTypeOrmModule dependencies initialized[39m[38;5;3m +0ms[39m
[32m[Nest] 4029488  - [39m05/17/2026, 1:12:22 PM [32m    LOG[39m [38;5;3m[InstanceLoader] [39m[32mTypeOrmModule dependencies initialized[39m[38;5;3m +0ms[39m
[32m[Nest] 4029488  - [39m05/17/2026, 1:12:22 PM [32m    LOG[39m [38;5;3m[InstanceLoader] [39m[32mForecastModule dependencies initialized[39m[38;5;3m +1ms[39m
[32m[Nest] 4029488  - [39m05/17/2026, 1:12:22 PM [32m    LOG[39m [38;5;3m[InstanceLoader] [39m[32mUsersModule dependencies initialized[39m[38;5;3m +0ms[39m
[32m[Nest] 4029488  - [39m05/17/2026, 1:12:22 PM [32m    LOG[39m [38;5;3m[InstanceLoader] [39m[32mGoldModule dependencies initialized[39m[38;5;3m +1ms[39m
[32m[Nest] 4029488  - [39m05/17/2026, 1:12:22 PM [32m    LOG[39m [38;5;3m[InstanceLoader] [39m[32mAuthModule dependencies initialized[39m[38;5;3m +0ms[39m
[32m[Nest] 4029488  - [39m05/17/2026, 1:12:22 PM [32m    LOG[39m [38;5;3m[InstanceLoader] [39m[32mCategoriesModule dependencies initialized[39m[38;5;3m +0ms[39m
[32m[Nest] 4029488  - [39m05/17/2026, 1:12:22 PM [32m    LOG[39m [38;5;3m[InstanceLoader] [39m[32mLiabilitiesModule dependencies initialized[39m[38;5;3m +0ms[39m
[32m[Nest] 4029488  - [39m05/17/2026, 1:12:22 PM [32m    LOG[39m [38;5;3m[InstanceLoader] [39m[32mAssetsModule dependencies initialized[39m[38;5;3m +1ms[39m
[32m[Nest] 4029488  - [39m05/17/2026, 1:12:22 PM [32m    LOG[39m [38;5;3m[InstanceLoader] [39m[32mTransactionsModule dependencies initialized[39m[38;5;3m +0ms[39m
[32m[Nest] 4029488  - [39m05/17/2026, 1:12:22 PM [32m    LOG[39m [38;5;3m[RoutesResolver] [39m[32mAuthController {/api/auth}:[39m[38;5;3m +22ms[39m
[32m[Nest] 4029488  - [39m05/17/2026, 1:12:22 PM [32m    LOG[39m [38;5;3m[RouterExplorer] [39m[32mMapped {/api/auth/register, POST} route[39m[38;5;3m +4ms[39m
[32m[Nest] 4029488  - [39m05/17/2026, 1:12:22 PM [32m    LOG[39m [38;5;3m[RouterExplorer] [39m[32mMapped {/api/auth/login, POST} route[39m[38;5;3m +1ms[39m
[32m[Nest] 4029488  - [39m05/17/2026, 1:12:22 PM [32m    LOG[39m [38;5;3m[RouterExplorer] [39m[32mMapped {/api/auth/refresh, POST} route[39m[38;5;3m +0ms[39m
[32m[Nest] 4029488  - [39m05/17/2026, 1:12:22 PM [32m    LOG[39m [38;5;3m[RoutesResolver] [39m[32mCategoriesController {/api/categories}:[39m[38;5;3m +0ms[39m
[32m[Nest] 4029488  - [39m05/17/2026, 1:12:22 PM [32m    LOG[39m [38;5;3m[RouterExplorer] [39m[32mMapped {/api/categories, GET} route[39m[38;5;3m +1ms[39m
[32m[Nest] 4029488  - [39m05/17/2026, 1:12:22 PM [32m    LOG[39m [38;5;3m[RouterExplorer] [39m[32mMapped {/api/categories, POST} route[39m[38;5;3m +1ms[39m
[32m[Nest] 4029488  - [39m05/17/2026, 1:12:22 PM [32m    LOG[39m [38;5;3m[RouterExplorer] [39m[32mMapped {/api/categories/:id, PATCH} route[39m[38;5;3m +1ms[39m
[32m[Nest] 4029488  - [39m05/17/2026, 1:12:22 PM [32m    LOG[39m [38;5;3m[RouterExplorer] [39m[32mMapped {/api/categories/:id, DELETE} route[39m[38;5;3m +0ms[39m
[32m[Nest] 4029488  - [39m05/17/2026, 1:12:22 PM [32m    LOG[39m [38;5;3m[RoutesResolver] [39m[32mAssetsController {/api/assets}:[39m[38;5;3m +0ms[39m
[32m[Nest] 4029488  - [39m05/17/2026, 1:12:22 PM [32m    LOG[39m [38;5;3m[RouterExplorer] [39m[32mMapped {/api/assets, GET} route[39m[38;5;3m +1ms[39m
[32m[Nest] 4029488  - [39m05/17/2026, 1:12:22 PM [32m    LOG[39m [38;5;3m[RouterExplorer] [39m[32mMapped {/api/assets/summary, GET} route[39m[38;5;3m +1ms[39m
[32m[Nest] 4029488  - [39m05/17/2026, 1:12:22 PM [32m    LOG[39m [38;5;3m[RouterExplorer] [39m[32mMapped {/api/assets, POST} route[39m[38;5;3m +0ms[39m
[32m[Nest] 4029488  - [39m05/17/2026, 1:12:22 PM [32m    LOG[39m [38;5;3m[RouterExplorer] [39m[32mMapped {/api/assets/:id, GET} route[39m[38;5;3m +0ms[39m
[32m[Nest] 4029488  - [39m05/17/2026, 1:12:22 PM [32m    LOG[39m [38;5;3m[RouterExplorer] [39m[32mMapped {/api/assets/:id, PATCH} route[39m[38;5;3m +1ms[39m
[32m[Nest] 4029488  - [39m05/17/2026, 1:12:22 PM [32m    LOG[39m [38;5;3m[RouterExplorer] [39m[32mMapped {/api/assets/:id, DELETE} route[39m[38;5;3m +0ms[39m
[32m[Nest] 4029488  - [39m05/17/2026, 1:12:22 PM [32m    LOG[39m [38;5;3m[RoutesResolver] [39m[32mGoldController {/api/gold}:[39m[38;5;3m +0ms[39m
[32m[Nest] 4029488  - [39m05/17/2026, 1:12:22 PM [32m    LOG[39m [38;5;3m[RouterExplorer] [39m[32mMapped {/api/gold/price, GET} route[39m[38;5;3m +1ms[39m
[32m[Nest] 4029488  - [39m05/17/2026, 1:12:22 PM [32m    LOG[39m [38;5;3m[RouterExplorer] [39m[32mMapped {/api/gold/history, GET} route[39m[38;5;3m +0ms[39m
[32m[Nest] 4029488  - [39m05/17/2026, 1:12:22 PM [32m    LOG[39m [38;5;3m[RoutesResolver] [39m[32mLiabilitiesController {/api/liabilities}:[39m[38;5;3m +0ms[39m
[32m[Nest] 4029488  - [39m05/17/2026, 1:12:22 PM [32m    LOG[39m [38;5;3m[RouterExplorer] [39m[32mMapped {/api/liabilities, GET} route[39m[38;5;3m +1ms[39m
[32m[Nest] 4029488  - [39m05/17/2026, 1:12:22 PM [32m    LOG[39m [38;5;3m[RouterExplorer] [39m[32mMapped {/api/liabilities, POST} route[39m[38;5;3m +0ms[39m
[32m[Nest] 4029488  - [39m05/17/2026, 1:12:22 PM [32m    LOG[39m [38;5;3m[RouterExplorer] [39m[32mMapped {/api/liabilities/:id, GET} route[39m[38;5;3m +0ms[39m
[32m[Nest] 4029488  - [39m05/17/2026, 1:12:22 PM [32m    LOG[39m [38;5;3m[RouterExplorer] [39m[32mMapped {/api/liabilities/:id/schedule, GET} route[39m[38;5;3m +0ms[39m
[32m[Nest] 4029488  - [39m05/17/2026, 1:12:22 PM [32m    LOG[39m [38;5;3m[RouterExplorer] [39m[32mMapped {/api/liabilities/:id, PATCH} route[39m[38;5;3m +1ms[39m
[32m[Nest] 4029488  - [39m05/17/2026, 1:12:22 PM [32m    LOG[39m [38;5;3m[RouterExplorer] [39m[32mMapped {/api/liabilities/:id, DELETE} route[39m[38;5;3m +0ms[39m
[32m[Nest] 4029488  - [39m05/17/2026, 1:12:22 PM [32m    LOG[39m [38;5;3m[RoutesResolver] [39m[32mTransactionsController {/api/transactions}:[39m[38;5;3m +0ms[39m
[32m[Nest] 4029488  - [39m05/17/2026, 1:12:22 PM [32m    LOG[39m [38;5;3m[RouterExplorer] [39m[32mMapped {/api/transactions, GET} route[39m[38;5;3m +1ms[39m
[32m[Nest] 4029488  - [39m05/17/2026, 1:12:22 PM [32m    LOG[39m [38;5;3m[RouterExplorer] [39m[32mMapped {/api/transactions/summary, GET} route[39m[38;5;3m +0ms[39m
[32m[Nest] 4029488  - [39m05/17/2026, 1:12:22 PM [32m    LOG[39m [38;5;3m[RouterExplorer] [39m[32mMapped {/api/transactions, POST} route[39m[38;5;3m +0ms[39m
[32m[Nest] 4029488  - [39m05/17/2026, 1:12:22 PM [32m    LOG[39m [38;5;3m[RouterExplorer] [39m[32mMapped {/api/transactions/:id, GET} route[39m[38;5;3m +0ms[39m
[32m[Nest] 4029488  - [39m05/17/2026, 1:12:22 PM [32m    LOG[39m [38;5;3m[RouterExplorer] [39m[32mMapped {/api/transactions/:id, PATCH} route[39m[38;5;3m +0ms[39m
[32m[Nest] 4029488  - [39m05/17/2026, 1:12:22 PM [32m    LOG[39m [38;5;3m[RouterExplorer] [39m[32mMapped {/api/transactions/:id, DELETE} route[39m[38;5;3m +1ms[39m
[32m[Nest] 4029488  - [39m05/17/2026, 1:12:22 PM [32m    LOG[39m [38;5;3m[RoutesResolver] [39m[32mForecastController {/api/forecast}:[39m[38;5;3m +0ms[39m
[32m[Nest] 4029488  - [39m05/17/2026, 1:12:22 PM [32m    LOG[39m [38;5;3m[RouterExplorer] [39m[32mMapped {/api/forecast/wacr, GET} route[39m[38;5;3m +0ms[39m
[32m[Nest] 4029488  - [39m05/17/2026, 1:12:22 PM [32m    LOG[39m [38;5;3m[RouterExplorer] [39m[32mMapped {/api/forecast/cashflow, POST} route[39m[38;5;3m +0ms[39m
[32m[Nest] 4029488  - [39m05/17/2026, 1:12:22 PM [32m    LOG[39m [38;5;3m[NestApplication] [39m[32mNest application successfully started[39m[38;5;3m +27ms[39m

> backend@0.0.1 start:dev
> nest start --watch

[2J[3J[H[[90m1:40:44 PM[0m] Starting compilation in watch mode...

[[90m1:40:49 PM[0m] Found 0 errors. Watching for file changes.

[32m[Nest] 4031364  - [39m05/17/2026, 1:40:50 PM [32m    LOG[39m [38;5;3m[NestFactory] [39m[32mStarting Nest application...[39m
[32m[Nest] 4031364  - [39m05/17/2026, 1:40:50 PM [32m    LOG[39m [38;5;3m[InstanceLoader] [39m[32mAppModule dependencies initialized[39m[38;5;3m +42ms[39m
[32m[Nest] 4031364  - [39m05/17/2026, 1:40:50 PM [32m    LOG[39m [38;5;3m[InstanceLoader] [39m[32mTypeOrmModule dependencies initialized[39m[38;5;3m +0ms[39m
[32m[Nest] 4031364  - [39m05/17/2026, 1:40:50 PM [32m    LOG[39m [38;5;3m[InstanceLoader] [39m[32mPassportModule dependencies initialized[39m[38;5;3m +0ms[39m
[32m[Nest] 4031364  - [39m05/17/2026, 1:40:50 PM [32m    LOG[39m [38;5;3m[InstanceLoader] [39m[32mConfigHostModule dependencies initialized[39m[38;5;3m +1ms[39m
[32m[Nest] 4031364  - [39m05/17/2026, 1:40:50 PM [32m    LOG[39m [38;5;3m[InstanceLoader] [39m[32mJwtModule dependencies initialized[39m[38;5;3m +0ms[39m
[32m[Nest] 4031364  - [39m05/17/2026, 1:40:50 PM [32m    LOG[39m [38;5;3m[InstanceLoader] [39m[32mDiscoveryModule dependencies initialized[39m[38;5;3m +1ms[39m
[32m[Nest] 4031364  - [39m05/17/2026, 1:40:50 PM [32m    LOG[39m [38;5;3m[InstanceLoader] [39m[32mConfigModule dependencies initialized[39m[38;5;3m +65ms[39m
[32m[Nest] 4031364  - [39m05/17/2026, 1:40:50 PM [32m    LOG[39m [38;5;3m[InstanceLoader] [39m[32mConfigModule dependencies initialized[39m[38;5;3m +0ms[39m
[32m[Nest] 4031364  - [39m05/17/2026, 1:40:50 PM [32m    LOG[39m [38;5;3m[InstanceLoader] [39m[32mScheduleModule dependencies initialized[39m[38;5;3m +0ms[39m
[32m[Nest] 4031364  - [39m05/17/2026, 1:40:50 PM [32m    LOG[39m [38;5;3m[InstanceLoader] [39m[32mEncryptionModule dependencies initialized[39m[38;5;3m +11ms[39m
[32m[Nest] 4031364  - [39m05/17/2026, 1:40:50 PM [32m    LOG[39m [38;5;3m[InstanceLoader] [39m[32mStockModule dependencies initialized[39m[38;5;3m +0ms[39m
[32m[Nest] 4031364  - [39m05/17/2026, 1:40:50 PM [32m    LOG[39m [38;5;3m[InstanceLoader] [39m[32mThrottlerModule dependencies initialized[39m[38;5;3m +1ms[39m
[32m[Nest] 4031364  - [39m05/17/2026, 1:40:50 PM [32m    LOG[39m [38;5;3m[InstanceLoader] [39m[32mTypeOrmCoreModule dependencies initialized[39m[38;5;3m +95ms[39m
[32m[Nest] 4031364  - [39m05/17/2026, 1:40:50 PM [32m    LOG[39m [38;5;3m[InstanceLoader] [39m[32mTypeOrmModule dependencies initialized[39m[38;5;3m +0ms[39m
[32m[Nest] 4031364  - [39m05/17/2026, 1:40:50 PM [32m    LOG[39m [38;5;3m[InstanceLoader] [39m[32mTypeOrmModule dependencies initialized[39m[38;5;3m +0ms[39m
[32m[Nest] 4031364  - [39m05/17/2026, 1:40:50 PM [32m    LOG[39m [38;5;3m[InstanceLoader] [39m[32mTypeOrmModule dependencies initialized[39m[38;5;3m +1ms[39m
[32m[Nest] 4031364  - [39m05/17/2026, 1:40:50 PM [32m    LOG[39m [38;5;3m[InstanceLoader] [39m[32mTypeOrmModule dependencies initialized[39m[38;5;3m +0ms[39m
[32m[Nest] 4031364  - [39m05/17/2026, 1:40:50 PM [32m    LOG[39m [38;5;3m[InstanceLoader] [39m[32mTypeOrmModule dependencies initialized[39m[38;5;3m +0ms[39m
[32m[Nest] 4031364  - [39m05/17/2026, 1:40:50 PM [32m    LOG[39m [38;5;3m[InstanceLoader] [39m[32mTypeOrmModule dependencies initialized[39m[38;5;3m +0ms[39m
[32m[Nest] 4031364  - [39m05/17/2026, 1:40:50 PM [32m    LOG[39m [38;5;3m[InstanceLoader] [39m[32mTypeOrmModule dependencies initialized[39m[38;5;3m +0ms[39m
[32m[Nest] 4031364  - [39m05/17/2026, 1:40:50 PM [32m    LOG[39m [38;5;3m[InstanceLoader] [39m[32mForecastModule dependencies initialized[39m[38;5;3m +0ms[39m
[32m[Nest] 4031364  - [39m05/17/2026, 1:40:50 PM [32m    LOG[39m [38;5;3m[InstanceLoader] [39m[32mUsersModule dependencies initialized[39m[38;5;3m +1ms[39m
[32m[Nest] 4031364  - [39m05/17/2026, 1:40:50 PM [32m    LOG[39m [38;5;3m[InstanceLoader] [39m[32mGoldModule dependencies initialized[39m[38;5;3m +1ms[39m
[32m[Nest] 4031364  - [39m05/17/2026, 1:40:50 PM [32m    LOG[39m [38;5;3m[InstanceLoader] [39m[32mAuthModule dependencies initialized[39m[38;5;3m +0ms[39m
[32m[Nest] 4031364  - [39m05/17/2026, 1:40:50 PM [32m    LOG[39m [38;5;3m[InstanceLoader] [39m[32mCategoriesModule dependencies initialized[39m[38;5;3m +1ms[39m
[32m[Nest] 4031364  - [39m05/17/2026, 1:40:50 PM [32m    LOG[39m [38;5;3m[InstanceLoader] [39m[32mLiabilitiesModule dependencies initialized[39m[38;5;3m +0ms[39m
[32m[Nest] 4031364  - [39m05/17/2026, 1:40:50 PM [32m    LOG[39m [38;5;3m[InstanceLoader] [39m[32mAssetsModule dependencies initialized[39m[38;5;3m +0ms[39m
[32m[Nest] 4031364  - [39m05/17/2026, 1:40:50 PM [32m    LOG[39m [38;5;3m[InstanceLoader] [39m[32mTransactionsModule dependencies initialized[39m[38;5;3m +0ms[39m
[32m[Nest] 4031364  - [39m05/17/2026, 1:40:50 PM [32m    LOG[39m [38;5;3m[RoutesResolver] [39m[32mAuthController {/api/auth}:[39m[38;5;3m +27ms[39m
[32m[Nest] 4031364  - [39m05/17/2026, 1:40:50 PM [32m    LOG[39m [38;5;3m[RouterExplorer] [39m[32mMapped {/api/auth/register, POST} route[39m[38;5;3m +4ms[39m
[32m[Nest] 4031364  - [39m05/17/2026, 1:40:50 PM [32m    LOG[39m [38;5;3m[RouterExplorer] [39m[32mMapped {/api/auth/login, POST} route[39m[38;5;3m +1ms[39m
[32m[Nest] 4031364  - [39m05/17/2026, 1:40:50 PM [32m    LOG[39m [38;5;3m[RouterExplorer] [39m[32mMapped {/api/auth/refresh, POST} route[39m[38;5;3m +1ms[39m
[32m[Nest] 4031364  - [39m05/17/2026, 1:40:50 PM [32m    LOG[39m [38;5;3m[RoutesResolver] [39m[32mCategoriesController {/api/categories}:[39m[38;5;3m +0ms[39m
[32m[Nest] 4031364  - [39m05/17/2026, 1:40:50 PM [32m    LOG[39m [38;5;3m[RouterExplorer] [39m[32mMapped {/api/categories, GET} route[39m[38;5;3m +1ms[39m
[32m[Nest] 4031364  - [39m05/17/2026, 1:40:50 PM [32m    LOG[39m [38;5;3m[RouterExplorer] [39m[32mMapped {/api/categories, POST} route[39m[38;5;3m +1ms[39m
[32m[Nest] 4031364  - [39m05/17/2026, 1:40:50 PM [32m    LOG[39m [38;5;3m[RouterExplorer] [39m[32mMapped {/api/categories/:id, PATCH} route[39m[38;5;3m +1ms[39m
[32m[Nest] 4031364  - [39m05/17/2026, 1:40:50 PM [32m    LOG[39m [38;5;3m[RouterExplorer] [39m[32mMapped {/api/categories/:id, DELETE} route[39m[38;5;3m +1ms[39m
[32m[Nest] 4031364  - [39m05/17/2026, 1:40:50 PM [32m    LOG[39m [38;5;3m[RoutesResolver] [39m[32mAssetsController {/api/assets}:[39m[38;5;3m +0ms[39m
[32m[Nest] 4031364  - [39m05/17/2026, 1:40:50 PM [32m    LOG[39m [38;5;3m[RouterExplorer] [39m[32mMapped {/api/assets, GET} route[39m[38;5;3m +0ms[39m
[32m[Nest] 4031364  - [39m05/17/2026, 1:40:50 PM [32m    LOG[39m [38;5;3m[RouterExplorer] [39m[32mMapped {/api/assets/summary, GET} route[39m[38;5;3m +1ms[39m
[32m[Nest] 4031364  - [39m05/17/2026, 1:40:50 PM [32m    LOG[39m [38;5;3m[RouterExplorer] [39m[32mMapped {/api/assets, POST} route[39m[38;5;3m +1ms[39m
[32m[Nest] 4031364  - [39m05/17/2026, 1:40:50 PM [32m    LOG[39m [38;5;3m[RouterExplorer] [39m[32mMapped {/api/assets/:id, GET} route[39m[38;5;3m +1ms[39m
[32m[Nest] 4031364  - [39m05/17/2026, 1:40:50 PM [32m    LOG[39m [38;5;3m[RouterExplorer] [39m[32mMapped {/api/assets/:id, PATCH} route[39m[38;5;3m +0ms[39m
[32m[Nest] 4031364  - [39m05/17/2026, 1:40:50 PM [32m    LOG[39m [38;5;3m[RouterExplorer] [39m[32mMapped {/api/assets/:id, DELETE} route[39m[38;5;3m +1ms[39m
[32m[Nest] 4031364  - [39m05/17/2026, 1:40:50 PM [32m    LOG[39m [38;5;3m[RoutesResolver] [39m[32mGoldController {/api/gold}:[39m[38;5;3m +0ms[39m
[32m[Nest] 4031364  - [39m05/17/2026, 1:40:50 PM [32m    LOG[39m [38;5;3m[RouterExplorer] [39m[32mMapped {/api/gold/price, GET} route[39m[38;5;3m +0ms[39m
[32m[Nest] 4031364  - [39m05/17/2026, 1:40:50 PM [32m    LOG[39m [38;5;3m[RouterExplorer] [39m[32mMapped {/api/gold/history, GET} route[39m[38;5;3m +1ms[39m
[32m[Nest] 4031364  - [39m05/17/2026, 1:40:50 PM [32m    LOG[39m [38;5;3m[RoutesResolver] [39m[32mLiabilitiesController {/api/liabilities}:[39m[38;5;3m +0ms[39m
[32m[Nest] 4031364  - [39m05/17/2026, 1:40:50 PM [32m    LOG[39m [38;5;3m[RouterExplorer] [39m[32mMapped {/api/liabilities, GET} route[39m[38;5;3m +0ms[39m
[32m[Nest] 4031364  - [39m05/17/2026, 1:40:50 PM [32m    LOG[39m [38;5;3m[RouterExplorer] [39m[32mMapped {/api/liabilities, POST} route[39m[38;5;3m +1ms[39m
[32m[Nest] 4031364  - [39m05/17/2026, 1:40:50 PM [32m    LOG[39m [38;5;3m[RouterExplorer] [39m[32mMapped {/api/liabilities/:id, GET} route[39m[38;5;3m +0ms[39m
[32m[Nest] 4031364  - [39m05/17/2026, 1:40:50 PM [32m    LOG[39m [38;5;3m[RouterExplorer] [39m[32mMapped {/api/liabilities/:id/schedule, GET} route[39m[38;5;3m +0ms[39m
[32m[Nest] 4031364  - [39m05/17/2026, 1:40:50 PM [32m    LOG[39m [38;5;3m[RouterExplorer] [39m[32mMapped {/api/liabilities/:id, PATCH} route[39m[38;5;3m +0ms[39m
[32m[Nest] 4031364  - [39m05/17/2026, 1:40:50 PM [32m    LOG[39m [38;5;3m[RouterExplorer] [39m[32mMapped {/api/liabilities/:id, DELETE} route[39m[38;5;3m +1ms[39m
[32m[Nest] 4031364  - [39m05/17/2026, 1:40:50 PM [32m    LOG[39m [38;5;3m[RoutesResolver] [39m[32mTransactionsController {/api/transactions}:[39m[38;5;3m +0ms[39m
[32m[Nest] 4031364  - [39m05/17/2026, 1:40:50 PM [32m    LOG[39m [38;5;3m[RouterExplorer] [39m[32mMapped {/api/transactions, GET} route[39m[38;5;3m +0ms[39m
[32m[Nest] 4031364  - [39m05/17/2026, 1:40:50 PM [32m    LOG[39m [38;5;3m[RouterExplorer] [39m[32mMapped {/api/transactions/summary, GET} route[39m[38;5;3m +1ms[39m
[32m[Nest] 4031364  - [39m05/17/2026, 1:40:50 PM [32m    LOG[39m [38;5;3m[RouterExplorer] [39m[32mMapped {/api/transactions, POST} route[39m[38;5;3m +0ms[39m
[32m[Nest] 4031364  - [39m05/17/2026, 1:40:50 PM [32m    LOG[39m [38;5;3m[RouterExplorer] [39m[32mMapped {/api/transactions/:id, GET} route[39m[38;5;3m +0ms[39m
[32m[Nest] 4031364  - [39m05/17/2026, 1:40:50 PM [32m    LOG[39m [38;5;3m[RouterExplorer] [39m[32mMapped {/api/transactions/:id, PATCH} route[39m[38;5;3m +1ms[39m
[32m[Nest] 4031364  - [39m05/17/2026, 1:40:50 PM [32m    LOG[39m [38;5;3m[RouterExplorer] [39m[32mMapped {/api/transactions/:id, DELETE} route[39m[38;5;3m +0ms[39m
[32m[Nest] 4031364  - [39m05/17/2026, 1:40:50 PM [32m    LOG[39m [38;5;3m[RoutesResolver] [39m[32mForecastController {/api/forecast}:[39m[38;5;3m +0ms[39m
[32m[Nest] 4031364  - [39m05/17/2026, 1:40:50 PM [32m    LOG[39m [38;5;3m[RouterExplorer] [39m[32mMapped {/api/forecast/wacr, GET} route[39m[38;5;3m +0ms[39m
[32m[Nest] 4031364  - [39m05/17/2026, 1:40:50 PM [32m    LOG[39m [38;5;3m[RouterExplorer] [39m[32mMapped {/api/forecast/cashflow, POST} route[39m[38;5;3m +1ms[39m
[32m[Nest] 4031364  - [39m05/17/2026, 1:40:50 PM [32m    LOG[39m [38;5;3m[NestApplication] [39m[32mNest application successfully started[39m[38;5;3m +28ms[39m
[31m[Nest] 4031364  - [39m05/17/2026, 1:40:50 PM [31m  ERROR[39m [38;5;3m[NestApplication] [39m[31mError: listen EADDRINUSE: address already in use :::3000[39m[38;5;3m +3ms[39m
node:net:1908
    const ex = new UVExceptionWithHostPort(err, 'listen', address, port);
               ^

Error: listen EADDRINUSE: address already in use :::3000
    at Server.setupListenHandle [as _listen2] (node:net:1908:16)
    at listenInCluster (node:net:1965:12)
    at Server.listen (node:net:2067:7)
    at ExpressAdapter.listen (/home/kyrie/workspace/elevate-life/backend/node_modules/@nestjs/platform-express/adapters/express-adapter.js:115:32)
    at /home/kyrie/workspace/elevate-life/backend/node_modules/@nestjs/core/nest-application.js:188:30
    at new Promise (<anonymous>)
    at NestApplication.listen (/home/kyrie/workspace/elevate-life/backend/node_modules/@nestjs/core/nest-application.js:178:16)
    at async bootstrap (/home/kyrie/workspace/elevate-life/backend/src/main.ts:20:3) {
  code: 'EADDRINUSE',
  errno: -98,
  syscall: 'listen',
  address: '::',
  port: 3000
}

Node.js v20.20.0
[32m[Nest] 4029488  - [39m05/17/2026, 2:00:01 PM [32m    LOG[39m [38;5;3m[GoldService] [39m[32mGold price from eastmoney_gc: 105.18 CNY/g[39m
[2J[3J[H[[90m2:24:30 PM[0m] File change detected. Starting incremental compilation...

[[90m2:24:31 PM[0m] Found 0 errors. Watching for file changes.

[32m[Nest] 4036477  - [39m05/17/2026, 2:24:32 PM [32m    LOG[39m [38;5;3m[NestFactory] [39m[32mStarting Nest application...[39m
[32m[Nest] 4036477  - [39m05/17/2026, 2:24:32 PM [32m    LOG[39m [38;5;3m[InstanceLoader] [39m[32mAppModule dependencies initialized[39m[38;5;3m +27ms[39m
[32m[Nest] 4036477  - [39m05/17/2026, 2:24:32 PM [32m    LOG[39m [38;5;3m[InstanceLoader] [39m[32mTypeOrmModule dependencies initialized[39m[38;5;3m +0ms[39m
[32m[Nest] 4036477  - [39m05/17/2026, 2:24:32 PM [32m    LOG[39m [38;5;3m[InstanceLoader] [39m[32mPassportModule dependencies initialized[39m[38;5;3m +1ms[39m
[32m[Nest] 4036477  - [39m05/17/2026, 2:24:32 PM [32m    LOG[39m [38;5;3m[InstanceLoader] [39m[32mConfigHostModule dependencies initialized[39m[38;5;3m +0ms[39m
[32m[Nest] 4036477  - [39m05/17/2026, 2:24:32 PM [32m    LOG[39m [38;5;3m[InstanceLoader] [39m[32mJwtModule dependencies initialized[39m[38;5;3m +1ms[39m
[32m[Nest] 4036477  - [39m05/17/2026, 2:24:32 PM [32m    LOG[39m [38;5;3m[InstanceLoader] [39m[32mDiscoveryModule dependencies initialized[39m[38;5;3m +0ms[39m
[32m[Nest] 4036477  - [39m05/17/2026, 2:24:32 PM [32m    LOG[39m [38;5;3m[InstanceLoader] [39m[32mConfigModule dependencies initialized[39m[38;5;3m +64ms[39m
[32m[Nest] 4036477  - [39m05/17/2026, 2:24:32 PM [32m    LOG[39m [38;5;3m[InstanceLoader] [39m[32mConfigModule dependencies initialized[39m[38;5;3m +0ms[39m
[32m[Nest] 4036477  - [39m05/17/2026, 2:24:32 PM [32m    LOG[39m [38;5;3m[InstanceLoader] [39m[32mScheduleModule dependencies initialized[39m[38;5;3m +0ms[39m
[32m[Nest] 4036477  - [39m05/17/2026, 2:24:32 PM [32m    LOG[39m [38;5;3m[InstanceLoader] [39m[32mEncryptionModule dependencies initialized[39m[38;5;3m +13ms[39m
[32m[Nest] 4036477  - [39m05/17/2026, 2:24:32 PM [32m    LOG[39m [38;5;3m[InstanceLoader] [39m[32mStockModule dependencies initialized[39m[38;5;3m +0ms[39m
[32m[Nest] 4036477  - [39m05/17/2026, 2:24:32 PM [32m    LOG[39m [38;5;3m[InstanceLoader] [39m[32mThrottlerModule dependencies initialized[39m[38;5;3m +1ms[39m
[32m[Nest] 4036477  - [39m05/17/2026, 2:24:32 PM [32m    LOG[39m [38;5;3m[InstanceLoader] [39m[32mTypeOrmCoreModule dependencies initialized[39m[38;5;3m +64ms[39m
[32m[Nest] 4036477  - [39m05/17/2026, 2:24:32 PM [32m    LOG[39m [38;5;3m[InstanceLoader] [39m[32mTypeOrmModule dependencies initialized[39m[38;5;3m +0ms[39m
[32m[Nest] 4036477  - [39m05/17/2026, 2:24:32 PM [32m    LOG[39m [38;5;3m[InstanceLoader] [39m[32mTypeOrmModule dependencies initialized[39m[38;5;3m +0ms[39m
[32m[Nest] 4036477  - [39m05/17/2026, 2:24:32 PM [32m    LOG[39m [38;5;3m[InstanceLoader] [39m[32mTypeOrmModule dependencies initialized[39m[38;5;3m +0ms[39m
[32m[Nest] 4036477  - [39m05/17/2026, 2:24:32 PM [32m    LOG[39m [38;5;3m[InstanceLoader] [39m[32mTypeOrmModule dependencies initialized[39m[38;5;3m +0ms[39m
[32m[Nest] 4036477  - [39m05/17/2026, 2:24:32 PM [32m    LOG[39m [38;5;3m[InstanceLoader] [39m[32mTypeOrmModule dependencies initialized[39m[38;5;3m +0ms[39m
[32m[Nest] 4036477  - [39m05/17/2026, 2:24:32 PM [32m    LOG[39m [38;5;3m[InstanceLoader] [39m[32mTypeOrmModule dependencies initialized[39m[38;5;3m +0ms[39m
[32m[Nest] 4036477  - [39m05/17/2026, 2:24:32 PM [32m    LOG[39m [38;5;3m[InstanceLoader] [39m[32mTypeOrmModule dependencies initialized[39m[38;5;3m +1ms[39m
[32m[Nest] 4036477  - [39m05/17/2026, 2:24:32 PM [32m    LOG[39m [38;5;3m[InstanceLoader] [39m[32mForecastModule dependencies initialized[39m[38;5;3m +0ms[39m
[32m[Nest] 4036477  - [39m05/17/2026, 2:24:32 PM [32m    LOG[39m [38;5;3m[InstanceLoader] [39m[32mUsersModule dependencies initialized[39m[38;5;3m +0ms[39m
[32m[Nest] 4036477  - [39m05/17/2026, 2:24:32 PM [32m    LOG[39m [38;5;3m[InstanceLoader] [39m[32mGoldModule dependencies initialized[39m[38;5;3m +1ms[39m
[32m[Nest] 4036477  - [39m05/17/2026, 2:24:32 PM [32m    LOG[39m [38;5;3m[InstanceLoader] [39m[32mAuthModule dependencies initialized[39m[38;5;3m +0ms[39m
[32m[Nest] 4036477  - [39m05/17/2026, 2:24:32 PM [32m    LOG[39m [38;5;3m[InstanceLoader] [39m[32mCategoriesModule dependencies initialized[39m[38;5;3m +1ms[39m
[32m[Nest] 4036477  - [39m05/17/2026, 2:24:32 PM [32m    LOG[39m [38;5;3m[InstanceLoader] [39m[32mLiabilitiesModule dependencies initialized[39m[38;5;3m +0ms[39m
[32m[Nest] 4036477  - [39m05/17/2026, 2:24:32 PM [32m    LOG[39m [38;5;3m[InstanceLoader] [39m[32mAssetsModule dependencies initialized[39m[38;5;3m +0ms[39m
[32m[Nest] 4036477  - [39m05/17/2026, 2:24:32 PM [32m    LOG[39m [38;5;3m[InstanceLoader] [39m[32mTransactionsModule dependencies initialized[39m[38;5;3m +0ms[39m
[32m[Nest] 4036477  - [39m05/17/2026, 2:24:32 PM [32m    LOG[39m [38;5;3m[RoutesResolver] [39m[32mAuthController {/api/auth}:[39m[38;5;3m +23ms[39m
[32m[Nest] 4036477  - [39m05/17/2026, 2:24:32 PM [32m    LOG[39m [38;5;3m[RouterExplorer] [39m[32mMapped {/api/auth/register, POST} route[39m[38;5;3m +4ms[39m
[32m[Nest] 4036477  - [39m05/17/2026, 2:24:32 PM [32m    LOG[39m [38;5;3m[RouterExplorer] [39m[32mMapped {/api/auth/login, POST} route[39m[38;5;3m +1ms[39m
[32m[Nest] 4036477  - [39m05/17/2026, 2:24:32 PM [32m    LOG[39m [38;5;3m[RouterExplorer] [39m[32mMapped {/api/auth/refresh, POST} route[39m[38;5;3m +0ms[39m
[32m[Nest] 4036477  - [39m05/17/2026, 2:24:32 PM [32m    LOG[39m [38;5;3m[RoutesResolver] [39m[32mCategoriesController {/api/categories}:[39m[38;5;3m +1ms[39m
[32m[Nest] 4036477  - [39m05/17/2026, 2:24:32 PM [32m    LOG[39m [38;5;3m[RouterExplorer] [39m[32mMapped {/api/categories, GET} route[39m[38;5;3m +1ms[39m
[32m[Nest] 4036477  - [39m05/17/2026, 2:24:32 PM [32m    LOG[39m [38;5;3m[RouterExplorer] [39m[32mMapped {/api/categories, POST} route[39m[38;5;3m +0ms[39m
[32m[Nest] 4036477  - [39m05/17/2026, 2:24:32 PM [32m    LOG[39m [38;5;3m[RouterExplorer] [39m[32mMapped {/api/categories/:id, PATCH} route[39m[38;5;3m +1ms[39m
[32m[Nest] 4036477  - [39m05/17/2026, 2:24:32 PM [32m    LOG[39m [38;5;3m[RouterExplorer] [39m[32mMapped {/api/categories/:id, DELETE} route[39m[38;5;3m +1ms[39m
[32m[Nest] 4036477  - [39m05/17/2026, 2:24:32 PM [32m    LOG[39m [38;5;3m[RoutesResolver] [39m[32mAssetsController {/api/assets}:[39m[38;5;3m +0ms[39m
[32m[Nest] 4036477  - [39m05/17/2026, 2:24:32 PM [32m    LOG[39m [38;5;3m[RouterExplorer] [39m[32mMapped {/api/assets, GET} route[39m[38;5;3m +1ms[39m
[32m[Nest] 4036477  - [39m05/17/2026, 2:24:32 PM [32m    LOG[39m [38;5;3m[RouterExplorer] [39m[32mMapped {/api/assets/summary, GET} route[39m[38;5;3m +1ms[39m
[32m[Nest] 4036477  - [39m05/17/2026, 2:24:32 PM [32m    LOG[39m [38;5;3m[RouterExplorer] [39m[32mMapped {/api/assets, POST} route[39m[38;5;3m +1ms[39m
[32m[Nest] 4036477  - [39m05/17/2026, 2:24:32 PM [32m    LOG[39m [38;5;3m[RouterExplorer] [39m[32mMapped {/api/assets/:id, GET} route[39m[38;5;3m +0ms[39m
[32m[Nest] 4036477  - [39m05/17/2026, 2:24:32 PM [32m    LOG[39m [38;5;3m[RouterExplorer] [39m[32mMapped {/api/assets/:id, PATCH} route[39m[38;5;3m +1ms[39m
[32m[Nest] 4036477  - [39m05/17/2026, 2:24:32 PM [32m    LOG[39m [38;5;3m[RouterExplorer] [39m[32mMapped {/api/assets/:id, DELETE} route[39m[38;5;3m +0ms[39m
[32m[Nest] 4036477  - [39m05/17/2026, 2:24:32 PM [32m    LOG[39m [38;5;3m[RoutesResolver] [39m[32mGoldController {/api/gold}:[39m[38;5;3m +0ms[39m
[32m[Nest] 4036477  - [39m05/17/2026, 2:24:32 PM [32m    LOG[39m [38;5;3m[RouterExplorer] [39m[32mMapped {/api/gold/price, GET} route[39m[38;5;3m +1ms[39m
[32m[Nest] 4036477  - [39m05/17/2026, 2:24:32 PM [32m    LOG[39m [38;5;3m[RouterExplorer] [39m[32mMapped {/api/gold/history, GET} route[39m[38;5;3m +0ms[39m
[32m[Nest] 4036477  - [39m05/17/2026, 2:24:32 PM [32m    LOG[39m [38;5;3m[RoutesResolver] [39m[32mLiabilitiesController {/api/liabilities}:[39m[38;5;3m +0ms[39m
[32m[Nest] 4036477  - [39m05/17/2026, 2:24:32 PM [32m    LOG[39m [38;5;3m[RouterExplorer] [39m[32mMapped {/api/liabilities, GET} route[39m[38;5;3m +1ms[39m
[32m[Nest] 4036477  - [39m05/17/2026, 2:24:32 PM [32m    LOG[39m [38;5;3m[RouterExplorer] [39m[32mMapped {/api/liabilities, POST} route[39m[38;5;3m +1ms[39m
[32m[Nest] 4036477  - [39m05/17/2026, 2:24:32 PM [32m    LOG[39m [38;5;3m[RouterExplorer] [39m[32mMapped {/api/liabilities/:id, GET} route[39m[38;5;3m +0ms[39m
[32m[Nest] 4036477  - [39m05/17/2026, 2:24:32 PM [32m    LOG[39m [38;5;3m[RouterExplorer] [39m[32mMapped {/api/liabilities/:id/schedule, GET} route[39m[38;5;3m +1ms[39m
[32m[Nest] 4036477  - [39m05/17/2026, 2:24:32 PM [32m    LOG[39m [38;5;3m[RouterExplorer] [39m[32mMapped {/api/liabilities/:id, PATCH} route[39m[38;5;3m +1ms[39m
[32m[Nest] 4036477  - [39m05/17/2026, 2:24:32 PM [32m    LOG[39m [38;5;3m[RouterExplorer] [39m[32mMapped {/api/liabilities/:id, DELETE} route[39m[38;5;3m +0ms[39m
[32m[Nest] 4036477  - [39m05/17/2026, 2:24:32 PM [32m    LOG[39m [38;5;3m[RoutesResolver] [39m[32mTransactionsController {/api/transactions}:[39m[38;5;3m +1ms[39m
[32m[Nest] 4036477  - [39m05/17/2026, 2:24:32 PM [32m    LOG[39m [38;5;3m[RouterExplorer] [39m[32mMapped {/api/transactions, GET} route[39m[38;5;3m +1ms[39m
[32m[Nest] 4036477  - [39m05/17/2026, 2:24:32 PM [32m    LOG[39m [38;5;3m[RouterExplorer] [39m[32mMapped {/api/transactions/summary, GET} route[39m[38;5;3m +0ms[39m
[32m[Nest] 4036477  - [39m05/17/2026, 2:24:32 PM [32m    LOG[39m [38;5;3m[RouterExplorer] [39m[32mMapped {/api/transactions, POST} route[39m[38;5;3m +1ms[39m
[32m[Nest] 4036477  - [39m05/17/2026, 2:24:32 PM [32m    LOG[39m [38;5;3m[RouterExplorer] [39m[32mMapped {/api/transactions/:id, GET} route[39m[38;5;3m +0ms[39m
[32m[Nest] 4036477  - [39m05/17/2026, 2:24:32 PM [32m    LOG[39m [38;5;3m[RouterExplorer] [39m[32mMapped {/api/transactions/:id, PATCH} route[39m[38;5;3m +0ms[39m
[32m[Nest] 4036477  - [39m05/17/2026, 2:24:32 PM [32m    LOG[39m [38;5;3m[RouterExplorer] [39m[32mMapped {/api/transactions/:id, DELETE} route[39m[38;5;3m +1ms[39m
[32m[Nest] 4036477  - [39m05/17/2026, 2:24:32 PM [32m    LOG[39m [38;5;3m[RoutesResolver] [39m[32mForecastController {/api/forecast}:[39m[38;5;3m +0ms[39m
[32m[Nest] 4036477  - [39m05/17/2026, 2:24:32 PM [32m    LOG[39m [38;5;3m[RouterExplorer] [39m[32mMapped {/api/forecast/wacr, GET} route[39m[38;5;3m +1ms[39m
[32m[Nest] 4036477  - [39m05/17/2026, 2:24:32 PM [32m    LOG[39m [38;5;3m[RouterExplorer] [39m[32mMapped {/api/forecast/cashflow, POST} route[39m[38;5;3m +0ms[39m
[32m[Nest] 4036477  - [39m05/17/2026, 2:24:32 PM [32m    LOG[39m [38;5;3m[NestApplication] [39m[32mNest application successfully started[39m[38;5;3m +28ms[39m
[31m[Nest] 4036477  - [39m05/17/2026, 2:24:32 PM [31m  ERROR[39m [38;5;3m[NestApplication] [39m[31mError: listen EADDRINUSE: address already in use :::3000[39m[38;5;3m +2ms[39m
node:net:1908
    const ex = new UVExceptionWithHostPort(err, 'listen', address, port);
               ^

Error: listen EADDRINUSE: address already in use :::3000
    at Server.setupListenHandle [as _listen2] (node:net:1908:16)
    at listenInCluster (node:net:1965:12)
    at Server.listen (node:net:2067:7)
    at ExpressAdapter.listen (/home/kyrie/workspace/elevate-life/backend/node_modules/@nestjs/platform-express/adapters/express-adapter.js:115:32)
    at /home/kyrie/workspace/elevate-life/backend/node_modules/@nestjs/core/nest-application.js:188:30
    at new Promise (<anonymous>)
    at NestApplication.listen (/home/kyrie/workspace/elevate-life/backend/node_modules/@nestjs/core/nest-application.js:178:16)
    at async bootstrap (/home/kyrie/workspace/elevate-life/backend/src/main.ts:20:3) {
  code: 'EADDRINUSE',
  errno: -98,
  syscall: 'listen',
  address: '::',
  port: 3000
}

Node.js v20.20.0
[2J[3J[H[[90m2:24:36 PM[0m] File change detected. Starting incremental compilation...

[[90m2:24:36 PM[0m] Found 0 errors. Watching for file changes.

[32m[Nest] 4036545  - [39m05/17/2026, 2:24:37 PM [32m    LOG[39m [38;5;3m[NestFactory] [39m[32mStarting Nest application...[39m
[32m[Nest] 4036545  - [39m05/17/2026, 2:24:37 PM [32m    LOG[39m [38;5;3m[InstanceLoader] [39m[32mAppModule dependencies initialized[39m[38;5;3m +43ms[39m
[32m[Nest] 4036545  - [39m05/17/2026, 2:24:37 PM [32m    LOG[39m [38;5;3m[InstanceLoader] [39m[32mTypeOrmModule dependencies initialized[39m[38;5;3m +0ms[39m
[32m[Nest] 4036545  - [39m05/17/2026, 2:24:37 PM [32m    LOG[39m [38;5;3m[InstanceLoader] [39m[32mPassportModule dependencies initialized[39m[38;5;3m +0ms[39m
[32m[Nest] 4036545  - [39m05/17/2026, 2:24:37 PM [32m    LOG[39m [38;5;3m[InstanceLoader] [39m[32mConfigHostModule dependencies initialized[39m[38;5;3m +1ms[39m
[32m[Nest] 4036545  - [39m05/17/2026, 2:24:37 PM [32m    LOG[39m [38;5;3m[InstanceLoader] [39m[32mJwtModule dependencies initialized[39m[38;5;3m +0ms[39m
[32m[Nest] 4036545  - [39m05/17/2026, 2:24:37 PM [32m    LOG[39m [38;5;3m[InstanceLoader] [39m[32mDiscoveryModule dependencies initialized[39m[38;5;3m +0ms[39m
[32m[Nest] 4036545  - [39m05/17/2026, 2:24:37 PM [32m    LOG[39m [38;5;3m[InstanceLoader] [39m[32mConfigModule dependencies initialized[39m[38;5;3m +86ms[39m
[32m[Nest] 4036545  - [39m05/17/2026, 2:24:37 PM [32m    LOG[39m [38;5;3m[InstanceLoader] [39m[32mConfigModule dependencies initialized[39m[38;5;3m +0ms[39m
[32m[Nest] 4036545  - [39m05/17/2026, 2:24:37 PM [32m    LOG[39m [38;5;3m[InstanceLoader] [39m[32mScheduleModule dependencies initialized[39m[38;5;3m +0ms[39m
[32m[Nest] 4036545  - [39m05/17/2026, 2:24:37 PM [32m    LOG[39m [38;5;3m[InstanceLoader] [39m[32mEncryptionModule dependencies initialized[39m[38;5;3m +10ms[39m
[32m[Nest] 4036545  - [39m05/17/2026, 2:24:37 PM [32m    LOG[39m [38;5;3m[InstanceLoader] [39m[32mStockModule dependencies initialized[39m[38;5;3m +0ms[39m
[32m[Nest] 4036545  - [39m05/17/2026, 2:24:37 PM [32m    LOG[39m [38;5;3m[InstanceLoader] [39m[32mThrottlerModule dependencies initialized[39m[38;5;3m +0ms[39m
[32m[Nest] 4036545  - [39m05/17/2026, 2:24:37 PM [32m    LOG[39m [38;5;3m[InstanceLoader] [39m[32mTypeOrmCoreModule dependencies initialized[39m[38;5;3m +79ms[39m
[32m[Nest] 4036545  - [39m05/17/2026, 2:24:37 PM [32m    LOG[39m [38;5;3m[InstanceLoader] [39m[32mTypeOrmModule dependencies initialized[39m[38;5;3m +1ms[39m
[32m[Nest] 4036545  - [39m05/17/2026, 2:24:37 PM [32m    LOG[39m [38;5;3m[InstanceLoader] [39m[32mTypeOrmModule dependencies initialized[39m[38;5;3m +0ms[39m
[32m[Nest] 4036545  - [39m05/17/2026, 2:24:37 PM [32m    LOG[39m [38;5;3m[InstanceLoader] [39m[32mTypeOrmModule dependencies initialized[39m[38;5;3m +0ms[39m
[32m[Nest] 4036545  - [39m05/17/2026, 2:24:37 PM [32m    LOG[39m [38;5;3m[InstanceLoader] [39m[32mTypeOrmModule dependencies initialized[39m[38;5;3m +0ms[39m
[32m[Nest] 4036545  - [39m05/17/2026, 2:24:37 PM [32m    LOG[39m [38;5;3m[InstanceLoader] [39m[32mTypeOrmModule dependencies initialized[39m[38;5;3m +0ms[39m
[32m[Nest] 4036545  - [39m05/17/2026, 2:24:37 PM [32m    LOG[39m [38;5;3m[InstanceLoader] [39m[32mTypeOrmModule dependencies initialized[39m[38;5;3m +0ms[39m
[32m[Nest] 4036545  - [39m05/17/2026, 2:24:37 PM [32m    LOG[39m [38;5;3m[InstanceLoader] [39m[32mTypeOrmModule dependencies initialized[39m[38;5;3m +0ms[39m
[32m[Nest] 4036545  - [39m05/17/2026, 2:24:37 PM [32m    LOG[39m [38;5;3m[InstanceLoader] [39m[32mForecastModule dependencies initialized[39m[38;5;3m +1ms[39m
[32m[Nest] 4036545  - [39m05/17/2026, 2:24:37 PM [32m    LOG[39m [38;5;3m[InstanceLoader] [39m[32mUsersModule dependencies initialized[39m[38;5;3m +0ms[39m
[32m[Nest] 4036545  - [39m05/17/2026, 2:24:37 PM [32m    LOG[39m [38;5;3m[InstanceLoader] [39m[32mGoldModule dependencies initialized[39m[38;5;3m +1ms[39m
[32m[Nest] 4036545  - [39m05/17/2026, 2:24:37 PM [32m    LOG[39m [38;5;3m[InstanceLoader] [39m[32mAuthModule dependencies initialized[39m[38;5;3m +0ms[39m
[32m[Nest] 4036545  - [39m05/17/2026, 2:24:37 PM [32m    LOG[39m [38;5;3m[InstanceLoader] [39m[32mCategoriesModule dependencies initialized[39m[38;5;3m +1ms[39m
[32m[Nest] 4036545  - [39m05/17/2026, 2:24:37 PM [32m    LOG[39m [38;5;3m[InstanceLoader] [39m[32mLiabilitiesModule dependencies initialized[39m[38;5;3m +0ms[39m
[32m[Nest] 4036545  - [39m05/17/2026, 2:24:37 PM [32m    LOG[39m [38;5;3m[InstanceLoader] [39m[32mAssetsModule dependencies initialized[39m[38;5;3m +0ms[39m
[32m[Nest] 4036545  - [39m05/17/2026, 2:24:37 PM [32m    LOG[39m [38;5;3m[InstanceLoader] [39m[32mTransactionsModule dependencies initialized[39m[38;5;3m +0ms[39m
[32m[Nest] 4036545  - [39m05/17/2026, 2:24:37 PM [32m    LOG[39m [38;5;3m[RoutesResolver] [39m[32mAuthController {/api/auth}:[39m[38;5;3m +25ms[39m
[32m[Nest] 4036545  - [39m05/17/2026, 2:24:37 PM [32m    LOG[39m [38;5;3m[RouterExplorer] [39m[32mMapped {/api/auth/register, POST} route[39m[38;5;3m +4ms[39m
[32m[Nest] 4036545  - [39m05/17/2026, 2:24:37 PM [32m    LOG[39m [38;5;3m[RouterExplorer] [39m[32mMapped {/api/auth/login, POST} route[39m[38;5;3m +1ms[39m
[32m[Nest] 4036545  - [39m05/17/2026, 2:24:37 PM [32m    LOG[39m [38;5;3m[RouterExplorer] [39m[32mMapped {/api/auth/refresh, POST} route[39m[38;5;3m +1ms[39m
[32m[Nest] 4036545  - [39m05/17/2026, 2:24:37 PM [32m    LOG[39m [38;5;3m[RoutesResolver] [39m[32mCategoriesController {/api/categories}:[39m[38;5;3m +0ms[39m
[32m[Nest] 4036545  - [39m05/17/2026, 2:24:37 PM [32m    LOG[39m [38;5;3m[RouterExplorer] [39m[32mMapped {/api/categories, GET} route[39m[38;5;3m +1ms[39m
[32m[Nest] 4036545  - [39m05/17/2026, 2:24:37 PM [32m    LOG[39m [38;5;3m[RouterExplorer] [39m[32mMapped {/api/categories, POST} route[39m[38;5;3m +0ms[39m
[32m[Nest] 4036545  - [39m05/17/2026, 2:24:37 PM [32m    LOG[39m [38;5;3m[RouterExplorer] [39m[32mMapped {/api/categories/:id, PATCH} route[39m[38;5;3m +1ms[39m
[32m[Nest] 4036545  - [39m05/17/2026, 2:24:37 PM [32m    LOG[39m [38;5;3m[RouterExplorer] [39m[32mMapped {/api/categories/:id, DELETE} route[39m[38;5;3m +1ms[39m
[32m[Nest] 4036545  - [39m05/17/2026, 2:24:37 PM [32m    LOG[39m [38;5;3m[RoutesResolver] [39m[32mAssetsController {/api/assets}:[39m[38;5;3m +0ms[39m
[32m[Nest] 4036545  - [39m05/17/2026, 2:24:37 PM [32m    LOG[39m [38;5;3m[RouterExplorer] [39m[32mMapped {/api/assets, GET} route[39m[38;5;3m +1ms[39m
[32m[Nest] 4036545  - [39m05/17/2026, 2:24:37 PM [32m    LOG[39m [38;5;3m[RouterExplorer] [39m[32mMapped {/api/assets/summary, GET} route[39m[38;5;3m +1ms[39m
[32m[Nest] 4036545  - [39m05/17/2026, 2:24:37 PM [32m    LOG[39m [38;5;3m[RouterExplorer] [39m[32mMapped {/api/assets, POST} route[39m[38;5;3m +0ms[39m
[32m[Nest] 4036545  - [39m05/17/2026, 2:24:37 PM [32m    LOG[39m [38;5;3m[RouterExplorer] [39m[32mMapped {/api/assets/:id, GET} route[39m[38;5;3m +1ms[39m
[32m[Nest] 4036545  - [39m05/17/2026, 2:24:37 PM [32m    LOG[39m [38;5;3m[RouterExplorer] [39m[32mMapped {/api/assets/:id, PATCH} route[39m[38;5;3m +0ms[39m
[32m[Nest] 4036545  - [39m05/17/2026, 2:24:37 PM [32m    LOG[39m [38;5;3m[RouterExplorer] [39m[32mMapped {/api/assets/:id, DELETE} route[39m[38;5;3m +0ms[39m
[32m[Nest] 4036545  - [39m05/17/2026, 2:24:37 PM [32m    LOG[39m [38;5;3m[RoutesResolver] [39m[32mGoldController {/api/gold}:[39m[38;5;3m +1ms[39m
[32m[Nest] 4036545  - [39m05/17/2026, 2:24:37 PM [32m    LOG[39m [38;5;3m[RouterExplorer] [39m[32mMapped {/api/gold/price, GET} route[39m[38;5;3m +0ms[39m
[32m[Nest] 4036545  - [39m05/17/2026, 2:24:37 PM [32m    LOG[39m [38;5;3m[RouterExplorer] [39m[32mMapped {/api/gold/history, GET} route[39m[38;5;3m +0ms[39m
[32m[Nest] 4036545  - [39m05/17/2026, 2:24:37 PM [32m    LOG[39m [38;5;3m[RoutesResolver] [39m[32mLiabilitiesController {/api/liabilities}:[39m[38;5;3m +0ms[39m
[32m[Nest] 4036545  - [39m05/17/2026, 2:24:37 PM [32m    LOG[39m [38;5;3m[RouterExplorer] [39m[32mMapped {/api/liabilities, GET} route[39m[38;5;3m +1ms[39m
[32m[Nest] 4036545  - [39m05/17/2026, 2:24:37 PM [32m    LOG[39m [38;5;3m[RouterExplorer] [39m[32mMapped {/api/liabilities, POST} route[39m[38;5;3m +0ms[39m
[32m[Nest] 4036545  - [39m05/17/2026, 2:24:37 PM [32m    LOG[39m [38;5;3m[RouterExplorer] [39m[32mMapped {/api/liabilities/:id, GET} route[39m[38;5;3m +0ms[39m
[32m[Nest] 4036545  - [39m05/17/2026, 2:24:37 PM [32m    LOG[39m [38;5;3m[RouterExplorer] [39m[32mMapped {/api/liabilities/:id/schedule, GET} route[39m[38;5;3m +1ms[39m
[32m[Nest] 4036545  - [39m05/17/2026, 2:24:37 PM [32m    LOG[39m [38;5;3m[RouterExplorer] [39m[32mMapped {/api/liabilities/:id, PATCH} route[39m[38;5;3m +0ms[39m
[32m[Nest] 4036545  - [39m05/17/2026, 2:24:37 PM [32m    LOG[39m [38;5;3m[RouterExplorer] [39m[32mMapped {/api/liabilities/:id, DELETE} route[39m[38;5;3m +0ms[39m
[32m[Nest] 4036545  - [39m05/17/2026, 2:24:37 PM [32m    LOG[39m [38;5;3m[RoutesResolver] [39m[32mTransactionsController {/api/transactions}:[39m[38;5;3m +0ms[39m
[32m[Nest] 4036545  - [39m05/17/2026, 2:24:37 PM [32m    LOG[39m [38;5;3m[RouterExplorer] [39m[32mMapped {/api/transactions, GET} route[39m[38;5;3m +1ms[39m
[32m[Nest] 4036545  - [39m05/17/2026, 2:24:37 PM [32m    LOG[39m [38;5;3m[RouterExplorer] [39m[32mMapped {/api/transactions/summary, GET} route[39m[38;5;3m +0ms[39m
[32m[Nest] 4036545  - [39m05/17/2026, 2:24:37 PM [32m    LOG[39m [38;5;3m[RouterExplorer] [39m[32mMapped {/api/transactions, POST} route[39m[38;5;3m +0ms[39m
[32m[Nest] 4036545  - [39m05/17/2026, 2:24:37 PM [32m    LOG[39m [38;5;3m[RouterExplorer] [39m[32mMapped {/api/transactions/:id, GET} route[39m[38;5;3m +1ms[39m
[32m[Nest] 4036545  - [39m05/17/2026, 2:24:37 PM [32m    LOG[39m [38;5;3m[RouterExplorer] [39m[32mMapped {/api/transactions/:id, PATCH} route[39m[38;5;3m +0ms[39m
[32m[Nest] 4036545  - [39m05/17/2026, 2:24:37 PM [32m    LOG[39m [38;5;3m[RouterExplorer] [39m[32mMapped {/api/transactions/:id, DELETE} route[39m[38;5;3m +0ms[39m
[32m[Nest] 4036545  - [39m05/17/2026, 2:24:37 PM [32m    LOG[39m [38;5;3m[RoutesResolver] [39m[32mForecastController {/api/forecast}:[39m[38;5;3m +0ms[39m
[32m[Nest] 4036545  - [39m05/17/2026, 2:24:37 PM [32m    LOG[39m [38;5;3m[RouterExplorer] [39m[32mMapped {/api/forecast/wacr, GET} route[39m[38;5;3m +1ms[39m
[32m[Nest] 4036545  - [39m05/17/2026, 2:24:37 PM [32m    LOG[39m [38;5;3m[RouterExplorer] [39m[32mMapped {/api/forecast/cashflow, POST} route[39m[38;5;3m +0ms[39m
[32m[Nest] 4036545  - [39m05/17/2026, 2:24:37 PM [32m    LOG[39m [38;5;3m[NestApplication] [39m[32mNest application successfully started[39m[38;5;3m +30ms[39m
[31m[Nest] 4036545  - [39m05/17/2026, 2:24:37 PM [31m  ERROR[39m [38;5;3m[NestApplication] [39m[31mError: listen EADDRINUSE: address already in use :::3000[39m[38;5;3m +4ms[39m
node:net:1908
    const ex = new UVExceptionWithHostPort(err, 'listen', address, port);
               ^

Error: listen EADDRINUSE: address already in use :::3000
    at Server.setupListenHandle [as _listen2] (node:net:1908:16)
    at listenInCluster (node:net:1965:12)
    at Server.listen (node:net:2067:7)
    at ExpressAdapter.listen (/home/kyrie/workspace/elevate-life/backend/node_modules/@nestjs/platform-express/adapters/express-adapter.js:115:32)
    at /home/kyrie/workspace/elevate-life/backend/node_modules/@nestjs/core/nest-application.js:188:30
    at new Promise (<anonymous>)
    at NestApplication.listen (/home/kyrie/workspace/elevate-life/backend/node_modules/@nestjs/core/nest-application.js:178:16)
    at async bootstrap (/home/kyrie/workspace/elevate-life/backend/src/main.ts:20:3) {
  code: 'EADDRINUSE',
  errno: -98,
  syscall: 'listen',
  address: '::',
  port: 3000
}

Node.js v20.20.0
[2J[3J[H[[90m2:24:40 PM[0m] File change detected. Starting incremental compilation...

[[90m2:24:40 PM[0m] Found 0 errors. Watching for file changes.

[32m[Nest] 4036775  - [39m05/17/2026, 2:24:41 PM [32m    LOG[39m [38;5;3m[NestFactory] [39m[32mStarting Nest application...[39m
[32m[Nest] 4036775  - [39m05/17/2026, 2:24:41 PM [32m    LOG[39m [38;5;3m[InstanceLoader] [39m[32mAppModule dependencies initialized[39m[38;5;3m +31ms[39m
[32m[Nest] 4036775  - [39m05/17/2026, 2:24:41 PM [32m    LOG[39m [38;5;3m[InstanceLoader] [39m[32mTypeOrmModule dependencies initialized[39m[38;5;3m +0ms[39m
[32m[Nest] 4036775  - [39m05/17/2026, 2:24:41 PM [32m    LOG[39m [38;5;3m[InstanceLoader] [39m[32mPassportModule dependencies initialized[39m[38;5;3m +0ms[39m
[32m[Nest] 4036775  - [39m05/17/2026, 2:24:41 PM [32m    LOG[39m [38;5;3m[InstanceLoader] [39m[32mConfigHostModule dependencies initialized[39m[38;5;3m +1ms[39m
[32m[Nest] 4036775  - [39m05/17/2026, 2:24:41 PM [32m    LOG[39m [38;5;3m[InstanceLoader] [39m[32mJwtModule dependencies initialized[39m[38;5;3m +0ms[39m
[32m[Nest] 4036775  - [39m05/17/2026, 2:24:41 PM [32m    LOG[39m [38;5;3m[InstanceLoader] [39m[32mDiscoveryModule dependencies initialized[39m[38;5;3m +0ms[39m
[32m[Nest] 4036775  - [39m05/17/2026, 2:24:41 PM [32m    LOG[39m [38;5;3m[InstanceLoader] [39m[32mConfigModule dependencies initialized[39m[38;5;3m +64ms[39m
[32m[Nest] 4036775  - [39m05/17/2026, 2:24:41 PM [32m    LOG[39m [38;5;3m[InstanceLoader] [39m[32mConfigModule dependencies initialized[39m[38;5;3m +0ms[39m
[32m[Nest] 4036775  - [39m05/17/2026, 2:24:41 PM [32m    LOG[39m [38;5;3m[InstanceLoader] [39m[32mScheduleModule dependencies initialized[39m[38;5;3m +1ms[39m
[32m[Nest] 4036775  - [39m05/17/2026, 2:24:41 PM [32m    LOG[39m [38;5;3m[InstanceLoader] [39m[32mEncryptionModule dependencies initialized[39m[38;5;3m +7ms[39m
[32m[Nest] 4036775  - [39m05/17/2026, 2:24:41 PM [32m    LOG[39m [38;5;3m[InstanceLoader] [39m[32mStockModule dependencies initialized[39m[38;5;3m +0ms[39m
[32m[Nest] 4036775  - [39m05/17/2026, 2:24:41 PM [32m    LOG[39m [38;5;3m[InstanceLoader] [39m[32mThrottlerModule dependencies initialized[39m[38;5;3m +0ms[39m
[32m[Nest] 4036775  - [39m05/17/2026, 2:24:41 PM [32m    LOG[39m [38;5;3m[InstanceLoader] [39m[32mTypeOrmCoreModule dependencies initialized[39m[38;5;3m +64ms[39m
[32m[Nest] 4036775  - [39m05/17/2026, 2:24:41 PM [32m    LOG[39m [38;5;3m[InstanceLoader] [39m[32mTypeOrmModule dependencies initialized[39m[38;5;3m +1ms[39m
[32m[Nest] 4036775  - [39m05/17/2026, 2:24:41 PM [32m    LOG[39m [38;5;3m[InstanceLoader] [39m[32mTypeOrmModule dependencies initialized[39m[38;5;3m +0ms[39m
[32m[Nest] 4036775  - [39m05/17/2026, 2:24:41 PM [32m    LOG[39m [38;5;3m[InstanceLoader] [39m[32mTypeOrmModule dependencies initialized[39m[38;5;3m +0ms[39m
[32m[Nest] 4036775  - [39m05/17/2026, 2:24:41 PM [32m    LOG[39m [38;5;3m[InstanceLoader] [39m[32mTypeOrmModule dependencies initialized[39m[38;5;3m +0ms[39m
[32m[Nest] 4036775  - [39m05/17/2026, 2:24:41 PM [32m    LOG[39m [38;5;3m[InstanceLoader] [39m[32mTypeOrmModule dependencies initialized[39m[38;5;3m +0ms[39m
[32m[Nest] 4036775  - [39m05/17/2026, 2:24:41 PM [32m    LOG[39m [38;5;3m[InstanceLoader] [39m[32mTypeOrmModule dependencies initialized[39m[38;5;3m +0ms[39m
[32m[Nest] 4036775  - [39m05/17/2026, 2:24:41 PM [32m    LOG[39m [38;5;3m[InstanceLoader] [39m[32mTypeOrmModule dependencies initialized[39m[38;5;3m +0ms[39m
[32m[Nest] 4036775  - [39m05/17/2026, 2:24:41 PM [32m    LOG[39m [38;5;3m[InstanceLoader] [39m[32mForecastModule dependencies initialized[39m[38;5;3m +1ms[39m
[32m[Nest] 4036775  - [39m05/17/2026, 2:24:41 PM [32m    LOG[39m [38;5;3m[InstanceLoader] [39m[32mUsersModule dependencies initialized[39m[38;5;3m +0ms[39m
[32m[Nest] 4036775  - [39m05/17/2026, 2:24:41 PM [32m    LOG[39m [38;5;3m[InstanceLoader] [39m[32mGoldModule dependencies initialized[39m[38;5;3m +1ms[39m
[32m[Nest] 4036775  - [39m05/17/2026, 2:24:41 PM [32m    LOG[39m [38;5;3m[InstanceLoader] [39m[32mAuthModule dependencies initialized[39m[38;5;3m +0ms[39m
[32m[Nest] 4036775  - [39m05/17/2026, 2:24:41 PM [32m    LOG[39m [38;5;3m[InstanceLoader] [39m[32mCategoriesModule dependencies initialized[39m[38;5;3m +0ms[39m
[32m[Nest] 4036775  - [39m05/17/2026, 2:24:41 PM [32m    LOG[39m [38;5;3m[InstanceLoader] [39m[32mLiabilitiesModule dependencies initialized[39m[38;5;3m +0ms[39m
[32m[Nest] 4036775  - [39m05/17/2026, 2:24:41 PM [32m    LOG[39m [38;5;3m[InstanceLoader] [39m[32mAssetsModule dependencies initialized[39m[38;5;3m +1ms[39m
[32m[Nest] 4036775  - [39m05/17/2026, 2:24:41 PM [32m    LOG[39m [38;5;3m[InstanceLoader] [39m[32mTransactionsModule dependencies initialized[39m[38;5;3m +0ms[39m
[32m[Nest] 4036775  - [39m05/17/2026, 2:24:41 PM [32m    LOG[39m [38;5;3m[RoutesResolver] [39m[32mAuthController {/api/auth}:[39m[38;5;3m +21ms[39m
[32m[Nest] 4036775  - [39m05/17/2026, 2:24:41 PM [32m    LOG[39m [38;5;3m[RouterExplorer] [39m[32mMapped {/api/auth/register, POST} route[39m[38;5;3m +9ms[39m
[32m[Nest] 4036775  - [39m05/17/2026, 2:24:41 PM [32m    LOG[39m [38;5;3m[RouterExplorer] [39m[32mMapped {/api/auth/login, POST} route[39m[38;5;3m +1ms[39m
[32m[Nest] 4036775  - [39m05/17/2026, 2:24:41 PM [32m    LOG[39m [38;5;3m[RouterExplorer] [39m[32mMapped {/api/auth/refresh, POST} route[39m[38;5;3m +1ms[39m
[32m[Nest] 4036775  - [39m05/17/2026, 2:24:41 PM [32m    LOG[39m [38;5;3m[RoutesResolver] [39m[32mCategoriesController {/api/categories}:[39m[38;5;3m +0ms[39m
[32m[Nest] 4036775  - [39m05/17/2026, 2:24:41 PM [32m    LOG[39m [38;5;3m[RouterExplorer] [39m[32mMapped {/api/categories, GET} route[39m[38;5;3m +1ms[39m
[32m[Nest] 4036775  - [39m05/17/2026, 2:24:41 PM [32m    LOG[39m [38;5;3m[RouterExplorer] [39m[32mMapped {/api/categories, POST} route[39m[38;5;3m +1ms[39m
[32m[Nest] 4036775  - [39m05/17/2026, 2:24:41 PM [32m    LOG[39m [38;5;3m[RouterExplorer] [39m[32mMapped {/api/categories/:id, PATCH} route[39m[38;5;3m +1ms[39m
[32m[Nest] 4036775  - [39m05/17/2026, 2:24:41 PM [32m    LOG[39m [38;5;3m[RouterExplorer] [39m[32mMapped {/api/categories/:id, DELETE} route[39m[38;5;3m +1ms[39m
[32m[Nest] 4036775  - [39m05/17/2026, 2:24:41 PM [32m    LOG[39m [38;5;3m[RoutesResolver] [39m[32mAssetsController {/api/assets}:[39m[38;5;3m +0ms[39m
[32m[Nest] 4036775  - [39m05/17/2026, 2:24:41 PM [32m    LOG[39m [38;5;3m[RouterExplorer] [39m[32mMapped {/api/assets, GET} route[39m[38;5;3m +1ms[39m
[32m[Nest] 4036775  - [39m05/17/2026, 2:24:41 PM [32m    LOG[39m [38;5;3m[RouterExplorer] [39m[32mMapped {/api/assets/summary, GET} route[39m[38;5;3m +1ms[39m
[32m[Nest] 4036775  - [39m05/17/2026, 2:24:41 PM [32m    LOG[39m [38;5;3m[RouterExplorer] [39m[32mMapped {/api/assets, POST} route[39m[38;5;3m +0ms[39m
[32m[Nest] 4036775  - [39m05/17/2026, 2:24:41 PM [32m    LOG[39m [38;5;3m[RouterExplorer] [39m[32mMapped {/api/assets/:id, GET} route[39m[38;5;3m +1ms[39m
[32m[Nest] 4036775  - [39m05/17/2026, 2:24:41 PM [32m    LOG[39m [38;5;3m[RouterExplorer] [39m[32mMapped {/api/assets/:id, PATCH} route[39m[38;5;3m +0ms[39m
[32m[Nest] 4036775  - [39m05/17/2026, 2:24:41 PM [32m    LOG[39m [38;5;3m[RouterExplorer] [39m[32mMapped {/api/assets/:id, DELETE} route[39m[38;5;3m +1ms[39m
[32m[Nest] 4036775  - [39m05/17/2026, 2:24:41 PM [32m    LOG[39m [38;5;3m[RoutesResolver] [39m[32mGoldController {/api/gold}:[39m[38;5;3m +0ms[39m
[32m[Nest] 4036775  - [39m05/17/2026, 2:24:41 PM [32m    LOG[39m [38;5;3m[RouterExplorer] [39m[32mMapped {/api/gold/price, GET} route[39m[38;5;3m +0ms[39m
[32m[Nest] 4036775  - [39m05/17/2026, 2:24:41 PM [32m    LOG[39m [38;5;3m[RouterExplorer] [39m[32mMapped {/api/gold/history, GET} route[39m[38;5;3m +1ms[39m
[32m[Nest] 4036775  - [39m05/17/2026, 2:24:41 PM [32m    LOG[39m [38;5;3m[RoutesResolver] [39m[32mLiabilitiesController {/api/liabilities}:[39m[38;5;3m +0ms[39m
[32m[Nest] 4036775  - [39m05/17/2026, 2:24:41 PM [32m    LOG[39m [38;5;3m[RouterExplorer] [39m[32mMapped {/api/liabilities, GET} route[39m[38;5;3m +0ms[39m
[32m[Nest] 4036775  - [39m05/17/2026, 2:24:41 PM [32m    LOG[39m [38;5;3m[RouterExplorer] [39m[32mMapped {/api/liabilities, POST} route[39m[38;5;3m +0ms[39m
[32m[Nest] 4036775  - [39m05/17/2026, 2:24:41 PM [32m    LOG[39m [38;5;3m[RouterExplorer] [39m[32mMapped {/api/liabilities/:id, GET} route[39m[38;5;3m +0ms[39m
[32m[Nest] 4036775  - [39m05/17/2026, 2:24:41 PM [32m    LOG[39m [38;5;3m[RouterExplorer] [39m[32mMapped {/api/liabilities/:id/schedule, GET} route[39m[38;5;3m +1ms[39m
[32m[Nest] 4036775  - [39m05/17/2026, 2:24:41 PM [32m    LOG[39m [38;5;3m[RouterExplorer] [39m[32mMapped {/api/liabilities/:id, PATCH} route[39m[38;5;3m +0ms[39m
[32m[Nest] 4036775  - [39m05/17/2026, 2:24:41 PM [32m    LOG[39m [38;5;3m[RouterExplorer] [39m[32mMapped {/api/liabilities/:id, DELETE} route[39m[38;5;3m +0ms[39m
[32m[Nest] 4036775  - [39m05/17/2026, 2:24:41 PM [32m    LOG[39m [38;5;3m[RoutesResolver] [39m[32mTransactionsController {/api/transactions}:[39m[38;5;3m +1ms[39m
[32m[Nest] 4036775  - [39m05/17/2026, 2:24:41 PM [32m    LOG[39m [38;5;3m[RouterExplorer] [39m[32mMapped {/api/transactions, GET} route[39m[38;5;3m +0ms[39m
[32m[Nest] 4036775  - [39m05/17/2026, 2:24:41 PM [32m    LOG[39m [38;5;3m[RouterExplorer] [39m[32mMapped {/api/transactions/summary, GET} route[39m[38;5;3m +0ms[39m
[32m[Nest] 4036775  - [39m05/17/2026, 2:24:41 PM [32m    LOG[39m [38;5;3m[RouterExplorer] [39m[32mMapped {/api/transactions, POST} route[39m[38;5;3m +0ms[39m
[32m[Nest] 4036775  - [39m05/17/2026, 2:24:41 PM [32m    LOG[39m [38;5;3m[RouterExplorer] [39m[32mMapped {/api/transactions/:id, GET} route[39m[38;5;3m +1ms[39m
[32m[Nest] 4036775  - [39m05/17/2026, 2:24:41 PM [32m    LOG[39m [38;5;3m[RouterExplorer] [39m[32mMapped {/api/transactions/:id, PATCH} route[39m[38;5;3m +0ms[39m
[32m[Nest] 4036775  - [39m05/17/2026, 2:24:41 PM [32m    LOG[39m [38;5;3m[RouterExplorer] [39m[32mMapped {/api/transactions/:id, DELETE} route[39m[38;5;3m +0ms[39m
[32m[Nest] 4036775  - [39m05/17/2026, 2:24:41 PM [32m    LOG[39m [38;5;3m[RoutesResolver] [39m[32mForecastController {/api/forecast}:[39m[38;5;3m +0ms[39m
[32m[Nest] 4036775  - [39m05/17/2026, 2:24:41 PM [32m    LOG[39m [38;5;3m[RouterExplorer] [39m[32mMapped {/api/forecast/wacr, GET} route[39m[38;5;3m +1ms[39m
[32m[Nest] 4036775  - [39m05/17/2026, 2:24:41 PM [32m    LOG[39m [38;5;3m[RouterExplorer] [39m[32mMapped {/api/forecast/cashflow, POST} route[39m[38;5;3m +0ms[39m
[32m[Nest] 4036775  - [39m05/17/2026, 2:24:41 PM [32m    LOG[39m [38;5;3m[NestApplication] [39m[32mNest application successfully started[39m[38;5;3m +26ms[39m
[31m[Nest] 4036775  - [39m05/17/2026, 2:24:41 PM [31m  ERROR[39m [38;5;3m[NestApplication] [39m[31mError: listen EADDRINUSE: address already in use :::3000[39m[38;5;3m +2ms[39m
node:net:1908
    const ex = new UVExceptionWithHostPort(err, 'listen', address, port);
               ^

Error: listen EADDRINUSE: address already in use :::3000
    at Server.setupListenHandle [as _listen2] (node:net:1908:16)
    at listenInCluster (node:net:1965:12)
    at Server.listen (node:net:2067:7)
    at ExpressAdapter.listen (/home/kyrie/workspace/elevate-life/backend/node_modules/@nestjs/platform-express/adapters/express-adapter.js:115:32)
    at /home/kyrie/workspace/elevate-life/backend/node_modules/@nestjs/core/nest-application.js:188:30
    at new Promise (<anonymous>)
    at NestApplication.listen (/home/kyrie/workspace/elevate-life/backend/node_modules/@nestjs/core/nest-application.js:178:16)
    at async bootstrap (/home/kyrie/workspace/elevate-life/backend/src/main.ts:20:3) {
  code: 'EADDRINUSE',
  errno: -98,
  syscall: 'listen',
  address: '::',
  port: 3000
}

Node.js v20.20.0
[2J[3J[H[[90m2:25:30 PM[0m] File change detected. Starting incremental compilation...

[[90m2:25:30 PM[0m] Found 0 errors. Watching for file changes.

[32m[Nest] 4038310  - [39m05/17/2026, 2:25:31 PM [32m    LOG[39m [38;5;3m[NestFactory] [39m[32mStarting Nest application...[39m
[32m[Nest] 4038310  - [39m05/17/2026, 2:25:31 PM [32m    LOG[39m [38;5;3m[InstanceLoader] [39m[32mAppModule dependencies initialized[39m[38;5;3m +27ms[39m
[32m[Nest] 4038310  - [39m05/17/2026, 2:25:31 PM [32m    LOG[39m [38;5;3m[InstanceLoader] [39m[32mTypeOrmModule dependencies initialized[39m[38;5;3m +1ms[39m
[32m[Nest] 4038310  - [39m05/17/2026, 2:25:31 PM [32m    LOG[39m [38;5;3m[InstanceLoader] [39m[32mPassportModule dependencies initialized[39m[38;5;3m +0ms[39m
[32m[Nest] 4038310  - [39m05/17/2026, 2:25:31 PM [32m    LOG[39m [38;5;3m[InstanceLoader] [39m[32mConfigHostModule dependencies initialized[39m[38;5;3m +0ms[39m
[32m[Nest] 4038310  - [39m05/17/2026, 2:25:31 PM [32m    LOG[39m [38;5;3m[InstanceLoader] [39m[32mJwtModule dependencies initialized[39m[38;5;3m +1ms[39m
[32m[Nest] 4038310  - [39m05/17/2026, 2:25:31 PM [32m    LOG[39m [38;5;3m[InstanceLoader] [39m[32mDiscoveryModule dependencies initialized[39m[38;5;3m +0ms[39m
[32m[Nest] 4038310  - [39m05/17/2026, 2:25:31 PM [32m    LOG[39m [38;5;3m[InstanceLoader] [39m[32mConfigModule dependencies initialized[39m[38;5;3m +64ms[39m
[32m[Nest] 4038310  - [39m05/17/2026, 2:25:31 PM [32m    LOG[39m [38;5;3m[InstanceLoader] [39m[32mConfigModule dependencies initialized[39m[38;5;3m +0ms[39m
[32m[Nest] 4038310  - [39m05/17/2026, 2:25:31 PM [32m    LOG[39m [38;5;3m[InstanceLoader] [39m[32mScheduleModule dependencies initialized[39m[38;5;3m +0ms[39m
[32m[Nest] 4038310  - [39m05/17/2026, 2:25:31 PM [32m    LOG[39m [38;5;3m[InstanceLoader] [39m[32mEncryptionModule dependencies initialized[39m[38;5;3m +12ms[39m
[32m[Nest] 4038310  - [39m05/17/2026, 2:25:31 PM [32m    LOG[39m [38;5;3m[InstanceLoader] [39m[32mStockModule dependencies initialized[39m[38;5;3m +0ms[39m
[32m[Nest] 4038310  - [39m05/17/2026, 2:25:31 PM [32m    LOG[39m [38;5;3m[InstanceLoader] [39m[32mThrottlerModule dependencies initialized[39m[38;5;3m +0ms[39m
[32m[Nest] 4038310  - [39m05/17/2026, 2:25:31 PM [32m    LOG[39m [38;5;3m[InstanceLoader] [39m[32mTypeOrmCoreModule dependencies initialized[39m[38;5;3m +55ms[39m
[32m[Nest] 4038310  - [39m05/17/2026, 2:25:31 PM [32m    LOG[39m [38;5;3m[InstanceLoader] [39m[32mTypeOrmModule dependencies initialized[39m[38;5;3m +1ms[39m
[32m[Nest] 4038310  - [39m05/17/2026, 2:25:31 PM [32m    LOG[39m [38;5;3m[InstanceLoader] [39m[32mTypeOrmModule dependencies initialized[39m[38;5;3m +0ms[39m
[32m[Nest] 4038310  - [39m05/17/2026, 2:25:31 PM [32m    LOG[39m [38;5;3m[InstanceLoader] [39m[32mTypeOrmModule dependencies initialized[39m[38;5;3m +0ms[39m
[32m[Nest] 4038310  - [39m05/17/2026, 2:25:31 PM [32m    LOG[39m [38;5;3m[InstanceLoader] [39m[32mTypeOrmModule dependencies initialized[39m[38;5;3m +0ms[39m
[32m[Nest] 4038310  - [39m05/17/2026, 2:25:31 PM [32m    LOG[39m [38;5;3m[InstanceLoader] [39m[32mTypeOrmModule dependencies initialized[39m[38;5;3m +0ms[39m
[32m[Nest] 4038310  - [39m05/17/2026, 2:25:31 PM [32m    LOG[39m [38;5;3m[InstanceLoader] [39m[32mTypeOrmModule dependencies initialized[39m[38;5;3m +0ms[39m
[32m[Nest] 4038310  - [39m05/17/2026, 2:25:31 PM [32m    LOG[39m [38;5;3m[InstanceLoader] [39m[32mTypeOrmModule dependencies initialized[39m[38;5;3m +0ms[39m
[32m[Nest] 4038310  - [39m05/17/2026, 2:25:31 PM [32m    LOG[39m [38;5;3m[InstanceLoader] [39m[32mForecastModule dependencies initialized[39m[38;5;3m +1ms[39m
[32m[Nest] 4038310  - [39m05/17/2026, 2:25:31 PM [32m    LOG[39m [38;5;3m[InstanceLoader] [39m[32mUsersModule dependencies initialized[39m[38;5;3m +0ms[39m
[32m[Nest] 4038310  - [39m05/17/2026, 2:25:31 PM [32m    LOG[39m [38;5;3m[InstanceLoader] [39m[32mGoldModule dependencies initialized[39m[38;5;3m +0ms[39m
[32m[Nest] 4038310  - [39m05/17/2026, 2:25:31 PM [32m    LOG[39m [38;5;3m[InstanceLoader] [39m[32mAuthModule dependencies initialized[39m[38;5;3m +1ms[39m
[32m[Nest] 4038310  - [39m05/17/2026, 2:25:31 PM [32m    LOG[39m [38;5;3m[InstanceLoader] [39m[32mCategoriesModule dependencies initialized[39m[38;5;3m +0ms[39m
[32m[Nest] 4038310  - [39m05/17/2026, 2:25:31 PM [32m    LOG[39m [38;5;3m[InstanceLoader] [39m[32mLiabilitiesModule dependencies initialized[39m[38;5;3m +0ms[39m
[32m[Nest] 4038310  - [39m05/17/2026, 2:25:31 PM [32m    LOG[39m [38;5;3m[InstanceLoader] [39m[32mAssetsModule dependencies initialized[39m[38;5;3m +0ms[39m
[32m[Nest] 4038310  - [39m05/17/2026, 2:25:31 PM [32m    LOG[39m [38;5;3m[InstanceLoader] [39m[32mTransactionsModule dependencies initialized[39m[38;5;3m +1ms[39m
[32m[Nest] 4038310  - [39m05/17/2026, 2:25:31 PM [32m    LOG[39m [38;5;3m[RoutesResolver] [39m[32mAuthController {/api/auth}:[39m[38;5;3m +20ms[39m
[32m[Nest] 4038310  - [39m05/17/2026, 2:25:31 PM [32m    LOG[39m [38;5;3m[RouterExplorer] [39m[32mMapped {/api/auth/register, POST} route[39m[38;5;3m +4ms[39m
[32m[Nest] 4038310  - [39m05/17/2026, 2:25:31 PM [32m    LOG[39m [38;5;3m[RouterExplorer] [39m[32mMapped {/api/auth/login, POST} route[39m[38;5;3m +0ms[39m
[32m[Nest] 4038310  - [39m05/17/2026, 2:25:31 PM [32m    LOG[39m [38;5;3m[RouterExplorer] [39m[32mMapped {/api/auth/refresh, POST} route[39m[38;5;3m +1ms[39m
[32m[Nest] 4038310  - [39m05/17/2026, 2:25:31 PM [32m    LOG[39m [38;5;3m[RoutesResolver] [39m[32mCategoriesController {/api/categories}:[39m[38;5;3m +0ms[39m
[32m[Nest] 4038310  - [39m05/17/2026, 2:25:31 PM [32m    LOG[39m [38;5;3m[RouterExplorer] [39m[32mMapped {/api/categories, GET} route[39m[38;5;3m +1ms[39m
[32m[Nest] 4038310  - [39m05/17/2026, 2:25:31 PM [32m    LOG[39m [38;5;3m[RouterExplorer] [39m[32mMapped {/api/categories, POST} route[39m[38;5;3m +1ms[39m
[32m[Nest] 4038310  - [39m05/17/2026, 2:25:31 PM [32m    LOG[39m [38;5;3m[RouterExplorer] [39m[32mMapped {/api/categories/:id, PATCH} route[39m[38;5;3m +1ms[39m
[32m[Nest] 4038310  - [39m05/17/2026, 2:25:31 PM [32m    LOG[39m [38;5;3m[RouterExplorer] [39m[32mMapped {/api/categories/:id, DELETE} route[39m[38;5;3m +0ms[39m
[32m[Nest] 4038310  - [39m05/17/2026, 2:25:31 PM [32m    LOG[39m [38;5;3m[RoutesResolver] [39m[32mAssetsController {/api/assets}:[39m[38;5;3m +0ms[39m
[32m[Nest] 4038310  - [39m05/17/2026, 2:25:31 PM [32m    LOG[39m [38;5;3m[RouterExplorer] [39m[32mMapped {/api/assets, GET} route[39m[38;5;3m +1ms[39m
[32m[Nest] 4038310  - [39m05/17/2026, 2:25:31 PM [32m    LOG[39m [38;5;3m[RouterExplorer] [39m[32mMapped {/api/assets/summary, GET} route[39m[38;5;3m +0ms[39m
[32m[Nest] 4038310  - [39m05/17/2026, 2:25:31 PM [32m    LOG[39m [38;5;3m[RouterExplorer] [39m[32mMapped {/api/assets, POST} route[39m[38;5;3m +1ms[39m
[32m[Nest] 4038310  - [39m05/17/2026, 2:25:31 PM [32m    LOG[39m [38;5;3m[RouterExplorer] [39m[32mMapped {/api/assets/:id, GET} route[39m[38;5;3m +0ms[39m
[32m[Nest] 4038310  - [39m05/17/2026, 2:25:31 PM [32m    LOG[39m [38;5;3m[RouterExplorer] [39m[32mMapped {/api/assets/:id, PATCH} route[39m[38;5;3m +1ms[39m
[32m[Nest] 4038310  - [39m05/17/2026, 2:25:31 PM [32m    LOG[39m [38;5;3m[RouterExplorer] [39m[32mMapped {/api/assets/:id, DELETE} route[39m[38;5;3m +0ms[39m
[32m[Nest] 4038310  - [39m05/17/2026, 2:25:31 PM [32m    LOG[39m [38;5;3m[RoutesResolver] [39m[32mGoldController {/api/gold}:[39m[38;5;3m +0ms[39m
[32m[Nest] 4038310  - [39m05/17/2026, 2:25:31 PM [32m    LOG[39m [38;5;3m[RouterExplorer] [39m[32mMapped {/api/gold/price, GET} route[39m[38;5;3m +0ms[39m
[32m[Nest] 4038310  - [39m05/17/2026, 2:25:31 PM [32m    LOG[39m [38;5;3m[RouterExplorer] [39m[32mMapped {/api/gold/history, GET} route[39m[38;5;3m +1ms[39m
[32m[Nest] 4038310  - [39m05/17/2026, 2:25:31 PM [32m    LOG[39m [38;5;3m[RoutesResolver] [39m[32mLiabilitiesController {/api/liabilities}:[39m[38;5;3m +0ms[39m
[32m[Nest] 4038310  - [39m05/17/2026, 2:25:31 PM [32m    LOG[39m [38;5;3m[RouterExplorer] [39m[32mMapped {/api/liabilities, GET} route[39m[38;5;3m +0ms[39m
[32m[Nest] 4038310  - [39m05/17/2026, 2:25:31 PM [32m    LOG[39m [38;5;3m[RouterExplorer] [39m[32mMapped {/api/liabilities, POST} route[39m[38;5;3m +0ms[39m
[32m[Nest] 4038310  - [39m05/17/2026, 2:25:31 PM [32m    LOG[39m [38;5;3m[RouterExplorer] [39m[32mMapped {/api/liabilities/:id, GET} route[39m[38;5;3m +1ms[39m
[32m[Nest] 4038310  - [39m05/17/2026, 2:25:31 PM [32m    LOG[39m [38;5;3m[RouterExplorer] [39m[32mMapped {/api/liabilities/:id/schedule, GET} route[39m[38;5;3m +0ms[39m
[32m[Nest] 4038310  - [39m05/17/2026, 2:25:31 PM [32m    LOG[39m [38;5;3m[RouterExplorer] [39m[32mMapped {/api/liabilities/:id, PATCH} route[39m[38;5;3m +0ms[39m
[32m[Nest] 4038310  - [39m05/17/2026, 2:25:31 PM [32m    LOG[39m [38;5;3m[RouterExplorer] [39m[32mMapped {/api/liabilities/:id, DELETE} route[39m[38;5;3m +0ms[39m
[32m[Nest] 4038310  - [39m05/17/2026, 2:25:31 PM [32m    LOG[39m [38;5;3m[RoutesResolver] [39m[32mTransactionsController {/api/transactions}:[39m[38;5;3m +1ms[39m
[32m[Nest] 4038310  - [39m05/17/2026, 2:25:31 PM [32m    LOG[39m [38;5;3m[RouterExplorer] [39m[32mMapped {/api/transactions, GET} route[39m[38;5;3m +0ms[39m
[32m[Nest] 4038310  - [39m05/17/2026, 2:25:31 PM [32m    LOG[39m [38;5;3m[RouterExplorer] [39m[32mMapped {/api/transactions/summary, GET} route[39m[38;5;3m +0ms[39m
[32m[Nest] 4038310  - [39m05/17/2026, 2:25:31 PM [32m    LOG[39m [38;5;3m[RouterExplorer] [39m[32mMapped {/api/transactions, POST} route[39m[38;5;3m +0ms[39m
[32m[Nest] 4038310  - [39m05/17/2026, 2:25:31 PM [32m    LOG[39m [38;5;3m[RouterExplorer] [39m[32mMapped {/api/transactions/:id, GET} route[39m[38;5;3m +0ms[39m
[32m[Nest] 4038310  - [39m05/17/2026, 2:25:31 PM [32m    LOG[39m [38;5;3m[RouterExplorer] [39m[32mMapped {/api/transactions/:id, PATCH} route[39m[38;5;3m +1ms[39m
[32m[Nest] 4038310  - [39m05/17/2026, 2:25:31 PM [32m    LOG[39m [38;5;3m[RouterExplorer] [39m[32mMapped {/api/transactions/:id, DELETE} route[39m[38;5;3m +0ms[39m
[32m[Nest] 4038310  - [39m05/17/2026, 2:25:31 PM [32m    LOG[39m [38;5;3m[RoutesResolver] [39m[32mForecastController {/api/forecast}:[39m[38;5;3m +0ms[39m
[32m[Nest] 4038310  - [39m05/17/2026, 2:25:31 PM [32m    LOG[39m [38;5;3m[RouterExplorer] [39m[32mMapped {/api/forecast/wacr, GET} route[39m[38;5;3m +0ms[39m
[32m[Nest] 4038310  - [39m05/17/2026, 2:25:31 PM [32m    LOG[39m [38;5;3m[RouterExplorer] [39m[32mMapped {/api/forecast/cashflow, POST} route[39m[38;5;3m +1ms[39m
[32m[Nest] 4038310  - [39m05/17/2026, 2:25:31 PM [32m    LOG[39m [38;5;3m[NestApplication] [39m[32mNest application successfully started[39m[38;5;3m +23ms[39m
[31m[Nest] 4038310  - [39m05/17/2026, 2:25:31 PM [31m  ERROR[39m [38;5;3m[NestApplication] [39m[31mError: listen EADDRINUSE: address already in use :::3000[39m[38;5;3m +3ms[39m
node:net:1908
    const ex = new UVExceptionWithHostPort(err, 'listen', address, port);
               ^

Error: listen EADDRINUSE: address already in use :::3000
    at Server.setupListenHandle [as _listen2] (node:net:1908:16)
    at listenInCluster (node:net:1965:12)
    at Server.listen (node:net:2067:7)
    at ExpressAdapter.listen (/home/kyrie/workspace/elevate-life/backend/node_modules/@nestjs/platform-express/adapters/express-adapter.js:115:32)
    at /home/kyrie/workspace/elevate-life/backend/node_modules/@nestjs/core/nest-application.js:188:30
    at new Promise (<anonymous>)
    at NestApplication.listen (/home/kyrie/workspace/elevate-life/backend/node_modules/@nestjs/core/nest-application.js:178:16)
    at async bootstrap (/home/kyrie/workspace/elevate-life/backend/src/main.ts:20:3) {
  code: 'EADDRINUSE',
  errno: -98,
  syscall: 'listen',
  address: '::',
  port: 3000
}

Node.js v20.20.0
[95m[Nest] 4029488  - [39m05/17/2026, 3:00:00 PM [95m  DEBUG[39m [38;5;3m[GoldService] [39m[95mToday already has gold price data, skipping fetch[39m
[2J[3J[H[[90m3:53:20 PM[0m] File change detected. Starting incremental compilation...

[[90m3:53:21 PM[0m] Found 0 errors. Watching for file changes.

[32m[Nest] 4051363  - [39m05/17/2026, 3:53:22 PM [32m    LOG[39m [38;5;3m[NestFactory] [39m[32mStarting Nest application...[39m
[32m[Nest] 4051363  - [39m05/17/2026, 3:53:22 PM [32m    LOG[39m [38;5;3m[InstanceLoader] [39m[32mAppModule dependencies initialized[39m[38;5;3m +54ms[39m
[32m[Nest] 4051363  - [39m05/17/2026, 3:53:22 PM [32m    LOG[39m [38;5;3m[InstanceLoader] [39m[32mTypeOrmModule dependencies initialized[39m[38;5;3m +1ms[39m
[32m[Nest] 4051363  - [39m05/17/2026, 3:53:22 PM [32m    LOG[39m [38;5;3m[InstanceLoader] [39m[32mPassportModule dependencies initialized[39m[38;5;3m +0ms[39m
[32m[Nest] 4051363  - [39m05/17/2026, 3:53:22 PM [32m    LOG[39m [38;5;3m[InstanceLoader] [39m[32mConfigHostModule dependencies initialized[39m[38;5;3m +1ms[39m
[32m[Nest] 4051363  - [39m05/17/2026, 3:53:22 PM [32m    LOG[39m [38;5;3m[InstanceLoader] [39m[32mJwtModule dependencies initialized[39m[38;5;3m +1ms[39m
[32m[Nest] 4051363  - [39m05/17/2026, 3:53:22 PM [32m    LOG[39m [38;5;3m[InstanceLoader] [39m[32mDiscoveryModule dependencies initialized[39m[38;5;3m +0ms[39m
[32m[Nest] 4051363  - [39m05/17/2026, 3:53:22 PM [32m    LOG[39m [38;5;3m[InstanceLoader] [39m[32mConfigModule dependencies initialized[39m[38;5;3m +67ms[39m
[32m[Nest] 4051363  - [39m05/17/2026, 3:53:22 PM [32m    LOG[39m [38;5;3m[InstanceLoader] [39m[32mConfigModule dependencies initialized[39m[38;5;3m +0ms[39m
[32m[Nest] 4051363  - [39m05/17/2026, 3:53:22 PM [32m    LOG[39m [38;5;3m[InstanceLoader] [39m[32mScheduleModule dependencies initialized[39m[38;5;3m +0ms[39m
[32m[Nest] 4051363  - [39m05/17/2026, 3:53:22 PM [32m    LOG[39m [38;5;3m[InstanceLoader] [39m[32mEncryptionModule dependencies initialized[39m[38;5;3m +26ms[39m
[32m[Nest] 4051363  - [39m05/17/2026, 3:53:22 PM [32m    LOG[39m [38;5;3m[InstanceLoader] [39m[32mStockModule dependencies initialized[39m[38;5;3m +0ms[39m
[32m[Nest] 4051363  - [39m05/17/2026, 3:53:22 PM [32m    LOG[39m [38;5;3m[InstanceLoader] [39m[32mThrottlerModule dependencies initialized[39m[38;5;3m +1ms[39m
[32m[Nest] 4051363  - [39m05/17/2026, 3:53:22 PM [32m    LOG[39m [38;5;3m[InstanceLoader] [39m[32mTypeOrmCoreModule dependencies initialized[39m[38;5;3m +67ms[39m
[32m[Nest] 4051363  - [39m05/17/2026, 3:53:22 PM [32m    LOG[39m [38;5;3m[InstanceLoader] [39m[32mTypeOrmModule dependencies initialized[39m[38;5;3m +1ms[39m
[32m[Nest] 4051363  - [39m05/17/2026, 3:53:22 PM [32m    LOG[39m [38;5;3m[InstanceLoader] [39m[32mTypeOrmModule dependencies initialized[39m[38;5;3m +0ms[39m
[32m[Nest] 4051363  - [39m05/17/2026, 3:53:22 PM [32m    LOG[39m [38;5;3m[InstanceLoader] [39m[32mTypeOrmModule dependencies initialized[39m[38;5;3m +0ms[39m
[32m[Nest] 4051363  - [39m05/17/2026, 3:53:22 PM [32m    LOG[39m [38;5;3m[InstanceLoader] [39m[32mTypeOrmModule dependencies initialized[39m[38;5;3m +0ms[39m
[32m[Nest] 4051363  - [39m05/17/2026, 3:53:22 PM [32m    LOG[39m [38;5;3m[InstanceLoader] [39m[32mTypeOrmModule dependencies initialized[39m[38;5;3m +0ms[39m
[32m[Nest] 4051363  - [39m05/17/2026, 3:53:22 PM [32m    LOG[39m [38;5;3m[InstanceLoader] [39m[32mTypeOrmModule dependencies initialized[39m[38;5;3m +0ms[39m
[32m[Nest] 4051363  - [39m05/17/2026, 3:53:22 PM [32m    LOG[39m [38;5;3m[InstanceLoader] [39m[32mTypeOrmModule dependencies initialized[39m[38;5;3m +0ms[39m
[32m[Nest] 4051363  - [39m05/17/2026, 3:53:22 PM [32m    LOG[39m [38;5;3m[InstanceLoader] [39m[32mForecastModule dependencies initialized[39m[38;5;3m +1ms[39m
[32m[Nest] 4051363  - [39m05/17/2026, 3:53:22 PM [32m    LOG[39m [38;5;3m[InstanceLoader] [39m[32mUsersModule dependencies initialized[39m[38;5;3m +0ms[39m
[32m[Nest] 4051363  - [39m05/17/2026, 3:53:22 PM [32m    LOG[39m [38;5;3m[InstanceLoader] [39m[32mGoldModule dependencies initialized[39m[38;5;3m +1ms[39m
[32m[Nest] 4051363  - [39m05/17/2026, 3:53:22 PM [32m    LOG[39m [38;5;3m[InstanceLoader] [39m[32mAuthModule dependencies initialized[39m[38;5;3m +0ms[39m
[32m[Nest] 4051363  - [39m05/17/2026, 3:53:22 PM [32m    LOG[39m [38;5;3m[InstanceLoader] [39m[32mCategoriesModule dependencies initialized[39m[38;5;3m +1ms[39m
[32m[Nest] 4051363  - [39m05/17/2026, 3:53:22 PM [32m    LOG[39m [38;5;3m[InstanceLoader] [39m[32mLiabilitiesModule dependencies initialized[39m[38;5;3m +0ms[39m
[32m[Nest] 4051363  - [39m05/17/2026, 3:53:22 PM [32m    LOG[39m [38;5;3m[InstanceLoader] [39m[32mAssetsModule dependencies initialized[39m[38;5;3m +0ms[39m
[32m[Nest] 4051363  - [39m05/17/2026, 3:53:22 PM [32m    LOG[39m [38;5;3m[InstanceLoader] [39m[32mTransactionsModule dependencies initialized[39m[38;5;3m +0ms[39m
[32m[Nest] 4051363  - [39m05/17/2026, 3:53:22 PM [32m    LOG[39m [38;5;3m[RoutesResolver] [39m[32mAuthController {/api/auth}:[39m[38;5;3m +28ms[39m
[32m[Nest] 4051363  - [39m05/17/2026, 3:53:22 PM [32m    LOG[39m [38;5;3m[RouterExplorer] [39m[32mMapped {/api/auth/register, POST} route[39m[38;5;3m +5ms[39m
[32m[Nest] 4051363  - [39m05/17/2026, 3:53:22 PM [32m    LOG[39m [38;5;3m[RouterExplorer] [39m[32mMapped {/api/auth/login, POST} route[39m[38;5;3m +0ms[39m
[32m[Nest] 4051363  - [39m05/17/2026, 3:53:22 PM [32m    LOG[39m [38;5;3m[RouterExplorer] [39m[32mMapped {/api/auth/refresh, POST} route[39m[38;5;3m +1ms[39m
[32m[Nest] 4051363  - [39m05/17/2026, 3:53:22 PM [32m    LOG[39m [38;5;3m[RoutesResolver] [39m[32mCategoriesController {/api/categories}:[39m[38;5;3m +0ms[39m
[32m[Nest] 4051363  - [39m05/17/2026, 3:53:22 PM [32m    LOG[39m [38;5;3m[RouterExplorer] [39m[32mMapped {/api/categories, GET} route[39m[38;5;3m +1ms[39m
[32m[Nest] 4051363  - [39m05/17/2026, 3:53:22 PM [32m    LOG[39m [38;5;3m[RouterExplorer] [39m[32mMapped {/api/categories, POST} route[39m[38;5;3m +1ms[39m
[32m[Nest] 4051363  - [39m05/17/2026, 3:53:22 PM [32m    LOG[39m [38;5;3m[RouterExplorer] [39m[32mMapped {/api/categories/:id, PATCH} route[39m[38;5;3m +1ms[39m
[32m[Nest] 4051363  - [39m05/17/2026, 3:53:22 PM [32m    LOG[39m [38;5;3m[RouterExplorer] [39m[32mMapped {/api/categories/:id, DELETE} route[39m[38;5;3m +0ms[39m
[32m[Nest] 4051363  - [39m05/17/2026, 3:53:22 PM [32m    LOG[39m [38;5;3m[RoutesResolver] [39m[32mAssetsController {/api/assets}:[39m[38;5;3m +0ms[39m
[32m[Nest] 4051363  - [39m05/17/2026, 3:53:22 PM [32m    LOG[39m [38;5;3m[RouterExplorer] [39m[32mMapped {/api/assets, GET} route[39m[38;5;3m +1ms[39m
[32m[Nest] 4051363  - [39m05/17/2026, 3:53:22 PM [32m    LOG[39m [38;5;3m[RouterExplorer] [39m[32mMapped {/api/assets/summary, GET} route[39m[38;5;3m +1ms[39m
[32m[Nest] 4051363  - [39m05/17/2026, 3:53:22 PM [32m    LOG[39m [38;5;3m[RouterExplorer] [39m[32mMapped {/api/assets, POST} route[39m[38;5;3m +0ms[39m
[32m[Nest] 4051363  - [39m05/17/2026, 3:53:22 PM [32m    LOG[39m [38;5;3m[RouterExplorer] [39m[32mMapped {/api/assets/:id, GET} route[39m[38;5;3m +1ms[39m
[32m[Nest] 4051363  - [39m05/17/2026, 3:53:22 PM [32m    LOG[39m [38;5;3m[RouterExplorer] [39m[32mMapped {/api/assets/:id, PATCH} route[39m[38;5;3m +0ms[39m
[32m[Nest] 4051363  - [39m05/17/2026, 3:53:22 PM [32m    LOG[39m [38;5;3m[RouterExplorer] [39m[32mMapped {/api/assets/:id, DELETE} route[39m[38;5;3m +1ms[39m
[32m[Nest] 4051363  - [39m05/17/2026, 3:53:22 PM [32m    LOG[39m [38;5;3m[RoutesResolver] [39m[32mGoldController {/api/gold}:[39m[38;5;3m +0ms[39m
[32m[Nest] 4051363  - [39m05/17/2026, 3:53:22 PM [32m    LOG[39m [38;5;3m[RouterExplorer] [39m[32mMapped {/api/gold/price, GET} route[39m[38;5;3m +0ms[39m
[32m[Nest] 4051363  - [39m05/17/2026, 3:53:22 PM [32m    LOG[39m [38;5;3m[RouterExplorer] [39m[32mMapped {/api/gold/history, GET} route[39m[38;5;3m +1ms[39m
[32m[Nest] 4051363  - [39m05/17/2026, 3:53:22 PM [32m    LOG[39m [38;5;3m[RoutesResolver] [39m[32mLiabilitiesController {/api/liabilities}:[39m[38;5;3m +0ms[39m
[32m[Nest] 4051363  - [39m05/17/2026, 3:53:22 PM [32m    LOG[39m [38;5;3m[RouterExplorer] [39m[32mMapped {/api/liabilities, GET} route[39m[38;5;3m +0ms[39m
[32m[Nest] 4051363  - [39m05/17/2026, 3:53:22 PM [32m    LOG[39m [38;5;3m[RouterExplorer] [39m[32mMapped {/api/liabilities, POST} route[39m[38;5;3m +0ms[39m
[32m[Nest] 4051363  - [39m05/17/2026, 3:53:22 PM [32m    LOG[39m [38;5;3m[RouterExplorer] [39m[32mMapped {/api/liabilities/:id, GET} route[39m[38;5;3m +1ms[39m
[32m[Nest] 4051363  - [39m05/17/2026, 3:53:22 PM [32m    LOG[39m [38;5;3m[RouterExplorer] [39m[32mMapped {/api/liabilities/:id/schedule, GET} route[39m[38;5;3m +0ms[39m
[32m[Nest] 4051363  - [39m05/17/2026, 3:53:22 PM [32m    LOG[39m [38;5;3m[RouterExplorer] [39m[32mMapped {/api/liabilities/:id, PATCH} route[39m[38;5;3m +0ms[39m
[32m[Nest] 4051363  - [39m05/17/2026, 3:53:22 PM [32m    LOG[39m [38;5;3m[RouterExplorer] [39m[32mMapped {/api/liabilities/:id, DELETE} route[39m[38;5;3m +1ms[39m
[32m[Nest] 4051363  - [39m05/17/2026, 3:53:22 PM [32m    LOG[39m [38;5;3m[RoutesResolver] [39m[32mTransactionsController {/api/transactions}:[39m[38;5;3m +0ms[39m
[32m[Nest] 4051363  - [39m05/17/2026, 3:53:22 PM [32m    LOG[39m [38;5;3m[RouterExplorer] [39m[32mMapped {/api/transactions, GET} route[39m[38;5;3m +0ms[39m
[32m[Nest] 4051363  - [39m05/17/2026, 3:53:22 PM [32m    LOG[39m [38;5;3m[RouterExplorer] [39m[32mMapped {/api/transactions/summary, GET} route[39m[38;5;3m +1ms[39m
[32m[Nest] 4051363  - [39m05/17/2026, 3:53:22 PM [32m    LOG[39m [38;5;3m[RouterExplorer] [39m[32mMapped {/api/transactions, POST} route[39m[38;5;3m +0ms[39m
[32m[Nest] 4051363  - [39m05/17/2026, 3:53:22 PM [32m    LOG[39m [38;5;3m[RouterExplorer] [39m[32mMapped {/api/transactions/:id, GET} route[39m[38;5;3m +0ms[39m
[32m[Nest] 4051363  - [39m05/17/2026, 3:53:22 PM [32m    LOG[39m [38;5;3m[RouterExplorer] [39m[32mMapped {/api/transactions/:id, PATCH} route[39m[38;5;3m +0ms[39m
[32m[Nest] 4051363  - [39m05/17/2026, 3:53:22 PM [32m    LOG[39m [38;5;3m[RouterExplorer] [39m[32mMapped {/api/transactions/:id, DELETE} route[39m[38;5;3m +1ms[39m
[32m[Nest] 4051363  - [39m05/17/2026, 3:53:22 PM [32m    LOG[39m [38;5;3m[RoutesResolver] [39m[32mForecastController {/api/forecast}:[39m[38;5;3m +0ms[39m
[32m[Nest] 4051363  - [39m05/17/2026, 3:53:22 PM [32m    LOG[39m [38;5;3m[RouterExplorer] [39m[32mMapped {/api/forecast/wacr, GET} route[39m[38;5;3m +0ms[39m
[32m[Nest] 4051363  - [39m05/17/2026, 3:53:22 PM [32m    LOG[39m [38;5;3m[RouterExplorer] [39m[32mMapped {/api/forecast/cashflow, POST} route[39m[38;5;3m +0ms[39m
[32m[Nest] 4051363  - [39m05/17/2026, 3:53:22 PM [32m    LOG[39m [38;5;3m[NestApplication] [39m[32mNest application successfully started[39m[38;5;3m +27ms[39m
[31m[Nest] 4051363  - [39m05/17/2026, 3:53:22 PM [31m  ERROR[39m [38;5;3m[NestApplication] [39m[31mError: listen EADDRINUSE: address already in use :::3000[39m[38;5;3m +3ms[39m
node:net:1908
    const ex = new UVExceptionWithHostPort(err, 'listen', address, port);
               ^

Error: listen EADDRINUSE: address already in use :::3000
    at Server.setupListenHandle [as _listen2] (node:net:1908:16)
    at listenInCluster (node:net:1965:12)
    at Server.listen (node:net:2067:7)
    at ExpressAdapter.listen (/home/kyrie/workspace/elevate-life/backend/node_modules/@nestjs/platform-express/adapters/express-adapter.js:115:32)
    at /home/kyrie/workspace/elevate-life/backend/node_modules/@nestjs/core/nest-application.js:188:30
    at new Promise (<anonymous>)
    at NestApplication.listen (/home/kyrie/workspace/elevate-life/backend/node_modules/@nestjs/core/nest-application.js:178:16)
    at async bootstrap (/home/kyrie/workspace/elevate-life/backend/src/main.ts:20:3) {
  code: 'EADDRINUSE',
  errno: -98,
  syscall: 'listen',
  address: '::',
  port: 3000
}

Node.js v20.20.0
[2J[3J[H[[90m3:53:50 PM[0m] File change detected. Starting incremental compilation...

[[90m3:53:50 PM[0m] Found 0 errors. Watching for file changes.

[32m[Nest] 4051399  - [39m05/17/2026, 3:53:51 PM [32m    LOG[39m [38;5;3m[NestFactory] [39m[32mStarting Nest application...[39m
[32m[Nest] 4051399  - [39m05/17/2026, 3:53:51 PM [32m    LOG[39m [38;5;3m[InstanceLoader] [39m[32mAppModule dependencies initialized[39m[38;5;3m +40ms[39m
[32m[Nest] 4051399  - [39m05/17/2026, 3:53:51 PM [32m    LOG[39m [38;5;3m[InstanceLoader] [39m[32mTypeOrmModule dependencies initialized[39m[38;5;3m +0ms[39m
[32m[Nest] 4051399  - [39m05/17/2026, 3:53:51 PM [32m    LOG[39m [38;5;3m[InstanceLoader] [39m[32mPassportModule dependencies initialized[39m[38;5;3m +0ms[39m
[32m[Nest] 4051399  - [39m05/17/2026, 3:53:51 PM [32m    LOG[39m [38;5;3m[InstanceLoader] [39m[32mConfigHostModule dependencies initialized[39m[38;5;3m +1ms[39m
[32m[Nest] 4051399  - [39m05/17/2026, 3:53:51 PM [32m    LOG[39m [38;5;3m[InstanceLoader] [39m[32mJwtModule dependencies initialized[39m[38;5;3m +1ms[39m
[32m[Nest] 4051399  - [39m05/17/2026, 3:53:51 PM [32m    LOG[39m [38;5;3m[InstanceLoader] [39m[32mDiscoveryModule dependencies initialized[39m[38;5;3m +0ms[39m
[32m[Nest] 4051399  - [39m05/17/2026, 3:53:51 PM [32m    LOG[39m [38;5;3m[InstanceLoader] [39m[32mConfigModule dependencies initialized[39m[38;5;3m +65ms[39m
[32m[Nest] 4051399  - [39m05/17/2026, 3:53:51 PM [32m    LOG[39m [38;5;3m[InstanceLoader] [39m[32mConfigModule dependencies initialized[39m[38;5;3m +0ms[39m
[32m[Nest] 4051399  - [39m05/17/2026, 3:53:51 PM [32m    LOG[39m [38;5;3m[InstanceLoader] [39m[32mScheduleModule dependencies initialized[39m[38;5;3m +0ms[39m
[32m[Nest] 4051399  - [39m05/17/2026, 3:53:51 PM [32m    LOG[39m [38;5;3m[InstanceLoader] [39m[32mEncryptionModule dependencies initialized[39m[38;5;3m +9ms[39m
[32m[Nest] 4051399  - [39m05/17/2026, 3:53:51 PM [32m    LOG[39m [38;5;3m[InstanceLoader] [39m[32mStockModule dependencies initialized[39m[38;5;3m +0ms[39m
[32m[Nest] 4051399  - [39m05/17/2026, 3:53:51 PM [32m    LOG[39m [38;5;3m[InstanceLoader] [39m[32mThrottlerModule dependencies initialized[39m[38;5;3m +1ms[39m
[32m[Nest] 4051399  - [39m05/17/2026, 3:53:51 PM [32m    LOG[39m [38;5;3m[InstanceLoader] [39m[32mTypeOrmCoreModule dependencies initialized[39m[38;5;3m +79ms[39m
[32m[Nest] 4051399  - [39m05/17/2026, 3:53:51 PM [32m    LOG[39m [38;5;3m[InstanceLoader] [39m[32mTypeOrmModule dependencies initialized[39m[38;5;3m +0ms[39m
[32m[Nest] 4051399  - [39m05/17/2026, 3:53:51 PM [32m    LOG[39m [38;5;3m[InstanceLoader] [39m[32mTypeOrmModule dependencies initialized[39m[38;5;3m +0ms[39m
[32m[Nest] 4051399  - [39m05/17/2026, 3:53:51 PM [32m    LOG[39m [38;5;3m[InstanceLoader] [39m[32mTypeOrmModule dependencies initialized[39m[38;5;3m +0ms[39m
[32m[Nest] 4051399  - [39m05/17/2026, 3:53:51 PM [32m    LOG[39m [38;5;3m[InstanceLoader] [39m[32mTypeOrmModule dependencies initialized[39m[38;5;3m +0ms[39m
[32m[Nest] 4051399  - [39m05/17/2026, 3:53:51 PM [32m    LOG[39m [38;5;3m[InstanceLoader] [39m[32mTypeOrmModule dependencies initialized[39m[38;5;3m +0ms[39m
[32m[Nest] 4051399  - [39m05/17/2026, 3:53:51 PM [32m    LOG[39m [38;5;3m[InstanceLoader] [39m[32mTypeOrmModule dependencies initialized[39m[38;5;3m +0ms[39m
[32m[Nest] 4051399  - [39m05/17/2026, 3:53:51 PM [32m    LOG[39m [38;5;3m[InstanceLoader] [39m[32mTypeOrmModule dependencies initialized[39m[38;5;3m +1ms[39m
[32m[Nest] 4051399  - [39m05/17/2026, 3:53:51 PM [32m    LOG[39m [38;5;3m[InstanceLoader] [39m[32mForecastModule dependencies initialized[39m[38;5;3m +0ms[39m
[32m[Nest] 4051399  - [39m05/17/2026, 3:53:51 PM [32m    LOG[39m [38;5;3m[InstanceLoader] [39m[32mUsersModule dependencies initialized[39m[38;5;3m +0ms[39m
[32m[Nest] 4051399  - [39m05/17/2026, 3:53:51 PM [32m    LOG[39m [38;5;3m[InstanceLoader] [39m[32mGoldModule dependencies initialized[39m[38;5;3m +1ms[39m
[32m[Nest] 4051399  - [39m05/17/2026, 3:53:51 PM [32m    LOG[39m [38;5;3m[InstanceLoader] [39m[32mAuthModule dependencies initialized[39m[38;5;3m +1ms[39m
[32m[Nest] 4051399  - [39m05/17/2026, 3:53:51 PM [32m    LOG[39m [38;5;3m[InstanceLoader] [39m[32mCategoriesModule dependencies initialized[39m[38;5;3m +0ms[39m
[32m[Nest] 4051399  - [39m05/17/2026, 3:53:51 PM [32m    LOG[39m [38;5;3m[InstanceLoader] [39m[32mLiabilitiesModule dependencies initialized[39m[38;5;3m +0ms[39m
[32m[Nest] 4051399  - [39m05/17/2026, 3:53:51 PM [32m    LOG[39m [38;5;3m[InstanceLoader] [39m[32mAssetsModule dependencies initialized[39m[38;5;3m +0ms[39m
[32m[Nest] 4051399  - [39m05/17/2026, 3:53:51 PM [32m    LOG[39m [38;5;3m[InstanceLoader] [39m[32mTransactionsModule dependencies initialized[39m[38;5;3m +0ms[39m
[32m[Nest] 4051399  - [39m05/17/2026, 3:53:51 PM [32m    LOG[39m [38;5;3m[RoutesResolver] [39m[32mAuthController {/api/auth}:[39m[38;5;3m +23ms[39m
[32m[Nest] 4051399  - [39m05/17/2026, 3:53:51 PM [32m    LOG[39m [38;5;3m[RouterExplorer] [39m[32mMapped {/api/auth/register, POST} route[39m[38;5;3m +4ms[39m
[32m[Nest] 4051399  - [39m05/17/2026, 3:53:51 PM [32m    LOG[39m [38;5;3m[RouterExplorer] [39m[32mMapped {/api/auth/login, POST} route[39m[38;5;3m +1ms[39m
[32m[Nest] 4051399  - [39m05/17/2026, 3:53:51 PM [32m    LOG[39m [38;5;3m[RouterExplorer] [39m[32mMapped {/api/auth/refresh, POST} route[39m[38;5;3m +0ms[39m
[32m[Nest] 4051399  - [39m05/17/2026, 3:53:51 PM [32m    LOG[39m [38;5;3m[RoutesResolver] [39m[32mCategoriesController {/api/categories}:[39m[38;5;3m +1ms[39m
[32m[Nest] 4051399  - [39m05/17/2026, 3:53:51 PM [32m    LOG[39m [38;5;3m[RouterExplorer] [39m[32mMapped {/api/categories, GET} route[39m[38;5;3m +1ms[39m
[32m[Nest] 4051399  - [39m05/17/2026, 3:53:51 PM [32m    LOG[39m [38;5;3m[RouterExplorer] [39m[32mMapped {/api/categories, POST} route[39m[38;5;3m +0ms[39m
[32m[Nest] 4051399  - [39m05/17/2026, 3:53:51 PM [32m    LOG[39m [38;5;3m[RouterExplorer] [39m[32mMapped {/api/categories/:id, PATCH} route[39m[38;5;3m +1ms[39m
[32m[Nest] 4051399  - [39m05/17/2026, 3:53:51 PM [32m    LOG[39m [38;5;3m[RouterExplorer] [39m[32mMapped {/api/categories/:id, DELETE} route[39m[38;5;3m +1ms[39m
[32m[Nest] 4051399  - [39m05/17/2026, 3:53:51 PM [32m    LOG[39m [38;5;3m[RoutesResolver] [39m[32mAssetsController {/api/assets}:[39m[38;5;3m +0ms[39m
[32m[Nest] 4051399  - [39m05/17/2026, 3:53:51 PM [32m    LOG[39m [38;5;3m[RouterExplorer] [39m[32mMapped {/api/assets, GET} route[39m[38;5;3m +0ms[39m
[32m[Nest] 4051399  - [39m05/17/2026, 3:53:51 PM [32m    LOG[39m [38;5;3m[RouterExplorer] [39m[32mMapped {/api/assets/summary, GET} route[39m[38;5;3m +1ms[39m
[32m[Nest] 4051399  - [39m05/17/2026, 3:53:51 PM [32m    LOG[39m [38;5;3m[RouterExplorer] [39m[32mMapped {/api/assets, POST} route[39m[38;5;3m +1ms[39m
[32m[Nest] 4051399  - [39m05/17/2026, 3:53:51 PM [32m    LOG[39m [38;5;3m[RouterExplorer] [39m[32mMapped {/api/assets/:id, GET} route[39m[38;5;3m +0ms[39m
[32m[Nest] 4051399  - [39m05/17/2026, 3:53:51 PM [32m    LOG[39m [38;5;3m[RouterExplorer] [39m[32mMapped {/api/assets/:id, PATCH} route[39m[38;5;3m +1ms[39m
[32m[Nest] 4051399  - [39m05/17/2026, 3:53:51 PM [32m    LOG[39m [38;5;3m[RouterExplorer] [39m[32mMapped {/api/assets/:id, DELETE} route[39m[38;5;3m +0ms[39m
[32m[Nest] 4051399  - [39m05/17/2026, 3:53:51 PM [32m    LOG[39m [38;5;3m[RoutesResolver] [39m[32mGoldController {/api/gold}:[39m[38;5;3m +0ms[39m
[32m[Nest] 4051399  - [39m05/17/2026, 3:53:51 PM [32m    LOG[39m [38;5;3m[RouterExplorer] [39m[32mMapped {/api/gold/price, GET} route[39m[38;5;3m +0ms[39m
[32m[Nest] 4051399  - [39m05/17/2026, 3:53:51 PM [32m    LOG[39m [38;5;3m[RouterExplorer] [39m[32mMapped {/api/gold/history, GET} route[39m[38;5;3m +1ms[39m
[32m[Nest] 4051399  - [39m05/17/2026, 3:53:51 PM [32m    LOG[39m [38;5;3m[RoutesResolver] [39m[32mLiabilitiesController {/api/liabilities}:[39m[38;5;3m +0ms[39m
[32m[Nest] 4051399  - [39m05/17/2026, 3:53:51 PM [32m    LOG[39m [38;5;3m[RouterExplorer] [39m[32mMapped {/api/liabilities, GET} route[39m[38;5;3m +0ms[39m
[32m[Nest] 4051399  - [39m05/17/2026, 3:53:51 PM [32m    LOG[39m [38;5;3m[RouterExplorer] [39m[32mMapped {/api/liabilities, POST} route[39m[38;5;3m +0ms[39m
[32m[Nest] 4051399  - [39m05/17/2026, 3:53:51 PM [32m    LOG[39m [38;5;3m[RouterExplorer] [39m[32mMapped {/api/liabilities/:id, GET} route[39m[38;5;3m +1ms[39m
[32m[Nest] 4051399  - [39m05/17/2026, 3:53:51 PM [32m    LOG[39m [38;5;3m[RouterExplorer] [39m[32mMapped {/api/liabilities/:id/schedule, GET} route[39m[38;5;3m +0ms[39m
[32m[Nest] 4051399  - [39m05/17/2026, 3:53:51 PM [32m    LOG[39m [38;5;3m[RouterExplorer] [39m[32mMapped {/api/liabilities/:id, PATCH} route[39m[38;5;3m +0ms[39m
[32m[Nest] 4051399  - [39m05/17/2026, 3:53:51 PM [32m    LOG[39m [38;5;3m[RouterExplorer] [39m[32mMapped {/api/liabilities/:id, DELETE} route[39m[38;5;3m +1ms[39m
[32m[Nest] 4051399  - [39m05/17/2026, 3:53:51 PM [32m    LOG[39m [38;5;3m[RoutesResolver] [39m[32mTransactionsController {/api/transactions}:[39m[38;5;3m +0ms[39m
[32m[Nest] 4051399  - [39m05/17/2026, 3:53:51 PM [32m    LOG[39m [38;5;3m[RouterExplorer] [39m[32mMapped {/api/transactions, GET} route[39m[38;5;3m +0ms[39m
[32m[Nest] 4051399  - [39m05/17/2026, 3:53:51 PM [32m    LOG[39m [38;5;3m[RouterExplorer] [39m[32mMapped {/api/transactions/summary, GET} route[39m[38;5;3m +1ms[39m
[32m[Nest] 4051399  - [39m05/17/2026, 3:53:51 PM [32m    LOG[39m [38;5;3m[RouterExplorer] [39m[32mMapped {/api/transactions, POST} route[39m[38;5;3m +0ms[39m
[32m[Nest] 4051399  - [39m05/17/2026, 3:53:51 PM [32m    LOG[39m [38;5;3m[RouterExplorer] [39m[32mMapped {/api/transactions/:id, GET} route[39m[38;5;3m +0ms[39m
[32m[Nest] 4051399  - [39m05/17/2026, 3:53:51 PM [32m    LOG[39m [38;5;3m[RouterExplorer] [39m[32mMapped {/api/transactions/:id, PATCH} route[39m[38;5;3m +0ms[39m
[32m[Nest] 4051399  - [39m05/17/2026, 3:53:51 PM [32m    LOG[39m [38;5;3m[RouterExplorer] [39m[32mMapped {/api/transactions/:id, DELETE} route[39m[38;5;3m +1ms[39m
[32m[Nest] 4051399  - [39m05/17/2026, 3:53:51 PM [32m    LOG[39m [38;5;3m[RoutesResolver] [39m[32mForecastController {/api/forecast}:[39m[38;5;3m +0ms[39m
[32m[Nest] 4051399  - [39m05/17/2026, 3:53:51 PM [32m    LOG[39m [38;5;3m[RouterExplorer] [39m[32mMapped {/api/forecast/wacr, GET} route[39m[38;5;3m +0ms[39m
[32m[Nest] 4051399  - [39m05/17/2026, 3:53:51 PM [32m    LOG[39m [38;5;3m[RouterExplorer] [39m[32mMapped {/api/forecast/cashflow, POST} route[39m[38;5;3m +0ms[39m
[32m[Nest] 4051399  - [39m05/17/2026, 3:53:51 PM [32m    LOG[39m [38;5;3m[NestApplication] [39m[32mNest application successfully started[39m[38;5;3m +24ms[39m
[31m[Nest] 4051399  - [39m05/17/2026, 3:53:51 PM [31m  ERROR[39m [38;5;3m[NestApplication] [39m[31mError: listen EADDRINUSE: address already in use :::3000[39m[38;5;3m +3ms[39m
node:net:1908
    const ex = new UVExceptionWithHostPort(err, 'listen', address, port);
               ^

Error: listen EADDRINUSE: address already in use :::3000
    at Server.setupListenHandle [as _listen2] (node:net:1908:16)
    at listenInCluster (node:net:1965:12)
    at Server.listen (node:net:2067:7)
    at ExpressAdapter.listen (/home/kyrie/workspace/elevate-life/backend/node_modules/@nestjs/platform-express/adapters/express-adapter.js:115:32)
    at /home/kyrie/workspace/elevate-life/backend/node_modules/@nestjs/core/nest-application.js:188:30
    at new Promise (<anonymous>)
    at NestApplication.listen (/home/kyrie/workspace/elevate-life/backend/node_modules/@nestjs/core/nest-application.js:178:16)
    at async bootstrap (/home/kyrie/workspace/elevate-life/backend/src/main.ts:20:3) {
  code: 'EADDRINUSE',
  errno: -98,
  syscall: 'listen',
  address: '::',
  port: 3000
}

Node.js v20.20.0
[2J[3J[H[[90m3:54:11 PM[0m] File change detected. Starting incremental compilation...

[[90m3:54:11 PM[0m] Found 0 errors. Watching for file changes.

[32m[Nest] 4051432  - [39m05/17/2026, 3:54:12 PM [32m    LOG[39m [38;5;3m[NestFactory] [39m[32mStarting Nest application...[39m
[32m[Nest] 4051432  - [39m05/17/2026, 3:54:12 PM [32m    LOG[39m [38;5;3m[InstanceLoader] [39m[32mAppModule dependencies initialized[39m[38;5;3m +26ms[39m
[32m[Nest] 4051432  - [39m05/17/2026, 3:54:12 PM [32m    LOG[39m [38;5;3m[InstanceLoader] [39m[32mTypeOrmModule dependencies initialized[39m[38;5;3m +1ms[39m
[32m[Nest] 4051432  - [39m05/17/2026, 3:54:12 PM [32m    LOG[39m [38;5;3m[InstanceLoader] [39m[32mPassportModule dependencies initialized[39m[38;5;3m +0ms[39m
[32m[Nest] 4051432  - [39m05/17/2026, 3:54:12 PM [32m    LOG[39m [38;5;3m[InstanceLoader] [39m[32mConfigHostModule dependencies initialized[39m[38;5;3m +0ms[39m
[32m[Nest] 4051432  - [39m05/17/2026, 3:54:12 PM [32m    LOG[39m [38;5;3m[InstanceLoader] [39m[32mJwtModule dependencies initialized[39m[38;5;3m +1ms[39m
[32m[Nest] 4051432  - [39m05/17/2026, 3:54:12 PM [32m    LOG[39m [38;5;3m[InstanceLoader] [39m[32mDiscoveryModule dependencies initialized[39m[38;5;3m +0ms[39m
[32m[Nest] 4051432  - [39m05/17/2026, 3:54:12 PM [32m    LOG[39m [38;5;3m[InstanceLoader] [39m[32mConfigModule dependencies initialized[39m[38;5;3m +64ms[39m
[32m[Nest] 4051432  - [39m05/17/2026, 3:54:12 PM [32m    LOG[39m [38;5;3m[InstanceLoader] [39m[32mConfigModule dependencies initialized[39m[38;5;3m +0ms[39m
[32m[Nest] 4051432  - [39m05/17/2026, 3:54:12 PM [32m    LOG[39m [38;5;3m[InstanceLoader] [39m[32mScheduleModule dependencies initialized[39m[38;5;3m +0ms[39m
[32m[Nest] 4051432  - [39m05/17/2026, 3:54:12 PM [32m    LOG[39m [38;5;3m[InstanceLoader] [39m[32mEncryptionModule dependencies initialized[39m[38;5;3m +7ms[39m
[32m[Nest] 4051432  - [39m05/17/2026, 3:54:12 PM [32m    LOG[39m [38;5;3m[InstanceLoader] [39m[32mStockModule dependencies initialized[39m[38;5;3m +0ms[39m
[32m[Nest] 4051432  - [39m05/17/2026, 3:54:12 PM [32m    LOG[39m [38;5;3m[InstanceLoader] [39m[32mThrottlerModule dependencies initialized[39m[38;5;3m +1ms[39m
[32m[Nest] 4051432  - [39m05/17/2026, 3:54:12 PM [32m    LOG[39m [38;5;3m[InstanceLoader] [39m[32mTypeOrmCoreModule dependencies initialized[39m[38;5;3m +63ms[39m
[32m[Nest] 4051432  - [39m05/17/2026, 3:54:12 PM [32m    LOG[39m [38;5;3m[InstanceLoader] [39m[32mTypeOrmModule dependencies initialized[39m[38;5;3m +0ms[39m
[32m[Nest] 4051432  - [39m05/17/2026, 3:54:12 PM [32m    LOG[39m [38;5;3m[InstanceLoader] [39m[32mTypeOrmModule dependencies initialized[39m[38;5;3m +0ms[39m
[32m[Nest] 4051432  - [39m05/17/2026, 3:54:12 PM [32m    LOG[39m [38;5;3m[InstanceLoader] [39m[32mTypeOrmModule dependencies initialized[39m[38;5;3m +0ms[39m
[32m[Nest] 4051432  - [39m05/17/2026, 3:54:12 PM [32m    LOG[39m [38;5;3m[InstanceLoader] [39m[32mTypeOrmModule dependencies initialized[39m[38;5;3m +0ms[39m
[32m[Nest] 4051432  - [39m05/17/2026, 3:54:12 PM [32m    LOG[39m [38;5;3m[InstanceLoader] [39m[32mTypeOrmModule dependencies initialized[39m[38;5;3m +0ms[39m
[32m[Nest] 4051432  - [39m05/17/2026, 3:54:12 PM [32m    LOG[39m [38;5;3m[InstanceLoader] [39m[32mTypeOrmModule dependencies initialized[39m[38;5;3m +0ms[39m
[32m[Nest] 4051432  - [39m05/17/2026, 3:54:12 PM [32m    LOG[39m [38;5;3m[InstanceLoader] [39m[32mTypeOrmModule dependencies initialized[39m[38;5;3m +1ms[39m
[32m[Nest] 4051432  - [39m05/17/2026, 3:54:12 PM [32m    LOG[39m [38;5;3m[InstanceLoader] [39m[32mForecastModule dependencies initialized[39m[38;5;3m +0ms[39m
[32m[Nest] 4051432  - [39m05/17/2026, 3:54:12 PM [32m    LOG[39m [38;5;3m[InstanceLoader] [39m[32mUsersModule dependencies initialized[39m[38;5;3m +0ms[39m
[32m[Nest] 4051432  - [39m05/17/2026, 3:54:12 PM [32m    LOG[39m [38;5;3m[InstanceLoader] [39m[32mGoldModule dependencies initialized[39m[38;5;3m +1ms[39m
[32m[Nest] 4051432  - [39m05/17/2026, 3:54:12 PM [32m    LOG[39m [38;5;3m[InstanceLoader] [39m[32mAuthModule dependencies initialized[39m[38;5;3m +0ms[39m
[32m[Nest] 4051432  - [39m05/17/2026, 3:54:12 PM [32m    LOG[39m [38;5;3m[InstanceLoader] [39m[32mCategoriesModule dependencies initialized[39m[38;5;3m +0ms[39m
[32m[Nest] 4051432  - [39m05/17/2026, 3:54:12 PM [32m    LOG[39m [38;5;3m[InstanceLoader] [39m[32mLiabilitiesModule dependencies initialized[39m[38;5;3m +1ms[39m
[32m[Nest] 4051432  - [39m05/17/2026, 3:54:12 PM [32m    LOG[39m [38;5;3m[InstanceLoader] [39m[32mAssetsModule dependencies initialized[39m[38;5;3m +0ms[39m
[32m[Nest] 4051432  - [39m05/17/2026, 3:54:12 PM [32m    LOG[39m [38;5;3m[InstanceLoader] [39m[32mTransactionsModule dependencies initialized[39m[38;5;3m +0ms[39m
[32m[Nest] 4051432  - [39m05/17/2026, 3:54:12 PM [32m    LOG[39m [38;5;3m[RoutesResolver] [39m[32mAuthController {/api/auth}:[39m[38;5;3m +20ms[39m
[32m[Nest] 4051432  - [39m05/17/2026, 3:54:12 PM [32m    LOG[39m [38;5;3m[RouterExplorer] [39m[32mMapped {/api/auth/register, POST} route[39m[38;5;3m +4ms[39m
[32m[Nest] 4051432  - [39m05/17/2026, 3:54:12 PM [32m    LOG[39m [38;5;3m[RouterExplorer] [39m[32mMapped {/api/auth/login, POST} route[39m[38;5;3m +0ms[39m
[32m[Nest] 4051432  - [39m05/17/2026, 3:54:13 PM [32m    LOG[39m [38;5;3m[RouterExplorer] [39m[32mMapped {/api/auth/refresh, POST} route[39m[38;5;3m +1ms[39m
[32m[Nest] 4051432  - [39m05/17/2026, 3:54:13 PM [32m    LOG[39m [38;5;3m[RoutesResolver] [39m[32mCategoriesController {/api/categories}:[39m[38;5;3m +0ms[39m
[32m[Nest] 4051432  - [39m05/17/2026, 3:54:13 PM [32m    LOG[39m [38;5;3m[RouterExplorer] [39m[32mMapped {/api/categories, GET} route[39m[38;5;3m +1ms[39m
[32m[Nest] 4051432  - [39m05/17/2026, 3:54:13 PM [32m    LOG[39m [38;5;3m[RouterExplorer] [39m[32mMapped {/api/categories, POST} route[39m[38;5;3m +0ms[39m
[32m[Nest] 4051432  - [39m05/17/2026, 3:54:13 PM [32m    LOG[39m [38;5;3m[RouterExplorer] [39m[32mMapped {/api/categories/:id, PATCH} route[39m[38;5;3m +1ms[39m
[32m[Nest] 4051432  - [39m05/17/2026, 3:54:13 PM [32m    LOG[39m [38;5;3m[RouterExplorer] [39m[32mMapped {/api/categories/:id, DELETE} route[39m[38;5;3m +1ms[39m
[32m[Nest] 4051432  - [39m05/17/2026, 3:54:13 PM [32m    LOG[39m [38;5;3m[RoutesResolver] [39m[32mAssetsController {/api/assets}:[39m[38;5;3m +0ms[39m
[32m[Nest] 4051432  - [39m05/17/2026, 3:54:13 PM [32m    LOG[39m [38;5;3m[RouterExplorer] [39m[32mMapped {/api/assets, GET} route[39m[38;5;3m +0ms[39m
[32m[Nest] 4051432  - [39m05/17/2026, 3:54:13 PM [32m    LOG[39m [38;5;3m[RouterExplorer] [39m[32mMapped {/api/assets/summary, GET} route[39m[38;5;3m +1ms[39m
[32m[Nest] 4051432  - [39m05/17/2026, 3:54:13 PM [32m    LOG[39m [38;5;3m[RouterExplorer] [39m[32mMapped {/api/assets, POST} route[39m[38;5;3m +1ms[39m
[32m[Nest] 4051432  - [39m05/17/2026, 3:54:13 PM [32m    LOG[39m [38;5;3m[RouterExplorer] [39m[32mMapped {/api/assets/:id, GET} route[39m[38;5;3m +0ms[39m
[32m[Nest] 4051432  - [39m05/17/2026, 3:54:13 PM [32m    LOG[39m [38;5;3m[RouterExplorer] [39m[32mMapped {/api/assets/:id, PATCH} route[39m[38;5;3m +0ms[39m
[32m[Nest] 4051432  - [39m05/17/2026, 3:54:13 PM [32m    LOG[39m [38;5;3m[RouterExplorer] [39m[32mMapped {/api/assets/:id, DELETE} route[39m[38;5;3m +1ms[39m
[32m[Nest] 4051432  - [39m05/17/2026, 3:54:13 PM [32m    LOG[39m [38;5;3m[RoutesResolver] [39m[32mGoldController {/api/gold}:[39m[38;5;3m +0ms[39m
[32m[Nest] 4051432  - [39m05/17/2026, 3:54:13 PM [32m    LOG[39m [38;5;3m[RouterExplorer] [39m[32mMapped {/api/gold/price, GET} route[39m[38;5;3m +0ms[39m
[32m[Nest] 4051432  - [39m05/17/2026, 3:54:13 PM [32m    LOG[39m [38;5;3m[RouterExplorer] [39m[32mMapped {/api/gold/history, GET} route[39m[38;5;3m +0ms[39m
[32m[Nest] 4051432  - [39m05/17/2026, 3:54:13 PM [32m    LOG[39m [38;5;3m[RoutesResolver] [39m[32mLiabilitiesController {/api/liabilities}:[39m[38;5;3m +1ms[39m
[32m[Nest] 4051432  - [39m05/17/2026, 3:54:13 PM [32m    LOG[39m [38;5;3m[RouterExplorer] [39m[32mMapped {/api/liabilities, GET} route[39m[38;5;3m +0ms[39m
[32m[Nest] 4051432  - [39m05/17/2026, 3:54:13 PM [32m    LOG[39m [38;5;3m[RouterExplorer] [39m[32mMapped {/api/liabilities, POST} route[39m[38;5;3m +0ms[39m
[32m[Nest] 4051432  - [39m05/17/2026, 3:54:13 PM [32m    LOG[39m [38;5;3m[RouterExplorer] [39m[32mMapped {/api/liabilities/:id, GET} route[39m[38;5;3m +1ms[39m
[32m[Nest] 4051432  - [39m05/17/2026, 3:54:13 PM [32m    LOG[39m [38;5;3m[RouterExplorer] [39m[32mMapped {/api/liabilities/:id/schedule, GET} route[39m[38;5;3m +0ms[39m
[32m[Nest] 4051432  - [39m05/17/2026, 3:54:13 PM [32m    LOG[39m [38;5;3m[RouterExplorer] [39m[32mMapped {/api/liabilities/:id, PATCH} route[39m[38;5;3m +0ms[39m
[32m[Nest] 4051432  - [39m05/17/2026, 3:54:13 PM [32m    LOG[39m [38;5;3m[RouterExplorer] [39m[32mMapped {/api/liabilities/:id, DELETE} route[39m[38;5;3m +0ms[39m
[32m[Nest] 4051432  - [39m05/17/2026, 3:54:13 PM [32m    LOG[39m [38;5;3m[RoutesResolver] [39m[32mTransactionsController {/api/transactions}:[39m[38;5;3m +0ms[39m
[32m[Nest] 4051432  - [39m05/17/2026, 3:54:13 PM [32m    LOG[39m [38;5;3m[RouterExplorer] [39m[32mMapped {/api/transactions, GET} route[39m[38;5;3m +1ms[39m
[32m[Nest] 4051432  - [39m05/17/2026, 3:54:13 PM [32m    LOG[39m [38;5;3m[RouterExplorer] [39m[32mMapped {/api/transactions/summary, GET} route[39m[38;5;3m +0ms[39m
[32m[Nest] 4051432  - [39m05/17/2026, 3:54:13 PM [32m    LOG[39m [38;5;3m[RouterExplorer] [39m[32mMapped {/api/transactions, POST} route[39m[38;5;3m +0ms[39m
[32m[Nest] 4051432  - [39m05/17/2026, 3:54:13 PM [32m    LOG[39m [38;5;3m[RouterExplorer] [39m[32mMapped {/api/transactions/:id, GET} route[39m[38;5;3m +0ms[39m
[32m[Nest] 4051432  - [39m05/17/2026, 3:54:13 PM [32m    LOG[39m [38;5;3m[RouterExplorer] [39m[32mMapped {/api/transactions/:id, PATCH} route[39m[38;5;3m +1ms[39m
[32m[Nest] 4051432  - [39m05/17/2026, 3:54:13 PM [32m    LOG[39m [38;5;3m[RouterExplorer] [39m[32mMapped {/api/transactions/:id, DELETE} route[39m[38;5;3m +0ms[39m
[32m[Nest] 4051432  - [39m05/17/2026, 3:54:13 PM [32m    LOG[39m [38;5;3m[RoutesResolver] [39m[32mForecastController {/api/forecast}:[39m[38;5;3m +0ms[39m
[32m[Nest] 4051432  - [39m05/17/2026, 3:54:13 PM [32m    LOG[39m [38;5;3m[RouterExplorer] [39m[32mMapped {/api/forecast/wacr, GET} route[39m[38;5;3m +0ms[39m
[32m[Nest] 4051432  - [39m05/17/2026, 3:54:13 PM [32m    LOG[39m [38;5;3m[RouterExplorer] [39m[32mMapped {/api/forecast/cashflow, POST} route[39m[38;5;3m +0ms[39m
[32m[Nest] 4051432  - [39m05/17/2026, 3:54:13 PM [32m    LOG[39m [38;5;3m[NestApplication] [39m[32mNest application successfully started[39m[38;5;3m +22ms[39m
[31m[Nest] 4051432  - [39m05/17/2026, 3:54:13 PM [31m  ERROR[39m [38;5;3m[NestApplication] [39m[31mError: listen EADDRINUSE: address already in use :::3000[39m[38;5;3m +3ms[39m
node:net:1908
    const ex = new UVExceptionWithHostPort(err, 'listen', address, port);
               ^

Error: listen EADDRINUSE: address already in use :::3000
    at Server.setupListenHandle [as _listen2] (node:net:1908:16)
    at listenInCluster (node:net:1965:12)
    at Server.listen (node:net:2067:7)
    at ExpressAdapter.listen (/home/kyrie/workspace/elevate-life/backend/node_modules/@nestjs/platform-express/adapters/express-adapter.js:115:32)
    at /home/kyrie/workspace/elevate-life/backend/node_modules/@nestjs/core/nest-application.js:188:30
    at new Promise (<anonymous>)
    at NestApplication.listen (/home/kyrie/workspace/elevate-life/backend/node_modules/@nestjs/core/nest-application.js:178:16)
    at async bootstrap (/home/kyrie/workspace/elevate-life/backend/src/main.ts:20:3) {
  code: 'EADDRINUSE',
  errno: -98,
  syscall: 'listen',
  address: '::',
  port: 3000
}

Node.js v20.20.0

> backend@0.0.1 start:dev
> nest start --watch

[2J[3J[H[[90m3:54:54 PM[0m] Starting compilation in watch mode...

[[90m3:54:59 PM[0m] Found 0 errors. Watching for file changes.

[32m[Nest] 4051535  - [39m05/17/2026, 3:55:00 PM [32m    LOG[39m [38;5;3m[NestFactory] [39m[32mStarting Nest application...[39m
[32m[Nest] 4051535  - [39m05/17/2026, 3:55:00 PM [32m    LOG[39m [38;5;3m[InstanceLoader] [39m[32mAppModule dependencies initialized[39m[38;5;3m +29ms[39m
[32m[Nest] 4051535  - [39m05/17/2026, 3:55:00 PM [32m    LOG[39m [38;5;3m[InstanceLoader] [39m[32mTypeOrmModule dependencies initialized[39m[38;5;3m +0ms[39m
[32m[Nest] 4051535  - [39m05/17/2026, 3:55:00 PM [32m    LOG[39m [38;5;3m[InstanceLoader] [39m[32mPassportModule dependencies initialized[39m[38;5;3m +0ms[39m
[32m[Nest] 4051535  - [39m05/17/2026, 3:55:00 PM [32m    LOG[39m [38;5;3m[InstanceLoader] [39m[32mConfigHostModule dependencies initialized[39m[38;5;3m +1ms[39m
[32m[Nest] 4051535  - [39m05/17/2026, 3:55:00 PM [32m    LOG[39m [38;5;3m[InstanceLoader] [39m[32mJwtModule dependencies initialized[39m[38;5;3m +1ms[39m
[32m[Nest] 4051535  - [39m05/17/2026, 3:55:00 PM [32m    LOG[39m [38;5;3m[InstanceLoader] [39m[32mDiscoveryModule dependencies initialized[39m[38;5;3m +0ms[39m
[32m[Nest] 4051535  - [39m05/17/2026, 3:55:00 PM [32m    LOG[39m [38;5;3m[InstanceLoader] [39m[32mConfigModule dependencies initialized[39m[38;5;3m +64ms[39m
[32m[Nest] 4051535  - [39m05/17/2026, 3:55:00 PM [32m    LOG[39m [38;5;3m[InstanceLoader] [39m[32mConfigModule dependencies initialized[39m[38;5;3m +0ms[39m
[32m[Nest] 4051535  - [39m05/17/2026, 3:55:00 PM [32m    LOG[39m [38;5;3m[InstanceLoader] [39m[32mScheduleModule dependencies initialized[39m[38;5;3m +1ms[39m
[32m[Nest] 4051535  - [39m05/17/2026, 3:55:00 PM [32m    LOG[39m [38;5;3m[InstanceLoader] [39m[32mEncryptionModule dependencies initialized[39m[38;5;3m +8ms[39m
[32m[Nest] 4051535  - [39m05/17/2026, 3:55:00 PM [32m    LOG[39m [38;5;3m[InstanceLoader] [39m[32mStockModule dependencies initialized[39m[38;5;3m +0ms[39m
[32m[Nest] 4051535  - [39m05/17/2026, 3:55:00 PM [32m    LOG[39m [38;5;3m[InstanceLoader] [39m[32mThrottlerModule dependencies initialized[39m[38;5;3m +0ms[39m
[32m[Nest] 4051535  - [39m05/17/2026, 3:55:01 PM [32m    LOG[39m [38;5;3m[InstanceLoader] [39m[32mTypeOrmCoreModule dependencies initialized[39m[38;5;3m +60ms[39m
[32m[Nest] 4051535  - [39m05/17/2026, 3:55:01 PM [32m    LOG[39m [38;5;3m[InstanceLoader] [39m[32mTypeOrmModule dependencies initialized[39m[38;5;3m +1ms[39m
[32m[Nest] 4051535  - [39m05/17/2026, 3:55:01 PM [32m    LOG[39m [38;5;3m[InstanceLoader] [39m[32mTypeOrmModule dependencies initialized[39m[38;5;3m +0ms[39m
[32m[Nest] 4051535  - [39m05/17/2026, 3:55:01 PM [32m    LOG[39m [38;5;3m[InstanceLoader] [39m[32mTypeOrmModule dependencies initialized[39m[38;5;3m +0ms[39m
[32m[Nest] 4051535  - [39m05/17/2026, 3:55:01 PM [32m    LOG[39m [38;5;3m[InstanceLoader] [39m[32mTypeOrmModule dependencies initialized[39m[38;5;3m +0ms[39m
[32m[Nest] 4051535  - [39m05/17/2026, 3:55:01 PM [32m    LOG[39m [38;5;3m[InstanceLoader] [39m[32mTypeOrmModule dependencies initialized[39m[38;5;3m +0ms[39m
[32m[Nest] 4051535  - [39m05/17/2026, 3:55:01 PM [32m    LOG[39m [38;5;3m[InstanceLoader] [39m[32mTypeOrmModule dependencies initialized[39m[38;5;3m +0ms[39m
[32m[Nest] 4051535  - [39m05/17/2026, 3:55:01 PM [32m    LOG[39m [38;5;3m[InstanceLoader] [39m[32mTypeOrmModule dependencies initialized[39m[38;5;3m +0ms[39m
[32m[Nest] 4051535  - [39m05/17/2026, 3:55:01 PM [32m    LOG[39m [38;5;3m[InstanceLoader] [39m[32mForecastModule dependencies initialized[39m[38;5;3m +1ms[39m
[32m[Nest] 4051535  - [39m05/17/2026, 3:55:01 PM [32m    LOG[39m [38;5;3m[InstanceLoader] [39m[32mUsersModule dependencies initialized[39m[38;5;3m +0ms[39m
[32m[Nest] 4051535  - [39m05/17/2026, 3:55:01 PM [32m    LOG[39m [38;5;3m[InstanceLoader] [39m[32mGoldModule dependencies initialized[39m[38;5;3m +1ms[39m
[32m[Nest] 4051535  - [39m05/17/2026, 3:55:01 PM [32m    LOG[39m [38;5;3m[InstanceLoader] [39m[32mAuthModule dependencies initialized[39m[38;5;3m +0ms[39m
[32m[Nest] 4051535  - [39m05/17/2026, 3:55:01 PM [32m    LOG[39m [38;5;3m[InstanceLoader] [39m[32mCategoriesModule dependencies initialized[39m[38;5;3m +0ms[39m
[32m[Nest] 4051535  - [39m05/17/2026, 3:55:01 PM [32m    LOG[39m [38;5;3m[InstanceLoader] [39m[32mLiabilitiesModule dependencies initialized[39m[38;5;3m +0ms[39m
[32m[Nest] 4051535  - [39m05/17/2026, 3:55:01 PM [32m    LOG[39m [38;5;3m[InstanceLoader] [39m[32mAssetsModule dependencies initialized[39m[38;5;3m +1ms[39m
[32m[Nest] 4051535  - [39m05/17/2026, 3:55:01 PM [32m    LOG[39m [38;5;3m[InstanceLoader] [39m[32mTransactionsModule dependencies initialized[39m[38;5;3m +0ms[39m
[32m[Nest] 4051535  - [39m05/17/2026, 3:55:01 PM [32m    LOG[39m [38;5;3m[RoutesResolver] [39m[32mAuthController {/api/auth}:[39m[38;5;3m +21ms[39m
[32m[Nest] 4051535  - [39m05/17/2026, 3:55:01 PM [32m    LOG[39m [38;5;3m[RouterExplorer] [39m[32mMapped {/api/auth/register, POST} route[39m[38;5;3m +4ms[39m
[32m[Nest] 4051535  - [39m05/17/2026, 3:55:01 PM [32m    LOG[39m [38;5;3m[RouterExplorer] [39m[32mMapped {/api/auth/login, POST} route[39m[38;5;3m +0ms[39m
[32m[Nest] 4051535  - [39m05/17/2026, 3:55:01 PM [32m    LOG[39m [38;5;3m[RouterExplorer] [39m[32mMapped {/api/auth/refresh, POST} route[39m[38;5;3m +1ms[39m
[32m[Nest] 4051535  - [39m05/17/2026, 3:55:01 PM [32m    LOG[39m [38;5;3m[RoutesResolver] [39m[32mCategoriesController {/api/categories}:[39m[38;5;3m +0ms[39m
[32m[Nest] 4051535  - [39m05/17/2026, 3:55:01 PM [32m    LOG[39m [38;5;3m[RouterExplorer] [39m[32mMapped {/api/categories, GET} route[39m[38;5;3m +1ms[39m
[32m[Nest] 4051535  - [39m05/17/2026, 3:55:01 PM [32m    LOG[39m [38;5;3m[RouterExplorer] [39m[32mMapped {/api/categories, POST} route[39m[38;5;3m +0ms[39m
[32m[Nest] 4051535  - [39m05/17/2026, 3:55:01 PM [32m    LOG[39m [38;5;3m[RouterExplorer] [39m[32mMapped {/api/categories/:id, PATCH} route[39m[38;5;3m +1ms[39m
[32m[Nest] 4051535  - [39m05/17/2026, 3:55:01 PM [32m    LOG[39m [38;5;3m[RouterExplorer] [39m[32mMapped {/api/categories/:id, DELETE} route[39m[38;5;3m +1ms[39m
[32m[Nest] 4051535  - [39m05/17/2026, 3:55:01 PM [32m    LOG[39m [38;5;3m[RoutesResolver] [39m[32mAssetsController {/api/assets}:[39m[38;5;3m +0ms[39m
[32m[Nest] 4051535  - [39m05/17/2026, 3:55:01 PM [32m    LOG[39m [38;5;3m[RouterExplorer] [39m[32mMapped {/api/assets, GET} route[39m[38;5;3m +1ms[39m
[32m[Nest] 4051535  - [39m05/17/2026, 3:55:01 PM [32m    LOG[39m [38;5;3m[RouterExplorer] [39m[32mMapped {/api/assets/summary, GET} route[39m[38;5;3m +0ms[39m
[32m[Nest] 4051535  - [39m05/17/2026, 3:55:01 PM [32m    LOG[39m [38;5;3m[RouterExplorer] [39m[32mMapped {/api/assets, POST} route[39m[38;5;3m +1ms[39m
[32m[Nest] 4051535  - [39m05/17/2026, 3:55:01 PM [32m    LOG[39m [38;5;3m[RouterExplorer] [39m[32mMapped {/api/assets/:id, GET} route[39m[38;5;3m +0ms[39m
[32m[Nest] 4051535  - [39m05/17/2026, 3:55:01 PM [32m    LOG[39m [38;5;3m[RouterExplorer] [39m[32mMapped {/api/assets/:id, PATCH} route[39m[38;5;3m +1ms[39m
[32m[Nest] 4051535  - [39m05/17/2026, 3:55:01 PM [32m    LOG[39m [38;5;3m[RouterExplorer] [39m[32mMapped {/api/assets/:id, DELETE} route[39m[38;5;3m +0ms[39m
[32m[Nest] 4051535  - [39m05/17/2026, 3:55:01 PM [32m    LOG[39m [38;5;3m[RoutesResolver] [39m[32mGoldController {/api/gold}:[39m[38;5;3m +0ms[39m
[32m[Nest] 4051535  - [39m05/17/2026, 3:55:01 PM [32m    LOG[39m [38;5;3m[RouterExplorer] [39m[32mMapped {/api/gold/price, GET} route[39m[38;5;3m +1ms[39m
[32m[Nest] 4051535  - [39m05/17/2026, 3:55:01 PM [32m    LOG[39m [38;5;3m[RouterExplorer] [39m[32mMapped {/api/gold/history, GET} route[39m[38;5;3m +0ms[39m
[32m[Nest] 4051535  - [39m05/17/2026, 3:55:01 PM [32m    LOG[39m [38;5;3m[RoutesResolver] [39m[32mLiabilitiesController {/api/liabilities}:[39m[38;5;3m +0ms[39m
[32m[Nest] 4051535  - [39m05/17/2026, 3:55:01 PM [32m    LOG[39m [38;5;3m[RouterExplorer] [39m[32mMapped {/api/liabilities, GET} route[39m[38;5;3m +0ms[39m
[32m[Nest] 4051535  - [39m05/17/2026, 3:55:01 PM [32m    LOG[39m [38;5;3m[RouterExplorer] [39m[32mMapped {/api/liabilities, POST} route[39m[38;5;3m +1ms[39m
[32m[Nest] 4051535  - [39m05/17/2026, 3:55:01 PM [32m    LOG[39m [38;5;3m[RouterExplorer] [39m[32mMapped {/api/liabilities/:id, GET} route[39m[38;5;3m +0ms[39m
[32m[Nest] 4051535  - [39m05/17/2026, 3:55:01 PM [32m    LOG[39m [38;5;3m[RouterExplorer] [39m[32mMapped {/api/liabilities/:id/schedule, GET} route[39m[38;5;3m +0ms[39m
[32m[Nest] 4051535  - [39m05/17/2026, 3:55:01 PM [32m    LOG[39m [38;5;3m[RouterExplorer] [39m[32mMapped {/api/liabilities/:id, PATCH} route[39m[38;5;3m +1ms[39m
[32m[Nest] 4051535  - [39m05/17/2026, 3:55:01 PM [32m    LOG[39m [38;5;3m[RouterExplorer] [39m[32mMapped {/api/liabilities/:id, DELETE} route[39m[38;5;3m +0ms[39m
[32m[Nest] 4051535  - [39m05/17/2026, 3:55:01 PM [32m    LOG[39m [38;5;3m[RoutesResolver] [39m[32mTransactionsController {/api/transactions}:[39m[38;5;3m +0ms[39m
[32m[Nest] 4051535  - [39m05/17/2026, 3:55:01 PM [32m    LOG[39m [38;5;3m[RouterExplorer] [39m[32mMapped {/api/transactions, GET} route[39m[38;5;3m +0ms[39m
[32m[Nest] 4051535  - [39m05/17/2026, 3:55:01 PM [32m    LOG[39m [38;5;3m[RouterExplorer] [39m[32mMapped {/api/transactions/summary, GET} route[39m[38;5;3m +1ms[39m
[32m[Nest] 4051535  - [39m05/17/2026, 3:55:01 PM [32m    LOG[39m [38;5;3m[RouterExplorer] [39m[32mMapped {/api/transactions, POST} route[39m[38;5;3m +0ms[39m
[32m[Nest] 4051535  - [39m05/17/2026, 3:55:01 PM [32m    LOG[39m [38;5;3m[RouterExplorer] [39m[32mMapped {/api/transactions/:id, GET} route[39m[38;5;3m +0ms[39m
[32m[Nest] 4051535  - [39m05/17/2026, 3:55:01 PM [32m    LOG[39m [38;5;3m[RouterExplorer] [39m[32mMapped {/api/transactions/:id, PATCH} route[39m[38;5;3m +0ms[39m
[32m[Nest] 4051535  - [39m05/17/2026, 3:55:01 PM [32m    LOG[39m [38;5;3m[RouterExplorer] [39m[32mMapped {/api/transactions/:id, DELETE} route[39m[38;5;3m +1ms[39m
[32m[Nest] 4051535  - [39m05/17/2026, 3:55:01 PM [32m    LOG[39m [38;5;3m[RoutesResolver] [39m[32mForecastController {/api/forecast}:[39m[38;5;3m +0ms[39m
[32m[Nest] 4051535  - [39m05/17/2026, 3:55:01 PM [32m    LOG[39m [38;5;3m[RouterExplorer] [39m[32mMapped {/api/forecast/wacr, GET} route[39m[38;5;3m +0ms[39m
[32m[Nest] 4051535  - [39m05/17/2026, 3:55:01 PM [32m    LOG[39m [38;5;3m[RouterExplorer] [39m[32mMapped {/api/forecast/cashflow, POST} route[39m[38;5;3m +0ms[39m
[32m[Nest] 4051535  - [39m05/17/2026, 3:55:01 PM [32m    LOG[39m [38;5;3m[NestApplication] [39m[32mNest application successfully started[39m[38;5;3m +24ms[39m
[2J[3J[H[[90m4:02:55 PM[0m] File change detected. Starting incremental compilation...

[96msrc/modules/gold/gold.service.ts[0m:[93m35[0m:[93m48[0m - [91merror[0m[90m TS2551: [0mProperty 'fetchSinaAU9999' does not exist on type 'GoldService'. Did you mean 'fetchSinaXAU'?

[7m35[0m       { name: 'sina_au9999', fetch: () => this.fetchSinaAU9999() },
[7m  [0m [91m                                               ~~~~~~~~~~~~~~~[0m

  [96msrc/modules/gold/gold.service.ts[0m:[93m93[0m:[93m17[0m
    [7m93[0m   private async fetchSinaXAU(): Promise<{ price: number; currency: string } | null> {
    [7m  [0m [96m                ~~~~~~~~~~~~[0m
    'fetchSinaXAU' is declared here.

[96msrc/modules/gold/gold.service.ts[0m:[93m36[0m:[93m48[0m - [91merror[0m[90m TS2551: [0mProperty 'fetchSinaSHGold' does not exist on type 'GoldService'. Did you mean 'fetchSinaGC'?

[7m36[0m       { name: 'sina_shgold', fetch: () => this.fetchSinaSHGold() },
[7m  [0m [91m                                               ~~~~~~~~~~~~~~~[0m

  [96msrc/modules/gold/gold.service.ts[0m:[93m118[0m:[93m17[0m
    [7m118[0m   private async fetchSinaGC(): Promise<{ price: number; currency: string } | null> {
    [7m   [0m [96m                ~~~~~~~~~~~[0m
    'fetchSinaGC' is declared here.

[[90m4:02:56 PM[0m] Found 2 errors. Watching for file changes.

[2J[3J[H[[90m4:03:16 PM[0m] File change detected. Starting incremental compilation...

[96msrc/modules/gold/gold.service.ts[0m:[93m35[0m:[93m48[0m - [91merror[0m[90m TS2551: [0mProperty 'fetchSinaAU9999' does not exist on type 'GoldService'. Did you mean 'fetchSinaXAU'?

[7m35[0m       { name: 'sina_au9999', fetch: () => this.fetchSinaAU9999() },
[7m  [0m [91m                                               ~~~~~~~~~~~~~~~[0m

  [96msrc/modules/gold/gold.service.ts[0m:[93m93[0m:[93m17[0m
    [7m93[0m   private async fetchSinaXAU(): Promise<{ price: number; currency: string } | null> {
    [7m  [0m [96m                ~~~~~~~~~~~~[0m
    'fetchSinaXAU' is declared here.

[96msrc/modules/gold/gold.service.ts[0m:[93m36[0m:[93m48[0m - [91merror[0m[90m TS2551: [0mProperty 'fetchSinaSHGold' does not exist on type 'GoldService'. Did you mean 'fetchSinaGC'?

[7m36[0m       { name: 'sina_shgold', fetch: () => this.fetchSinaSHGold() },
[7m  [0m [91m                                               ~~~~~~~~~~~~~~~[0m

  [96msrc/modules/gold/gold.service.ts[0m:[93m118[0m:[93m17[0m
    [7m118[0m   private async fetchSinaGC(): Promise<{ price: number; currency: string } | null> {
    [7m   [0m [96m                ~~~~~~~~~~~[0m
    'fetchSinaGC' is declared here.

[[90m4:03:17 PM[0m] Found 2 errors. Watching for file changes.

[2J[3J[H[[90m4:04:03 PM[0m] File change detected. Starting incremental compilation...

[[90m4:04:04 PM[0m] Found 0 errors. Watching for file changes.

[32m[Nest] 4051987  - [39m05/17/2026, 4:04:05 PM [32m    LOG[39m [38;5;3m[NestFactory] [39m[32mStarting Nest application...[39m
[32m[Nest] 4051987  - [39m05/17/2026, 4:04:05 PM [32m    LOG[39m [38;5;3m[InstanceLoader] [39m[32mAppModule dependencies initialized[39m[38;5;3m +38ms[39m
[32m[Nest] 4051987  - [39m05/17/2026, 4:04:05 PM [32m    LOG[39m [38;5;3m[InstanceLoader] [39m[32mTypeOrmModule dependencies initialized[39m[38;5;3m +0ms[39m
[32m[Nest] 4051987  - [39m05/17/2026, 4:04:05 PM [32m    LOG[39m [38;5;3m[InstanceLoader] [39m[32mPassportModule dependencies initialized[39m[38;5;3m +0ms[39m
[32m[Nest] 4051987  - [39m05/17/2026, 4:04:05 PM [32m    LOG[39m [38;5;3m[InstanceLoader] [39m[32mConfigHostModule dependencies initialized[39m[38;5;3m +1ms[39m
[32m[Nest] 4051987  - [39m05/17/2026, 4:04:05 PM [32m    LOG[39m [38;5;3m[InstanceLoader] [39m[32mJwtModule dependencies initialized[39m[38;5;3m +0ms[39m
[32m[Nest] 4051987  - [39m05/17/2026, 4:04:05 PM [32m    LOG[39m [38;5;3m[InstanceLoader] [39m[32mDiscoveryModule dependencies initialized[39m[38;5;3m +0ms[39m
[32m[Nest] 4051987  - [39m05/17/2026, 4:04:05 PM [32m    LOG[39m [38;5;3m[InstanceLoader] [39m[32mConfigModule dependencies initialized[39m[38;5;3m +66ms[39m
[32m[Nest] 4051987  - [39m05/17/2026, 4:04:05 PM [32m    LOG[39m [38;5;3m[InstanceLoader] [39m[32mConfigModule dependencies initialized[39m[38;5;3m +0ms[39m
[32m[Nest] 4051987  - [39m05/17/2026, 4:04:05 PM [32m    LOG[39m [38;5;3m[InstanceLoader] [39m[32mScheduleModule dependencies initialized[39m[38;5;3m +1ms[39m
[32m[Nest] 4051987  - [39m05/17/2026, 4:04:05 PM [32m    LOG[39m [38;5;3m[InstanceLoader] [39m[32mEncryptionModule dependencies initialized[39m[38;5;3m +10ms[39m
[32m[Nest] 4051987  - [39m05/17/2026, 4:04:05 PM [32m    LOG[39m [38;5;3m[InstanceLoader] [39m[32mStockModule dependencies initialized[39m[38;5;3m +0ms[39m
[32m[Nest] 4051987  - [39m05/17/2026, 4:04:05 PM [32m    LOG[39m [38;5;3m[InstanceLoader] [39m[32mThrottlerModule dependencies initialized[39m[38;5;3m +1ms[39m
[32m[Nest] 4051987  - [39m05/17/2026, 4:04:05 PM [32m    LOG[39m [38;5;3m[InstanceLoader] [39m[32mTypeOrmCoreModule dependencies initialized[39m[38;5;3m +109ms[39m
[32m[Nest] 4051987  - [39m05/17/2026, 4:04:05 PM [32m    LOG[39m [38;5;3m[InstanceLoader] [39m[32mTypeOrmModule dependencies initialized[39m[38;5;3m +0ms[39m
[32m[Nest] 4051987  - [39m05/17/2026, 4:04:05 PM [32m    LOG[39m [38;5;3m[InstanceLoader] [39m[32mTypeOrmModule dependencies initialized[39m[38;5;3m +0ms[39m
[32m[Nest] 4051987  - [39m05/17/2026, 4:04:05 PM [32m    LOG[39m [38;5;3m[InstanceLoader] [39m[32mTypeOrmModule dependencies initialized[39m[38;5;3m +0ms[39m
[32m[Nest] 4051987  - [39m05/17/2026, 4:04:05 PM [32m    LOG[39m [38;5;3m[InstanceLoader] [39m[32mTypeOrmModule dependencies initialized[39m[38;5;3m +1ms[39m
[32m[Nest] 4051987  - [39m05/17/2026, 4:04:05 PM [32m    LOG[39m [38;5;3m[InstanceLoader] [39m[32mTypeOrmModule dependencies initialized[39m[38;5;3m +0ms[39m
[32m[Nest] 4051987  - [39m05/17/2026, 4:04:05 PM [32m    LOG[39m [38;5;3m[InstanceLoader] [39m[32mTypeOrmModule dependencies initialized[39m[38;5;3m +0ms[39m
[32m[Nest] 4051987  - [39m05/17/2026, 4:04:05 PM [32m    LOG[39m [38;5;3m[InstanceLoader] [39m[32mTypeOrmModule dependencies initialized[39m[38;5;3m +0ms[39m
[32m[Nest] 4051987  - [39m05/17/2026, 4:04:05 PM [32m    LOG[39m [38;5;3m[InstanceLoader] [39m[32mForecastModule dependencies initialized[39m[38;5;3m +0ms[39m
[32m[Nest] 4051987  - [39m05/17/2026, 4:04:05 PM [32m    LOG[39m [38;5;3m[InstanceLoader] [39m[32mUsersModule dependencies initialized[39m[38;5;3m +0ms[39m
[32m[Nest] 4051987  - [39m05/17/2026, 4:04:05 PM [32m    LOG[39m [38;5;3m[InstanceLoader] [39m[32mGoldModule dependencies initialized[39m[38;5;3m +1ms[39m
[32m[Nest] 4051987  - [39m05/17/2026, 4:04:05 PM [32m    LOG[39m [38;5;3m[InstanceLoader] [39m[32mAuthModule dependencies initialized[39m[38;5;3m +1ms[39m
[32m[Nest] 4051987  - [39m05/17/2026, 4:04:05 PM [32m    LOG[39m [38;5;3m[InstanceLoader] [39m[32mCategoriesModule dependencies initialized[39m[38;5;3m +0ms[39m
[32m[Nest] 4051987  - [39m05/17/2026, 4:04:05 PM [32m    LOG[39m [38;5;3m[InstanceLoader] [39m[32mLiabilitiesModule dependencies initialized[39m[38;5;3m +0ms[39m
[32m[Nest] 4051987  - [39m05/17/2026, 4:04:05 PM [32m    LOG[39m [38;5;3m[InstanceLoader] [39m[32mAssetsModule dependencies initialized[39m[38;5;3m +1ms[39m
[32m[Nest] 4051987  - [39m05/17/2026, 4:04:05 PM [32m    LOG[39m [38;5;3m[InstanceLoader] [39m[32mTransactionsModule dependencies initialized[39m[38;5;3m +0ms[39m
[32m[Nest] 4051987  - [39m05/17/2026, 4:04:05 PM [32m    LOG[39m [38;5;3m[RoutesResolver] [39m[32mAuthController {/api/auth}:[39m[38;5;3m +18ms[39m
[32m[Nest] 4051987  - [39m05/17/2026, 4:04:05 PM [32m    LOG[39m [38;5;3m[RouterExplorer] [39m[32mMapped {/api/auth/register, POST} route[39m[38;5;3m +4ms[39m
[32m[Nest] 4051987  - [39m05/17/2026, 4:04:05 PM [32m    LOG[39m [38;5;3m[RouterExplorer] [39m[32mMapped {/api/auth/login, POST} route[39m[38;5;3m +1ms[39m
[32m[Nest] 4051987  - [39m05/17/2026, 4:04:05 PM [32m    LOG[39m [38;5;3m[RouterExplorer] [39m[32mMapped {/api/auth/refresh, POST} route[39m[38;5;3m +0ms[39m
[32m[Nest] 4051987  - [39m05/17/2026, 4:04:05 PM [32m    LOG[39m [38;5;3m[RoutesResolver] [39m[32mCategoriesController {/api/categories}:[39m[38;5;3m +1ms[39m
[32m[Nest] 4051987  - [39m05/17/2026, 4:04:05 PM [32m    LOG[39m [38;5;3m[RouterExplorer] [39m[32mMapped {/api/categories, GET} route[39m[38;5;3m +0ms[39m
[32m[Nest] 4051987  - [39m05/17/2026, 4:04:05 PM [32m    LOG[39m [38;5;3m[RouterExplorer] [39m[32mMapped {/api/categories, POST} route[39m[38;5;3m +1ms[39m
[32m[Nest] 4051987  - [39m05/17/2026, 4:04:05 PM [32m    LOG[39m [38;5;3m[RouterExplorer] [39m[32mMapped {/api/categories/:id, PATCH} route[39m[38;5;3m +1ms[39m
[32m[Nest] 4051987  - [39m05/17/2026, 4:04:05 PM [32m    LOG[39m [38;5;3m[RouterExplorer] [39m[32mMapped {/api/categories/:id, DELETE} route[39m[38;5;3m +0ms[39m
[32m[Nest] 4051987  - [39m05/17/2026, 4:04:05 PM [32m    LOG[39m [38;5;3m[RoutesResolver] [39m[32mAssetsController {/api/assets}:[39m[38;5;3m +1ms[39m
[32m[Nest] 4051987  - [39m05/17/2026, 4:04:05 PM [32m    LOG[39m [38;5;3m[RouterExplorer] [39m[32mMapped {/api/assets, GET} route[39m[38;5;3m +0ms[39m
[32m[Nest] 4051987  - [39m05/17/2026, 4:04:05 PM [32m    LOG[39m [38;5;3m[RouterExplorer] [39m[32mMapped {/api/assets/summary, GET} route[39m[38;5;3m +1ms[39m
[32m[Nest] 4051987  - [39m05/17/2026, 4:04:05 PM [32m    LOG[39m [38;5;3m[RouterExplorer] [39m[32mMapped {/api/assets, POST} route[39m[38;5;3m +0ms[39m
[32m[Nest] 4051987  - [39m05/17/2026, 4:04:05 PM [32m    LOG[39m [38;5;3m[RouterExplorer] [39m[32mMapped {/api/assets/:id, GET} route[39m[38;5;3m +1ms[39m
[32m[Nest] 4051987  - [39m05/17/2026, 4:04:05 PM [32m    LOG[39m [38;5;3m[RouterExplorer] [39m[32mMapped {/api/assets/:id, PATCH} route[39m[38;5;3m +0ms[39m
[32m[Nest] 4051987  - [39m05/17/2026, 4:04:05 PM [32m    LOG[39m [38;5;3m[RouterExplorer] [39m[32mMapped {/api/assets/:id, DELETE} route[39m[38;5;3m +1ms[39m
[32m[Nest] 4051987  - [39m05/17/2026, 4:04:05 PM [32m    LOG[39m [38;5;3m[RoutesResolver] [39m[32mGoldController {/api/gold}:[39m[38;5;3m +0ms[39m
[32m[Nest] 4051987  - [39m05/17/2026, 4:04:05 PM [32m    LOG[39m [38;5;3m[RouterExplorer] [39m[32mMapped {/api/gold/price, GET} route[39m[38;5;3m +0ms[39m
[32m[Nest] 4051987  - [39m05/17/2026, 4:04:05 PM [32m    LOG[39m [38;5;3m[RouterExplorer] [39m[32mMapped {/api/gold/history, GET} route[39m[38;5;3m +0ms[39m
[32m[Nest] 4051987  - [39m05/17/2026, 4:04:05 PM [32m    LOG[39m [38;5;3m[RoutesResolver] [39m[32mLiabilitiesController {/api/liabilities}:[39m[38;5;3m +1ms[39m
[32m[Nest] 4051987  - [39m05/17/2026, 4:04:05 PM [32m    LOG[39m [38;5;3m[RouterExplorer] [39m[32mMapped {/api/liabilities, GET} route[39m[38;5;3m +0ms[39m
[32m[Nest] 4051987  - [39m05/17/2026, 4:04:05 PM [32m    LOG[39m [38;5;3m[RouterExplorer] [39m[32mMapped {/api/liabilities, POST} route[39m[38;5;3m +0ms[39m
[32m[Nest] 4051987  - [39m05/17/2026, 4:04:05 PM [32m    LOG[39m [38;5;3m[RouterExplorer] [39m[32mMapped {/api/liabilities/:id, GET} route[39m[38;5;3m +0ms[39m
[32m[Nest] 4051987  - [39m05/17/2026, 4:04:05 PM [32m    LOG[39m [38;5;3m[RouterExplorer] [39m[32mMapped {/api/liabilities/:id/schedule, GET} route[39m[38;5;3m +1ms[39m
[32m[Nest] 4051987  - [39m05/17/2026, 4:04:05 PM [32m    LOG[39m [38;5;3m[RouterExplorer] [39m[32mMapped {/api/liabilities/:id, PATCH} route[39m[38;5;3m +0ms[39m
[32m[Nest] 4051987  - [39m05/17/2026, 4:04:05 PM [32m    LOG[39m [38;5;3m[RouterExplorer] [39m[32mMapped {/api/liabilities/:id, DELETE} route[39m[38;5;3m +0ms[39m
[32m[Nest] 4051987  - [39m05/17/2026, 4:04:05 PM [32m    LOG[39m [38;5;3m[RoutesResolver] [39m[32mTransactionsController {/api/transactions}:[39m[38;5;3m +1ms[39m
[32m[Nest] 4051987  - [39m05/17/2026, 4:04:05 PM [32m    LOG[39m [38;5;3m[RouterExplorer] [39m[32mMapped {/api/transactions, GET} route[39m[38;5;3m +0ms[39m
[32m[Nest] 4051987  - [39m05/17/2026, 4:04:05 PM [32m    LOG[39m [38;5;3m[RouterExplorer] [39m[32mMapped {/api/transactions/summary, GET} route[39m[38;5;3m +0ms[39m
[32m[Nest] 4051987  - [39m05/17/2026, 4:04:05 PM [32m    LOG[39m [38;5;3m[RouterExplorer] [39m[32mMapped {/api/transactions, POST} route[39m[38;5;3m +0ms[39m
[32m[Nest] 4051987  - [39m05/17/2026, 4:04:05 PM [32m    LOG[39m [38;5;3m[RouterExplorer] [39m[32mMapped {/api/transactions/:id, GET} route[39m[38;5;3m +1ms[39m
[32m[Nest] 4051987  - [39m05/17/2026, 4:04:05 PM [32m    LOG[39m [38;5;3m[RouterExplorer] [39m[32mMapped {/api/transactions/:id, PATCH} route[39m[38;5;3m +0ms[39m
[32m[Nest] 4051987  - [39m05/17/2026, 4:04:05 PM [32m    LOG[39m [38;5;3m[RouterExplorer] [39m[32mMapped {/api/transactions/:id, DELETE} route[39m[38;5;3m +0ms[39m
[32m[Nest] 4051987  - [39m05/17/2026, 4:04:05 PM [32m    LOG[39m [38;5;3m[RoutesResolver] [39m[32mForecastController {/api/forecast}:[39m[38;5;3m +0ms[39m
[32m[Nest] 4051987  - [39m05/17/2026, 4:04:05 PM [32m    LOG[39m [38;5;3m[RouterExplorer] [39m[32mMapped {/api/forecast/wacr, GET} route[39m[38;5;3m +0ms[39m
[32m[Nest] 4051987  - [39m05/17/2026, 4:04:05 PM [32m    LOG[39m [38;5;3m[RouterExplorer] [39m[32mMapped {/api/forecast/cashflow, POST} route[39m[38;5;3m +1ms[39m
[32m[Nest] 4051987  - [39m05/17/2026, 4:04:05 PM [32m    LOG[39m [38;5;3m[NestApplication] [39m[32mNest application successfully started[39m[38;5;3m +23ms[39m

> backend@0.0.1 start:dev
> nest start --watch

[2J[3J[H[[90m4:04:33 PM[0m] Starting compilation in watch mode...

[[90m4:04:38 PM[0m] Found 0 errors. Watching for file changes.

[32m[Nest] 4052072  - [39m05/17/2026, 4:04:39 PM [32m    LOG[39m [38;5;3m[NestFactory] [39m[32mStarting Nest application...[39m
[32m[Nest] 4052072  - [39m05/17/2026, 4:04:39 PM [32m    LOG[39m [38;5;3m[InstanceLoader] [39m[32mAppModule dependencies initialized[39m[38;5;3m +33ms[39m
[32m[Nest] 4052072  - [39m05/17/2026, 4:04:39 PM [32m    LOG[39m [38;5;3m[InstanceLoader] [39m[32mTypeOrmModule dependencies initialized[39m[38;5;3m +1ms[39m
[32m[Nest] 4052072  - [39m05/17/2026, 4:04:39 PM [32m    LOG[39m [38;5;3m[InstanceLoader] [39m[32mPassportModule dependencies initialized[39m[38;5;3m +0ms[39m
[32m[Nest] 4052072  - [39m05/17/2026, 4:04:39 PM [32m    LOG[39m [38;5;3m[InstanceLoader] [39m[32mConfigHostModule dependencies initialized[39m[38;5;3m +1ms[39m
[32m[Nest] 4052072  - [39m05/17/2026, 4:04:39 PM [32m    LOG[39m [38;5;3m[InstanceLoader] [39m[32mJwtModule dependencies initialized[39m[38;5;3m +0ms[39m
[32m[Nest] 4052072  - [39m05/17/2026, 4:04:39 PM [32m    LOG[39m [38;5;3m[InstanceLoader] [39m[32mDiscoveryModule dependencies initialized[39m[38;5;3m +0ms[39m
[32m[Nest] 4052072  - [39m05/17/2026, 4:04:39 PM [32m    LOG[39m [38;5;3m[InstanceLoader] [39m[32mConfigModule dependencies initialized[39m[38;5;3m +64ms[39m
[32m[Nest] 4052072  - [39m05/17/2026, 4:04:39 PM [32m    LOG[39m [38;5;3m[InstanceLoader] [39m[32mConfigModule dependencies initialized[39m[38;5;3m +0ms[39m
[32m[Nest] 4052072  - [39m05/17/2026, 4:04:39 PM [32m    LOG[39m [38;5;3m[InstanceLoader] [39m[32mScheduleModule dependencies initialized[39m[38;5;3m +0ms[39m
[32m[Nest] 4052072  - [39m05/17/2026, 4:04:39 PM [32m    LOG[39m [38;5;3m[InstanceLoader] [39m[32mEncryptionModule dependencies initialized[39m[38;5;3m +10ms[39m
[32m[Nest] 4052072  - [39m05/17/2026, 4:04:39 PM [32m    LOG[39m [38;5;3m[InstanceLoader] [39m[32mStockModule dependencies initialized[39m[38;5;3m +1ms[39m
[32m[Nest] 4052072  - [39m05/17/2026, 4:04:39 PM [32m    LOG[39m [38;5;3m[InstanceLoader] [39m[32mThrottlerModule dependencies initialized[39m[38;5;3m +0ms[39m
[32m[Nest] 4052072  - [39m05/17/2026, 4:04:39 PM [32m    LOG[39m [38;5;3m[InstanceLoader] [39m[32mTypeOrmCoreModule dependencies initialized[39m[38;5;3m +85ms[39m
[32m[Nest] 4052072  - [39m05/17/2026, 4:04:39 PM [32m    LOG[39m [38;5;3m[InstanceLoader] [39m[32mTypeOrmModule dependencies initialized[39m[38;5;3m +0ms[39m
[32m[Nest] 4052072  - [39m05/17/2026, 4:04:39 PM [32m    LOG[39m [38;5;3m[InstanceLoader] [39m[32mTypeOrmModule dependencies initialized[39m[38;5;3m +0ms[39m
[32m[Nest] 4052072  - [39m05/17/2026, 4:04:39 PM [32m    LOG[39m [38;5;3m[InstanceLoader] [39m[32mTypeOrmModule dependencies initialized[39m[38;5;3m +0ms[39m
[32m[Nest] 4052072  - [39m05/17/2026, 4:04:39 PM [32m    LOG[39m [38;5;3m[InstanceLoader] [39m[32mTypeOrmModule dependencies initialized[39m[38;5;3m +0ms[39m
[32m[Nest] 4052072  - [39m05/17/2026, 4:04:39 PM [32m    LOG[39m [38;5;3m[InstanceLoader] [39m[32mTypeOrmModule dependencies initialized[39m[38;5;3m +0ms[39m
[32m[Nest] 4052072  - [39m05/17/2026, 4:04:39 PM [32m    LOG[39m [38;5;3m[InstanceLoader] [39m[32mTypeOrmModule dependencies initialized[39m[38;5;3m +0ms[39m
[32m[Nest] 4052072  - [39m05/17/2026, 4:04:39 PM [32m    LOG[39m [38;5;3m[InstanceLoader] [39m[32mTypeOrmModule dependencies initialized[39m[38;5;3m +1ms[39m
[32m[Nest] 4052072  - [39m05/17/2026, 4:04:39 PM [32m    LOG[39m [38;5;3m[InstanceLoader] [39m[32mForecastModule dependencies initialized[39m[38;5;3m +0ms[39m
[32m[Nest] 4052072  - [39m05/17/2026, 4:04:39 PM [32m    LOG[39m [38;5;3m[InstanceLoader] [39m[32mUsersModule dependencies initialized[39m[38;5;3m +0ms[39m
[32m[Nest] 4052072  - [39m05/17/2026, 4:04:39 PM [32m    LOG[39m [38;5;3m[InstanceLoader] [39m[32mGoldModule dependencies initialized[39m[38;5;3m +1ms[39m
[32m[Nest] 4052072  - [39m05/17/2026, 4:04:39 PM [32m    LOG[39m [38;5;3m[InstanceLoader] [39m[32mAuthModule dependencies initialized[39m[38;5;3m +0ms[39m
[32m[Nest] 4052072  - [39m05/17/2026, 4:04:39 PM [32m    LOG[39m [38;5;3m[InstanceLoader] [39m[32mCategoriesModule dependencies initialized[39m[38;5;3m +1ms[39m
[32m[Nest] 4052072  - [39m05/17/2026, 4:04:39 PM [32m    LOG[39m [38;5;3m[InstanceLoader] [39m[32mLiabilitiesModule dependencies initialized[39m[38;5;3m +0ms[39m
[32m[Nest] 4052072  - [39m05/17/2026, 4:04:39 PM [32m    LOG[39m [38;5;3m[InstanceLoader] [39m[32mAssetsModule dependencies initialized[39m[38;5;3m +0ms[39m
[32m[Nest] 4052072  - [39m05/17/2026, 4:04:39 PM [32m    LOG[39m [38;5;3m[InstanceLoader] [39m[32mTransactionsModule dependencies initialized[39m[38;5;3m +0ms[39m
[32m[Nest] 4052072  - [39m05/17/2026, 4:04:39 PM [32m    LOG[39m [38;5;3m[RoutesResolver] [39m[32mAuthController {/api/auth}:[39m[38;5;3m +23ms[39m
[32m[Nest] 4052072  - [39m05/17/2026, 4:04:39 PM [32m    LOG[39m [38;5;3m[RouterExplorer] [39m[32mMapped {/api/auth/register, POST} route[39m[38;5;3m +4ms[39m
[32m[Nest] 4052072  - [39m05/17/2026, 4:04:39 PM [32m    LOG[39m [38;5;3m[RouterExplorer] [39m[32mMapped {/api/auth/login, POST} route[39m[38;5;3m +0ms[39m
[32m[Nest] 4052072  - [39m05/17/2026, 4:04:39 PM [32m    LOG[39m [38;5;3m[RouterExplorer] [39m[32mMapped {/api/auth/refresh, POST} route[39m[38;5;3m +1ms[39m
[32m[Nest] 4052072  - [39m05/17/2026, 4:04:39 PM [32m    LOG[39m [38;5;3m[RoutesResolver] [39m[32mCategoriesController {/api/categories}:[39m[38;5;3m +0ms[39m
[32m[Nest] 4052072  - [39m05/17/2026, 4:04:39 PM [32m    LOG[39m [38;5;3m[RouterExplorer] [39m[32mMapped {/api/categories, GET} route[39m[38;5;3m +1ms[39m
[32m[Nest] 4052072  - [39m05/17/2026, 4:04:39 PM [32m    LOG[39m [38;5;3m[RouterExplorer] [39m[32mMapped {/api/categories, POST} route[39m[38;5;3m +0ms[39m
[32m[Nest] 4052072  - [39m05/17/2026, 4:04:39 PM [32m    LOG[39m [38;5;3m[RouterExplorer] [39m[32mMapped {/api/categories/:id, PATCH} route[39m[38;5;3m +1ms[39m
[32m[Nest] 4052072  - [39m05/17/2026, 4:04:39 PM [32m    LOG[39m [38;5;3m[RouterExplorer] [39m[32mMapped {/api/categories/:id, DELETE} route[39m[38;5;3m +1ms[39m
[32m[Nest] 4052072  - [39m05/17/2026, 4:04:39 PM [32m    LOG[39m [38;5;3m[RoutesResolver] [39m[32mAssetsController {/api/assets}:[39m[38;5;3m +0ms[39m
[32m[Nest] 4052072  - [39m05/17/2026, 4:04:39 PM [32m    LOG[39m [38;5;3m[RouterExplorer] [39m[32mMapped {/api/assets, GET} route[39m[38;5;3m +1ms[39m
[32m[Nest] 4052072  - [39m05/17/2026, 4:04:39 PM [32m    LOG[39m [38;5;3m[RouterExplorer] [39m[32mMapped {/api/assets/summary, GET} route[39m[38;5;3m +0ms[39m
[32m[Nest] 4052072  - [39m05/17/2026, 4:04:39 PM [32m    LOG[39m [38;5;3m[RouterExplorer] [39m[32mMapped {/api/assets, POST} route[39m[38;5;3m +1ms[39m
[32m[Nest] 4052072  - [39m05/17/2026, 4:04:39 PM [32m    LOG[39m [38;5;3m[RouterExplorer] [39m[32mMapped {/api/assets/:id, GET} route[39m[38;5;3m +0ms[39m
[32m[Nest] 4052072  - [39m05/17/2026, 4:04:39 PM [32m    LOG[39m [38;5;3m[RouterExplorer] [39m[32mMapped {/api/assets/:id, PATCH} route[39m[38;5;3m +1ms[39m
[32m[Nest] 4052072  - [39m05/17/2026, 4:04:39 PM [32m    LOG[39m [38;5;3m[RouterExplorer] [39m[32mMapped {/api/assets/:id, DELETE} route[39m[38;5;3m +0ms[39m
[32m[Nest] 4052072  - [39m05/17/2026, 4:04:39 PM [32m    LOG[39m [38;5;3m[RoutesResolver] [39m[32mGoldController {/api/gold}:[39m[38;5;3m +0ms[39m
[32m[Nest] 4052072  - [39m05/17/2026, 4:04:39 PM [32m    LOG[39m [38;5;3m[RouterExplorer] [39m[32mMapped {/api/gold/price, GET} route[39m[38;5;3m +1ms[39m
[32m[Nest] 4052072  - [39m05/17/2026, 4:04:39 PM [32m    LOG[39m [38;5;3m[RouterExplorer] [39m[32mMapped {/api/gold/history, GET} route[39m[38;5;3m +0ms[39m
[32m[Nest] 4052072  - [39m05/17/2026, 4:04:39 PM [32m    LOG[39m [38;5;3m[RoutesResolver] [39m[32mLiabilitiesController {/api/liabilities}:[39m[38;5;3m +0ms[39m
[32m[Nest] 4052072  - [39m05/17/2026, 4:04:39 PM [32m    LOG[39m [38;5;3m[RouterExplorer] [39m[32mMapped {/api/liabilities, GET} route[39m[38;5;3m +0ms[39m
[32m[Nest] 4052072  - [39m05/17/2026, 4:04:39 PM [32m    LOG[39m [38;5;3m[RouterExplorer] [39m[32mMapped {/api/liabilities, POST} route[39m[38;5;3m +1ms[39m
[32m[Nest] 4052072  - [39m05/17/2026, 4:04:39 PM [32m    LOG[39m [38;5;3m[RouterExplorer] [39m[32mMapped {/api/liabilities/:id, GET} route[39m[38;5;3m +0ms[39m
[32m[Nest] 4052072  - [39m05/17/2026, 4:04:39 PM [32m    LOG[39m [38;5;3m[RouterExplorer] [39m[32mMapped {/api/liabilities/:id/schedule, GET} route[39m[38;5;3m +0ms[39m
[32m[Nest] 4052072  - [39m05/17/2026, 4:04:39 PM [32m    LOG[39m [38;5;3m[RouterExplorer] [39m[32mMapped {/api/liabilities/:id, PATCH} route[39m[38;5;3m +0ms[39m
[32m[Nest] 4052072  - [39m05/17/2026, 4:04:39 PM [32m    LOG[39m [38;5;3m[RouterExplorer] [39m[32mMapped {/api/liabilities/:id, DELETE} route[39m[38;5;3m +1ms[39m
[32m[Nest] 4052072  - [39m05/17/2026, 4:04:39 PM [32m    LOG[39m [38;5;3m[RoutesResolver] [39m[32mTransactionsController {/api/transactions}:[39m[38;5;3m +0ms[39m
[32m[Nest] 4052072  - [39m05/17/2026, 4:04:39 PM [32m    LOG[39m [38;5;3m[RouterExplorer] [39m[32mMapped {/api/transactions, GET} route[39m[38;5;3m +0ms[39m
[32m[Nest] 4052072  - [39m05/17/2026, 4:04:39 PM [32m    LOG[39m [38;5;3m[RouterExplorer] [39m[32mMapped {/api/transactions/summary, GET} route[39m[38;5;3m +1ms[39m
[32m[Nest] 4052072  - [39m05/17/2026, 4:04:39 PM [32m    LOG[39m [38;5;3m[RouterExplorer] [39m[32mMapped {/api/transactions, POST} route[39m[38;5;3m +0ms[39m
[32m[Nest] 4052072  - [39m05/17/2026, 4:04:39 PM [32m    LOG[39m [38;5;3m[RouterExplorer] [39m[32mMapped {/api/transactions/:id, GET} route[39m[38;5;3m +0ms[39m
[32m[Nest] 4052072  - [39m05/17/2026, 4:04:39 PM [32m    LOG[39m [38;5;3m[RouterExplorer] [39m[32mMapped {/api/transactions/:id, PATCH} route[39m[38;5;3m +0ms[39m
[32m[Nest] 4052072  - [39m05/17/2026, 4:04:39 PM [32m    LOG[39m [38;5;3m[RouterExplorer] [39m[32mMapped {/api/transactions/:id, DELETE} route[39m[38;5;3m +1ms[39m
[32m[Nest] 4052072  - [39m05/17/2026, 4:04:39 PM [32m    LOG[39m [38;5;3m[RoutesResolver] [39m[32mForecastController {/api/forecast}:[39m[38;5;3m +0ms[39m
[32m[Nest] 4052072  - [39m05/17/2026, 4:04:39 PM [32m    LOG[39m [38;5;3m[RouterExplorer] [39m[32mMapped {/api/forecast/wacr, GET} route[39m[38;5;3m +0ms[39m
[32m[Nest] 4052072  - [39m05/17/2026, 4:04:39 PM [32m    LOG[39m [38;5;3m[RouterExplorer] [39m[32mMapped {/api/forecast/cashflow, POST} route[39m[38;5;3m +0ms[39m
[32m[Nest] 4052072  - [39m05/17/2026, 4:04:39 PM [32m    LOG[39m [38;5;3m[NestApplication] [39m[32mNest application successfully started[39m[38;5;3m +23ms[39m
[2J[3J[H[[90m4:16:52 PM[0m] File change detected. Starting incremental compilation...

[[90m4:16:53 PM[0m] Found 0 errors. Watching for file changes.

[32m[Nest] 4052903  - [39m05/17/2026, 4:16:54 PM [32m    LOG[39m [38;5;3m[NestFactory] [39m[32mStarting Nest application...[39m
[32m[Nest] 4052903  - [39m05/17/2026, 4:16:54 PM [32m    LOG[39m [38;5;3m[InstanceLoader] [39m[32mAppModule dependencies initialized[39m[38;5;3m +42ms[39m
[32m[Nest] 4052903  - [39m05/17/2026, 4:16:54 PM [32m    LOG[39m [38;5;3m[InstanceLoader] [39m[32mTypeOrmModule dependencies initialized[39m[38;5;3m +1ms[39m
[32m[Nest] 4052903  - [39m05/17/2026, 4:16:54 PM [32m    LOG[39m [38;5;3m[InstanceLoader] [39m[32mPassportModule dependencies initialized[39m[38;5;3m +0ms[39m
[32m[Nest] 4052903  - [39m05/17/2026, 4:16:54 PM [32m    LOG[39m [38;5;3m[InstanceLoader] [39m[32mConfigHostModule dependencies initialized[39m[38;5;3m +1ms[39m
[32m[Nest] 4052903  - [39m05/17/2026, 4:16:54 PM [32m    LOG[39m [38;5;3m[InstanceLoader] [39m[32mJwtModule dependencies initialized[39m[38;5;3m +0ms[39m
[32m[Nest] 4052903  - [39m05/17/2026, 4:16:54 PM [32m    LOG[39m [38;5;3m[InstanceLoader] [39m[32mDiscoveryModule dependencies initialized[39m[38;5;3m +0ms[39m
[32m[Nest] 4052903  - [39m05/17/2026, 4:16:54 PM [32m    LOG[39m [38;5;3m[InstanceLoader] [39m[32mConfigModule dependencies initialized[39m[38;5;3m +65ms[39m
[32m[Nest] 4052903  - [39m05/17/2026, 4:16:54 PM [32m    LOG[39m [38;5;3m[InstanceLoader] [39m[32mConfigModule dependencies initialized[39m[38;5;3m +0ms[39m
[32m[Nest] 4052903  - [39m05/17/2026, 4:16:54 PM [32m    LOG[39m [38;5;3m[InstanceLoader] [39m[32mScheduleModule dependencies initialized[39m[38;5;3m +0ms[39m
[32m[Nest] 4052903  - [39m05/17/2026, 4:16:54 PM [32m    LOG[39m [38;5;3m[InstanceLoader] [39m[32mEncryptionModule dependencies initialized[39m[38;5;3m +11ms[39m
[32m[Nest] 4052903  - [39m05/17/2026, 4:16:54 PM [32m    LOG[39m [38;5;3m[InstanceLoader] [39m[32mStockModule dependencies initialized[39m[38;5;3m +1ms[39m
[32m[Nest] 4052903  - [39m05/17/2026, 4:16:54 PM [32m    LOG[39m [38;5;3m[InstanceLoader] [39m[32mThrottlerModule dependencies initialized[39m[38;5;3m +0ms[39m
[32m[Nest] 4052903  - [39m05/17/2026, 4:16:54 PM [32m    LOG[39m [38;5;3m[InstanceLoader] [39m[32mTypeOrmCoreModule dependencies initialized[39m[38;5;3m +81ms[39m
[32m[Nest] 4052903  - [39m05/17/2026, 4:16:54 PM [32m    LOG[39m [38;5;3m[InstanceLoader] [39m[32mTypeOrmModule dependencies initialized[39m[38;5;3m +0ms[39m
[32m[Nest] 4052903  - [39m05/17/2026, 4:16:54 PM [32m    LOG[39m [38;5;3m[InstanceLoader] [39m[32mTypeOrmModule dependencies initialized[39m[38;5;3m +0ms[39m
[32m[Nest] 4052903  - [39m05/17/2026, 4:16:54 PM [32m    LOG[39m [38;5;3m[InstanceLoader] [39m[32mTypeOrmModule dependencies initialized[39m[38;5;3m +0ms[39m
[32m[Nest] 4052903  - [39m05/17/2026, 4:16:54 PM [32m    LOG[39m [38;5;3m[InstanceLoader] [39m[32mTypeOrmModule dependencies initialized[39m[38;5;3m +0ms[39m
[32m[Nest] 4052903  - [39m05/17/2026, 4:16:54 PM [32m    LOG[39m [38;5;3m[InstanceLoader] [39m[32mTypeOrmModule dependencies initialized[39m[38;5;3m +0ms[39m
[32m[Nest] 4052903  - [39m05/17/2026, 4:16:54 PM [32m    LOG[39m [38;5;3m[InstanceLoader] [39m[32mTypeOrmModule dependencies initialized[39m[38;5;3m +0ms[39m
[32m[Nest] 4052903  - [39m05/17/2026, 4:16:54 PM [32m    LOG[39m [38;5;3m[InstanceLoader] [39m[32mTypeOrmModule dependencies initialized[39m[38;5;3m +0ms[39m
[32m[Nest] 4052903  - [39m05/17/2026, 4:16:54 PM [32m    LOG[39m [38;5;3m[InstanceLoader] [39m[32mForecastModule dependencies initialized[39m[38;5;3m +1ms[39m
[32m[Nest] 4052903  - [39m05/17/2026, 4:16:54 PM [32m    LOG[39m [38;5;3m[InstanceLoader] [39m[32mUsersModule dependencies initialized[39m[38;5;3m +0ms[39m
[32m[Nest] 4052903  - [39m05/17/2026, 4:16:54 PM [32m    LOG[39m [38;5;3m[InstanceLoader] [39m[32mGoldModule dependencies initialized[39m[38;5;3m +1ms[39m
[32m[Nest] 4052903  - [39m05/17/2026, 4:16:54 PM [32m    LOG[39m [38;5;3m[InstanceLoader] [39m[32mAuthModule dependencies initialized[39m[38;5;3m +0ms[39m
[32m[Nest] 4052903  - [39m05/17/2026, 4:16:54 PM [32m    LOG[39m [38;5;3m[InstanceLoader] [39m[32mCategoriesModule dependencies initialized[39m[38;5;3m +0ms[39m
[32m[Nest] 4052903  - [39m05/17/2026, 4:16:54 PM [32m    LOG[39m [38;5;3m[InstanceLoader] [39m[32mLiabilitiesModule dependencies initialized[39m[38;5;3m +0ms[39m
[32m[Nest] 4052903  - [39m05/17/2026, 4:16:54 PM [32m    LOG[39m [38;5;3m[InstanceLoader] [39m[32mAssetsModule dependencies initialized[39m[38;5;3m +1ms[39m
[32m[Nest] 4052903  - [39m05/17/2026, 4:16:54 PM [32m    LOG[39m [38;5;3m[InstanceLoader] [39m[32mTransactionsModule dependencies initialized[39m[38;5;3m +0ms[39m
[32m[Nest] 4052903  - [39m05/17/2026, 4:16:54 PM [32m    LOG[39m [38;5;3m[RoutesResolver] [39m[32mAuthController {/api/auth}:[39m[38;5;3m +22ms[39m
[32m[Nest] 4052903  - [39m05/17/2026, 4:16:54 PM [32m    LOG[39m [38;5;3m[RouterExplorer] [39m[32mMapped {/api/auth/register, POST} route[39m[38;5;3m +4ms[39m
[32m[Nest] 4052903  - [39m05/17/2026, 4:16:54 PM [32m    LOG[39m [38;5;3m[RouterExplorer] [39m[32mMapped {/api/auth/login, POST} route[39m[38;5;3m +1ms[39m
[32m[Nest] 4052903  - [39m05/17/2026, 4:16:54 PM [32m    LOG[39m [38;5;3m[RouterExplorer] [39m[32mMapped {/api/auth/refresh, POST} route[39m[38;5;3m +0ms[39m
[32m[Nest] 4052903  - [39m05/17/2026, 4:16:54 PM [32m    LOG[39m [38;5;3m[RoutesResolver] [39m[32mCategoriesController {/api/categories}:[39m[38;5;3m +1ms[39m
[32m[Nest] 4052903  - [39m05/17/2026, 4:16:54 PM [32m    LOG[39m [38;5;3m[RouterExplorer] [39m[32mMapped {/api/categories, GET} route[39m[38;5;3m +1ms[39m
[32m[Nest] 4052903  - [39m05/17/2026, 4:16:54 PM [32m    LOG[39m [38;5;3m[RouterExplorer] [39m[32mMapped {/api/categories, POST} route[39m[38;5;3m +0ms[39m
[32m[Nest] 4052903  - [39m05/17/2026, 4:16:54 PM [32m    LOG[39m [38;5;3m[RouterExplorer] [39m[32mMapped {/api/categories/:id, PATCH} route[39m[38;5;3m +2ms[39m
[32m[Nest] 4052903  - [39m05/17/2026, 4:16:54 PM [32m    LOG[39m [38;5;3m[RouterExplorer] [39m[32mMapped {/api/categories/:id, DELETE} route[39m[38;5;3m +0ms[39m
[32m[Nest] 4052903  - [39m05/17/2026, 4:16:54 PM [32m    LOG[39m [38;5;3m[RoutesResolver] [39m[32mAssetsController {/api/assets}:[39m[38;5;3m +1ms[39m
[32m[Nest] 4052903  - [39m05/17/2026, 4:16:54 PM [32m    LOG[39m [38;5;3m[RouterExplorer] [39m[32mMapped {/api/assets, GET} route[39m[38;5;3m +0ms[39m
[32m[Nest] 4052903  - [39m05/17/2026, 4:16:54 PM [32m    LOG[39m [38;5;3m[RouterExplorer] [39m[32mMapped {/api/assets/summary, GET} route[39m[38;5;3m +1ms[39m
[32m[Nest] 4052903  - [39m05/17/2026, 4:16:54 PM [32m    LOG[39m [38;5;3m[RouterExplorer] [39m[32mMapped {/api/assets, POST} route[39m[38;5;3m +1ms[39m
[32m[Nest] 4052903  - [39m05/17/2026, 4:16:54 PM [32m    LOG[39m [38;5;3m[RouterExplorer] [39m[32mMapped {/api/assets/:id, GET} route[39m[38;5;3m +0ms[39m
[32m[Nest] 4052903  - [39m05/17/2026, 4:16:54 PM [32m    LOG[39m [38;5;3m[RouterExplorer] [39m[32mMapped {/api/assets/:id, PATCH} route[39m[38;5;3m +0ms[39m
[32m[Nest] 4052903  - [39m05/17/2026, 4:16:54 PM [32m    LOG[39m [38;5;3m[RouterExplorer] [39m[32mMapped {/api/assets/:id, DELETE} route[39m[38;5;3m +1ms[39m
[32m[Nest] 4052903  - [39m05/17/2026, 4:16:54 PM [32m    LOG[39m [38;5;3m[RoutesResolver] [39m[32mGoldController {/api/gold}:[39m[38;5;3m +0ms[39m
[32m[Nest] 4052903  - [39m05/17/2026, 4:16:54 PM [32m    LOG[39m [38;5;3m[RouterExplorer] [39m[32mMapped {/api/gold/price, GET} route[39m[38;5;3m +0ms[39m
[32m[Nest] 4052903  - [39m05/17/2026, 4:16:54 PM [32m    LOG[39m [38;5;3m[RouterExplorer] [39m[32mMapped {/api/gold/history, GET} route[39m[38;5;3m +0ms[39m
[32m[Nest] 4052903  - [39m05/17/2026, 4:16:54 PM [32m    LOG[39m [38;5;3m[RoutesResolver] [39m[32mLiabilitiesController {/api/liabilities}:[39m[38;5;3m +1ms[39m
[32m[Nest] 4052903  - [39m05/17/2026, 4:16:54 PM [32m    LOG[39m [38;5;3m[RouterExplorer] [39m[32mMapped {/api/liabilities, GET} route[39m[38;5;3m +0ms[39m
[32m[Nest] 4052903  - [39m05/17/2026, 4:16:54 PM [32m    LOG[39m [38;5;3m[RouterExplorer] [39m[32mMapped {/api/liabilities, POST} route[39m[38;5;3m +0ms[39m
[32m[Nest] 4052903  - [39m05/17/2026, 4:16:54 PM [32m    LOG[39m [38;5;3m[RouterExplorer] [39m[32mMapped {/api/liabilities/:id, GET} route[39m[38;5;3m +0ms[39m
[32m[Nest] 4052903  - [39m05/17/2026, 4:16:54 PM [32m    LOG[39m [38;5;3m[RouterExplorer] [39m[32mMapped {/api/liabilities/:id/schedule, GET} route[39m[38;5;3m +1ms[39m
[32m[Nest] 4052903  - [39m05/17/2026, 4:16:54 PM [32m    LOG[39m [38;5;3m[RouterExplorer] [39m[32mMapped {/api/liabilities/:id, PATCH} route[39m[38;5;3m +0ms[39m
[32m[Nest] 4052903  - [39m05/17/2026, 4:16:54 PM [32m    LOG[39m [38;5;3m[RouterExplorer] [39m[32mMapped {/api/liabilities/:id, DELETE} route[39m[38;5;3m +0ms[39m
[32m[Nest] 4052903  - [39m05/17/2026, 4:16:54 PM [32m    LOG[39m [38;5;3m[RoutesResolver] [39m[32mTransactionsController {/api/transactions}:[39m[38;5;3m +1ms[39m
[32m[Nest] 4052903  - [39m05/17/2026, 4:16:54 PM [32m    LOG[39m [38;5;3m[RouterExplorer] [39m[32mMapped {/api/transactions, GET} route[39m[38;5;3m +0ms[39m
[32m[Nest] 4052903  - [39m05/17/2026, 4:16:54 PM [32m    LOG[39m [38;5;3m[RouterExplorer] [39m[32mMapped {/api/transactions/summary, GET} route[39m[38;5;3m +0ms[39m
[32m[Nest] 4052903  - [39m05/17/2026, 4:16:54 PM [32m    LOG[39m [38;5;3m[RouterExplorer] [39m[32mMapped {/api/transactions, POST} route[39m[38;5;3m +0ms[39m
[32m[Nest] 4052903  - [39m05/17/2026, 4:16:54 PM [32m    LOG[39m [38;5;3m[RouterExplorer] [39m[32mMapped {/api/transactions/:id, GET} route[39m[38;5;3m +1ms[39m
[32m[Nest] 4052903  - [39m05/17/2026, 4:16:54 PM [32m    LOG[39m [38;5;3m[RouterExplorer] [39m[32mMapped {/api/transactions/:id, PATCH} route[39m[38;5;3m +0ms[39m
[32m[Nest] 4052903  - [39m05/17/2026, 4:16:54 PM [32m    LOG[39m [38;5;3m[RouterExplorer] [39m[32mMapped {/api/transactions/:id, DELETE} route[39m[38;5;3m +0ms[39m
[32m[Nest] 4052903  - [39m05/17/2026, 4:16:54 PM [32m    LOG[39m [38;5;3m[RoutesResolver] [39m[32mForecastController {/api/forecast}:[39m[38;5;3m +0ms[39m
[32m[Nest] 4052903  - [39m05/17/2026, 4:16:54 PM [32m    LOG[39m [38;5;3m[RouterExplorer] [39m[32mMapped {/api/forecast/wacr, GET} route[39m[38;5;3m +0ms[39m
[32m[Nest] 4052903  - [39m05/17/2026, 4:16:54 PM [32m    LOG[39m [38;5;3m[RouterExplorer] [39m[32mMapped {/api/forecast/cashflow, POST} route[39m[38;5;3m +1ms[39m
[32m[Nest] 4052903  - [39m05/17/2026, 4:16:54 PM [32m    LOG[39m [38;5;3m[NestApplication] [39m[32mNest application successfully started[39m[38;5;3m +25ms[39m
[2J[3J[H[[90m4:17:26 PM[0m] File change detected. Starting incremental compilation...

[[90m4:17:26 PM[0m] Found 0 errors. Watching for file changes.

[32m[Nest] 4052949  - [39m05/17/2026, 4:17:27 PM [32m    LOG[39m [38;5;3m[NestFactory] [39m[32mStarting Nest application...[39m
[32m[Nest] 4052949  - [39m05/17/2026, 4:17:27 PM [32m    LOG[39m [38;5;3m[InstanceLoader] [39m[32mAppModule dependencies initialized[39m[38;5;3m +38ms[39m
[32m[Nest] 4052949  - [39m05/17/2026, 4:17:27 PM [32m    LOG[39m [38;5;3m[InstanceLoader] [39m[32mTypeOrmModule dependencies initialized[39m[38;5;3m +0ms[39m
[32m[Nest] 4052949  - [39m05/17/2026, 4:17:27 PM [32m    LOG[39m [38;5;3m[InstanceLoader] [39m[32mPassportModule dependencies initialized[39m[38;5;3m +0ms[39m
[32m[Nest] 4052949  - [39m05/17/2026, 4:17:27 PM [32m    LOG[39m [38;5;3m[InstanceLoader] [39m[32mConfigHostModule dependencies initialized[39m[38;5;3m +1ms[39m
[32m[Nest] 4052949  - [39m05/17/2026, 4:17:27 PM [32m    LOG[39m [38;5;3m[InstanceLoader] [39m[32mJwtModule dependencies initialized[39m[38;5;3m +0ms[39m
[32m[Nest] 4052949  - [39m05/17/2026, 4:17:27 PM [32m    LOG[39m [38;5;3m[InstanceLoader] [39m[32mDiscoveryModule dependencies initialized[39m[38;5;3m +0ms[39m
[32m[Nest] 4052949  - [39m05/17/2026, 4:17:27 PM [32m    LOG[39m [38;5;3m[InstanceLoader] [39m[32mConfigModule dependencies initialized[39m[38;5;3m +67ms[39m
[32m[Nest] 4052949  - [39m05/17/2026, 4:17:27 PM [32m    LOG[39m [38;5;3m[InstanceLoader] [39m[32mConfigModule dependencies initialized[39m[38;5;3m +0ms[39m
[32m[Nest] 4052949  - [39m05/17/2026, 4:17:27 PM [32m    LOG[39m [38;5;3m[InstanceLoader] [39m[32mScheduleModule dependencies initialized[39m[38;5;3m +1ms[39m
[32m[Nest] 4052949  - [39m05/17/2026, 4:17:27 PM [32m    LOG[39m [38;5;3m[InstanceLoader] [39m[32mEncryptionModule dependencies initialized[39m[38;5;3m +9ms[39m
[32m[Nest] 4052949  - [39m05/17/2026, 4:17:27 PM [32m    LOG[39m [38;5;3m[InstanceLoader] [39m[32mStockModule dependencies initialized[39m[38;5;3m +0ms[39m
[32m[Nest] 4052949  - [39m05/17/2026, 4:17:27 PM [32m    LOG[39m [38;5;3m[InstanceLoader] [39m[32mThrottlerModule dependencies initialized[39m[38;5;3m +0ms[39m
[32m[Nest] 4052949  - [39m05/17/2026, 4:17:27 PM [32m    LOG[39m [38;5;3m[InstanceLoader] [39m[32mTypeOrmCoreModule dependencies initialized[39m[38;5;3m +85ms[39m
[32m[Nest] 4052949  - [39m05/17/2026, 4:17:27 PM [32m    LOG[39m [38;5;3m[InstanceLoader] [39m[32mTypeOrmModule dependencies initialized[39m[38;5;3m +0ms[39m
[32m[Nest] 4052949  - [39m05/17/2026, 4:17:27 PM [32m    LOG[39m [38;5;3m[InstanceLoader] [39m[32mTypeOrmModule dependencies initialized[39m[38;5;3m +0ms[39m
[32m[Nest] 4052949  - [39m05/17/2026, 4:17:27 PM [32m    LOG[39m [38;5;3m[InstanceLoader] [39m[32mTypeOrmModule dependencies initialized[39m[38;5;3m +0ms[39m
[32m[Nest] 4052949  - [39m05/17/2026, 4:17:27 PM [32m    LOG[39m [38;5;3m[InstanceLoader] [39m[32mTypeOrmModule dependencies initialized[39m[38;5;3m +0ms[39m
[32m[Nest] 4052949  - [39m05/17/2026, 4:17:27 PM [32m    LOG[39m [38;5;3m[InstanceLoader] [39m[32mTypeOrmModule dependencies initialized[39m[38;5;3m +0ms[39m
[32m[Nest] 4052949  - [39m05/17/2026, 4:17:27 PM [32m    LOG[39m [38;5;3m[InstanceLoader] [39m[32mTypeOrmModule dependencies initialized[39m[38;5;3m +0ms[39m
[32m[Nest] 4052949  - [39m05/17/2026, 4:17:27 PM [32m    LOG[39m [38;5;3m[InstanceLoader] [39m[32mTypeOrmModule dependencies initialized[39m[38;5;3m +0ms[39m
[32m[Nest] 4052949  - [39m05/17/2026, 4:17:27 PM [32m    LOG[39m [38;5;3m[InstanceLoader] [39m[32mForecastModule dependencies initialized[39m[38;5;3m +1ms[39m
[32m[Nest] 4052949  - [39m05/17/2026, 4:17:27 PM [32m    LOG[39m [38;5;3m[InstanceLoader] [39m[32mUsersModule dependencies initialized[39m[38;5;3m +0ms[39m
[32m[Nest] 4052949  - [39m05/17/2026, 4:17:27 PM [32m    LOG[39m [38;5;3m[InstanceLoader] [39m[32mGoldModule dependencies initialized[39m[38;5;3m +1ms[39m
[32m[Nest] 4052949  - [39m05/17/2026, 4:17:27 PM [32m    LOG[39m [38;5;3m[InstanceLoader] [39m[32mAuthModule dependencies initialized[39m[38;5;3m +0ms[39m
[32m[Nest] 4052949  - [39m05/17/2026, 4:17:27 PM [32m    LOG[39m [38;5;3m[InstanceLoader] [39m[32mCategoriesModule dependencies initialized[39m[38;5;3m +1ms[39m
[32m[Nest] 4052949  - [39m05/17/2026, 4:17:27 PM [32m    LOG[39m [38;5;3m[InstanceLoader] [39m[32mLiabilitiesModule dependencies initialized[39m[38;5;3m +0ms[39m
[32m[Nest] 4052949  - [39m05/17/2026, 4:17:27 PM [32m    LOG[39m [38;5;3m[InstanceLoader] [39m[32mAssetsModule dependencies initialized[39m[38;5;3m +0ms[39m
[32m[Nest] 4052949  - [39m05/17/2026, 4:17:27 PM [32m    LOG[39m [38;5;3m[InstanceLoader] [39m[32mTransactionsModule dependencies initialized[39m[38;5;3m +0ms[39m
[32m[Nest] 4052949  - [39m05/17/2026, 4:17:27 PM [32m    LOG[39m [38;5;3m[RoutesResolver] [39m[32mAuthController {/api/auth}:[39m[38;5;3m +27ms[39m
[32m[Nest] 4052949  - [39m05/17/2026, 4:17:27 PM [32m    LOG[39m [38;5;3m[RouterExplorer] [39m[32mMapped {/api/auth/register, POST} route[39m[38;5;3m +4ms[39m
[32m[Nest] 4052949  - [39m05/17/2026, 4:17:27 PM [32m    LOG[39m [38;5;3m[RouterExplorer] [39m[32mMapped {/api/auth/login, POST} route[39m[38;5;3m +1ms[39m
[32m[Nest] 4052949  - [39m05/17/2026, 4:17:27 PM [32m    LOG[39m [38;5;3m[RouterExplorer] [39m[32mMapped {/api/auth/refresh, POST} route[39m[38;5;3m +0ms[39m
[32m[Nest] 4052949  - [39m05/17/2026, 4:17:27 PM [32m    LOG[39m [38;5;3m[RoutesResolver] [39m[32mCategoriesController {/api/categories}:[39m[38;5;3m +0ms[39m
[32m[Nest] 4052949  - [39m05/17/2026, 4:17:27 PM [32m    LOG[39m [38;5;3m[RouterExplorer] [39m[32mMapped {/api/categories, GET} route[39m[38;5;3m +1ms[39m
[32m[Nest] 4052949  - [39m05/17/2026, 4:17:27 PM [32m    LOG[39m [38;5;3m[RouterExplorer] [39m[32mMapped {/api/categories, POST} route[39m[38;5;3m +1ms[39m
[32m[Nest] 4052949  - [39m05/17/2026, 4:17:27 PM [32m    LOG[39m [38;5;3m[RouterExplorer] [39m[32mMapped {/api/categories/:id, PATCH} route[39m[38;5;3m +1ms[39m
[32m[Nest] 4052949  - [39m05/17/2026, 4:17:27 PM [32m    LOG[39m [38;5;3m[RouterExplorer] [39m[32mMapped {/api/categories/:id, DELETE} route[39m[38;5;3m +1ms[39m
[32m[Nest] 4052949  - [39m05/17/2026, 4:17:27 PM [32m    LOG[39m [38;5;3m[RoutesResolver] [39m[32mAssetsController {/api/assets}:[39m[38;5;3m +0ms[39m
[32m[Nest] 4052949  - [39m05/17/2026, 4:17:27 PM [32m    LOG[39m [38;5;3m[RouterExplorer] [39m[32mMapped {/api/assets, GET} route[39m[38;5;3m +0ms[39m
[32m[Nest] 4052949  - [39m05/17/2026, 4:17:27 PM [32m    LOG[39m [38;5;3m[RouterExplorer] [39m[32mMapped {/api/assets/summary, GET} route[39m[38;5;3m +1ms[39m
[32m[Nest] 4052949  - [39m05/17/2026, 4:17:27 PM [32m    LOG[39m [38;5;3m[RouterExplorer] [39m[32mMapped {/api/assets, POST} route[39m[38;5;3m +1ms[39m
[32m[Nest] 4052949  - [39m05/17/2026, 4:17:27 PM [32m    LOG[39m [38;5;3m[RouterExplorer] [39m[32mMapped {/api/assets/:id, GET} route[39m[38;5;3m +0ms[39m
[32m[Nest] 4052949  - [39m05/17/2026, 4:17:27 PM [32m    LOG[39m [38;5;3m[RouterExplorer] [39m[32mMapped {/api/assets/:id, PATCH} route[39m[38;5;3m +1ms[39m
[32m[Nest] 4052949  - [39m05/17/2026, 4:17:27 PM [32m    LOG[39m [38;5;3m[RouterExplorer] [39m[32mMapped {/api/assets/:id, DELETE} route[39m[38;5;3m +0ms[39m
[32m[Nest] 4052949  - [39m05/17/2026, 4:17:27 PM [32m    LOG[39m [38;5;3m[RoutesResolver] [39m[32mGoldController {/api/gold}:[39m[38;5;3m +0ms[39m
[32m[Nest] 4052949  - [39m05/17/2026, 4:17:27 PM [32m    LOG[39m [38;5;3m[RouterExplorer] [39m[32mMapped {/api/gold/price, GET} route[39m[38;5;3m +0ms[39m
[32m[Nest] 4052949  - [39m05/17/2026, 4:17:27 PM [32m    LOG[39m [38;5;3m[RouterExplorer] [39m[32mMapped {/api/gold/history, GET} route[39m[38;5;3m +0ms[39m
[32m[Nest] 4052949  - [39m05/17/2026, 4:17:27 PM [32m    LOG[39m [38;5;3m[RoutesResolver] [39m[32mLiabilitiesController {/api/liabilities}:[39m[38;5;3m +0ms[39m
[32m[Nest] 4052949  - [39m05/17/2026, 4:17:27 PM [32m    LOG[39m [38;5;3m[RouterExplorer] [39m[32mMapped {/api/liabilities, GET} route[39m[38;5;3m +1ms[39m
[32m[Nest] 4052949  - [39m05/17/2026, 4:17:27 PM [32m    LOG[39m [38;5;3m[RouterExplorer] [39m[32mMapped {/api/liabilities, POST} route[39m[38;5;3m +0ms[39m
[32m[Nest] 4052949  - [39m05/17/2026, 4:17:27 PM [32m    LOG[39m [38;5;3m[RouterExplorer] [39m[32mMapped {/api/liabilities/:id, GET} route[39m[38;5;3m +0ms[39m
[32m[Nest] 4052949  - [39m05/17/2026, 4:17:27 PM [32m    LOG[39m [38;5;3m[RouterExplorer] [39m[32mMapped {/api/liabilities/:id/schedule, GET} route[39m[38;5;3m +1ms[39m
[32m[Nest] 4052949  - [39m05/17/2026, 4:17:27 PM [32m    LOG[39m [38;5;3m[RouterExplorer] [39m[32mMapped {/api/liabilities/:id, PATCH} route[39m[38;5;3m +0ms[39m
[32m[Nest] 4052949  - [39m05/17/2026, 4:17:27 PM [32m    LOG[39m [38;5;3m[RouterExplorer] [39m[32mMapped {/api/liabilities/:id, DELETE} route[39m[38;5;3m +0ms[39m
[32m[Nest] 4052949  - [39m05/17/2026, 4:17:27 PM [32m    LOG[39m [38;5;3m[RoutesResolver] [39m[32mTransactionsController {/api/transactions}:[39m[38;5;3m +1ms[39m
[32m[Nest] 4052949  - [39m05/17/2026, 4:17:27 PM [32m    LOG[39m [38;5;3m[RouterExplorer] [39m[32mMapped {/api/transactions, GET} route[39m[38;5;3m +0ms[39m
[32m[Nest] 4052949  - [39m05/17/2026, 4:17:27 PM [32m    LOG[39m [38;5;3m[RouterExplorer] [39m[32mMapped {/api/transactions/summary, GET} route[39m[38;5;3m +0ms[39m
[32m[Nest] 4052949  - [39m05/17/2026, 4:17:27 PM [32m    LOG[39m [38;5;3m[RouterExplorer] [39m[32mMapped {/api/transactions, POST} route[39m[38;5;3m +0ms[39m
[32m[Nest] 4052949  - [39m05/17/2026, 4:17:27 PM [32m    LOG[39m [38;5;3m[RouterExplorer] [39m[32mMapped {/api/transactions/:id, GET} route[39m[38;5;3m +1ms[39m
[32m[Nest] 4052949  - [39m05/17/2026, 4:17:27 PM [32m    LOG[39m [38;5;3m[RouterExplorer] [39m[32mMapped {/api/transactions/:id, PATCH} route[39m[38;5;3m +0ms[39m
[32m[Nest] 4052949  - [39m05/17/2026, 4:17:27 PM [32m    LOG[39m [38;5;3m[RouterExplorer] [39m[32mMapped {/api/transactions/:id, DELETE} route[39m[38;5;3m +0ms[39m
[32m[Nest] 4052949  - [39m05/17/2026, 4:17:27 PM [32m    LOG[39m [38;5;3m[RoutesResolver] [39m[32mForecastController {/api/forecast}:[39m[38;5;3m +0ms[39m
[32m[Nest] 4052949  - [39m05/17/2026, 4:17:27 PM [32m    LOG[39m [38;5;3m[RouterExplorer] [39m[32mMapped {/api/forecast/wacr, GET} route[39m[38;5;3m +1ms[39m
[32m[Nest] 4052949  - [39m05/17/2026, 4:17:27 PM [32m    LOG[39m [38;5;3m[RouterExplorer] [39m[32mMapped {/api/forecast/cashflow, POST} route[39m[38;5;3m +0ms[39m
[32m[Nest] 4052949  - [39m05/17/2026, 4:17:27 PM [32m    LOG[39m [38;5;3m[NestApplication] [39m[32mNest application successfully started[39m[38;5;3m +28ms[39m
[2J[3J[H[[90m4:27:27 PM[0m] File change detected. Starting incremental compilation...

[[90m4:27:28 PM[0m] Found 0 errors. Watching for file changes.

[32m[Nest] 4053539  - [39m05/17/2026, 4:27:29 PM [32m    LOG[39m [38;5;3m[NestFactory] [39m[32mStarting Nest application...[39m
[32m[Nest] 4053539  - [39m05/17/2026, 4:27:29 PM [32m    LOG[39m [38;5;3m[InstanceLoader] [39m[32mAppModule dependencies initialized[39m[38;5;3m +28ms[39m
[32m[Nest] 4053539  - [39m05/17/2026, 4:27:29 PM [32m    LOG[39m [38;5;3m[InstanceLoader] [39m[32mTypeOrmModule dependencies initialized[39m[38;5;3m +0ms[39m
[32m[Nest] 4053539  - [39m05/17/2026, 4:27:29 PM [32m    LOG[39m [38;5;3m[InstanceLoader] [39m[32mPassportModule dependencies initialized[39m[38;5;3m +1ms[39m
[32m[Nest] 4053539  - [39m05/17/2026, 4:27:29 PM [32m    LOG[39m [38;5;3m[InstanceLoader] [39m[32mConfigHostModule dependencies initialized[39m[38;5;3m +0ms[39m
[31m[Nest] 4053539  - [39m05/17/2026, 4:27:29 PM [31m  ERROR[39m [38;5;3m[ExceptionHandler] [39mUnknownDependenciesException [Error]: Nest can't resolve dependencies of the AuthService (UsersService, JwtService, ConfigService, ?). Please make sure that the argument GoldService at index [3] is available in the AuthModule module.

Potential solutions:
- Is AuthModule a valid NestJS module?
- If GoldService is a provider, is it part of the current AuthModule?
- If GoldService is exported from a separate @Module, is that module imported within AuthModule?
  @Module({
    imports: [ /* the Module containing GoldService */ ]
  })

For more common dependency resolution issues, see: https://docs.nestjs.com/faq/common-errors
    at Injector.lookupComponentInParentModules [90m(/home/kyrie/workspace/elevate-life/backend/[39mnode_modules/[4m@nestjs/core[24m/injector/injector.js:290:19[90m)[39m
    at async resolveParam [90m(/home/kyrie/workspace/elevate-life/backend/[39mnode_modules/[4m@nestjs/core[24m/injector/injector.js:140:38[90m)[39m
    at async Promise.all (index 3)
    at async Injector.resolveConstructorParams [90m(/home/kyrie/workspace/elevate-life/backend/[39mnode_modules/[4m@nestjs/core[24m/injector/injector.js:169:27[90m)[39m
    at async Injector.loadInstance [90m(/home/kyrie/workspace/elevate-life/backend/[39mnode_modules/[4m@nestjs/core[24m/injector/injector.js:75:13[90m)[39m
    at async Injector.loadProvider [90m(/home/kyrie/workspace/elevate-life/backend/[39mnode_modules/[4m@nestjs/core[24m/injector/injector.js:103:9[90m)[39m
    at async [90m/home/kyrie/workspace/elevate-life/backend/[39mnode_modules/[4m@nestjs/core[24m/injector/instance-loader.js:56:13
    at async Promise.all (index 3)
    at async InstanceLoader.createInstancesOfProviders [90m(/home/kyrie/workspace/elevate-life/backend/[39mnode_modules/[4m@nestjs/core[24m/injector/instance-loader.js:55:9[90m)[39m
    at async [90m/home/kyrie/workspace/elevate-life/backend/[39mnode_modules/[4m@nestjs/core[24m/injector/instance-loader.js:40:13 {
  type: [32m'AuthService'[39m,
  context: {
    index: [33m3[39m,
    dependencies: [
      [36m[class UsersService][39m,
      [36m[class JwtService][39m,
      [36m[class ConfigService][39m,
      [36m[class GoldService][39m
    ],
    name: [36m[class GoldService][39m
  },
  metadata: {
    id: [32m'da2ec6647619c47105781'[39m
  },
  moduleRef: {
    id: [32m'cb261a10312a756cd03e5'[39m
  }
}
[2J[3J[H[[90m4:27:42 PM[0m] File change detected. Starting incremental compilation...

[[90m4:27:42 PM[0m] Found 0 errors. Watching for file changes.

[32m[Nest] 4053550  - [39m05/17/2026, 4:27:43 PM [32m    LOG[39m [38;5;3m[NestFactory] [39m[32mStarting Nest application...[39m
[32m[Nest] 4053550  - [39m05/17/2026, 4:27:43 PM [32m    LOG[39m [38;5;3m[InstanceLoader] [39m[32mAppModule dependencies initialized[39m[38;5;3m +37ms[39m
[32m[Nest] 4053550  - [39m05/17/2026, 4:27:43 PM [32m    LOG[39m [38;5;3m[InstanceLoader] [39m[32mTypeOrmModule dependencies initialized[39m[38;5;3m +0ms[39m
[32m[Nest] 4053550  - [39m05/17/2026, 4:27:43 PM [32m    LOG[39m [38;5;3m[InstanceLoader] [39m[32mPassportModule dependencies initialized[39m[38;5;3m +0ms[39m
[32m[Nest] 4053550  - [39m05/17/2026, 4:27:43 PM [32m    LOG[39m [38;5;3m[InstanceLoader] [39m[32mConfigHostModule dependencies initialized[39m[38;5;3m +1ms[39m
[32m[Nest] 4053550  - [39m05/17/2026, 4:27:43 PM [32m    LOG[39m [38;5;3m[InstanceLoader] [39m[32mJwtModule dependencies initialized[39m[38;5;3m +1ms[39m
[32m[Nest] 4053550  - [39m05/17/2026, 4:27:43 PM [32m    LOG[39m [38;5;3m[InstanceLoader] [39m[32mDiscoveryModule dependencies initialized[39m[38;5;3m +0ms[39m
[32m[Nest] 4053550  - [39m05/17/2026, 4:27:43 PM [32m    LOG[39m [38;5;3m[InstanceLoader] [39m[32mConfigModule dependencies initialized[39m[38;5;3m +64ms[39m
[32m[Nest] 4053550  - [39m05/17/2026, 4:27:43 PM [32m    LOG[39m [38;5;3m[InstanceLoader] [39m[32mConfigModule dependencies initialized[39m[38;5;3m +0ms[39m
[32m[Nest] 4053550  - [39m05/17/2026, 4:27:43 PM [32m    LOG[39m [38;5;3m[InstanceLoader] [39m[32mScheduleModule dependencies initialized[39m[38;5;3m +1ms[39m
[32m[Nest] 4053550  - [39m05/17/2026, 4:27:43 PM [32m    LOG[39m [38;5;3m[InstanceLoader] [39m[32mEncryptionModule dependencies initialized[39m[38;5;3m +9ms[39m
[32m[Nest] 4053550  - [39m05/17/2026, 4:27:43 PM [32m    LOG[39m [38;5;3m[InstanceLoader] [39m[32mStockModule dependencies initialized[39m[38;5;3m +0ms[39m
[32m[Nest] 4053550  - [39m05/17/2026, 4:27:43 PM [32m    LOG[39m [38;5;3m[InstanceLoader] [39m[32mThrottlerModule dependencies initialized[39m[38;5;3m +0ms[39m
[32m[Nest] 4053550  - [39m05/17/2026, 4:27:43 PM [32m    LOG[39m [38;5;3m[InstanceLoader] [39m[32mTypeOrmCoreModule dependencies initialized[39m[38;5;3m +66ms[39m
[32m[Nest] 4053550  - [39m05/17/2026, 4:27:43 PM [32m    LOG[39m [38;5;3m[InstanceLoader] [39m[32mTypeOrmModule dependencies initialized[39m[38;5;3m +0ms[39m
[32m[Nest] 4053550  - [39m05/17/2026, 4:27:43 PM [32m    LOG[39m [38;5;3m[InstanceLoader] [39m[32mTypeOrmModule dependencies initialized[39m[38;5;3m +0ms[39m
[32m[Nest] 4053550  - [39m05/17/2026, 4:27:43 PM [32m    LOG[39m [38;5;3m[InstanceLoader] [39m[32mTypeOrmModule dependencies initialized[39m[38;5;3m +1ms[39m
[32m[Nest] 4053550  - [39m05/17/2026, 4:27:43 PM [32m    LOG[39m [38;5;3m[InstanceLoader] [39m[32mTypeOrmModule dependencies initialized[39m[38;5;3m +0ms[39m
[32m[Nest] 4053550  - [39m05/17/2026, 4:27:43 PM [32m    LOG[39m [38;5;3m[InstanceLoader] [39m[32mTypeOrmModule dependencies initialized[39m[38;5;3m +0ms[39m
[32m[Nest] 4053550  - [39m05/17/2026, 4:27:43 PM [32m    LOG[39m [38;5;3m[InstanceLoader] [39m[32mTypeOrmModule dependencies initialized[39m[38;5;3m +0ms[39m
[32m[Nest] 4053550  - [39m05/17/2026, 4:27:43 PM [32m    LOG[39m [38;5;3m[InstanceLoader] [39m[32mTypeOrmModule dependencies initialized[39m[38;5;3m +0ms[39m
[32m[Nest] 4053550  - [39m05/17/2026, 4:27:43 PM [32m    LOG[39m [38;5;3m[InstanceLoader] [39m[32mForecastModule dependencies initialized[39m[38;5;3m +1ms[39m
[32m[Nest] 4053550  - [39m05/17/2026, 4:27:43 PM [32m    LOG[39m [38;5;3m[InstanceLoader] [39m[32mUsersModule dependencies initialized[39m[38;5;3m +0ms[39m
[32m[Nest] 4053550  - [39m05/17/2026, 4:27:43 PM [32m    LOG[39m [38;5;3m[InstanceLoader] [39m[32mGoldModule dependencies initialized[39m[38;5;3m +1ms[39m
[32m[Nest] 4053550  - [39m05/17/2026, 4:27:43 PM [32m    LOG[39m [38;5;3m[InstanceLoader] [39m[32mAuthModule dependencies initialized[39m[38;5;3m +0ms[39m
[32m[Nest] 4053550  - [39m05/17/2026, 4:27:43 PM [32m    LOG[39m [38;5;3m[InstanceLoader] [39m[32mCategoriesModule dependencies initialized[39m[38;5;3m +1ms[39m
[32m[Nest] 4053550  - [39m05/17/2026, 4:27:43 PM [32m    LOG[39m [38;5;3m[InstanceLoader] [39m[32mLiabilitiesModule dependencies initialized[39m[38;5;3m +0ms[39m
[32m[Nest] 4053550  - [39m05/17/2026, 4:27:43 PM [32m    LOG[39m [38;5;3m[InstanceLoader] [39m[32mAssetsModule dependencies initialized[39m[38;5;3m +0ms[39m
[32m[Nest] 4053550  - [39m05/17/2026, 4:27:43 PM [32m    LOG[39m [38;5;3m[InstanceLoader] [39m[32mTransactionsModule dependencies initialized[39m[38;5;3m +0ms[39m
[32m[Nest] 4053550  - [39m05/17/2026, 4:27:43 PM [32m    LOG[39m [38;5;3m[RoutesResolver] [39m[32mAuthController {/api/auth}:[39m[38;5;3m +26ms[39m
[32m[Nest] 4053550  - [39m05/17/2026, 4:27:43 PM [32m    LOG[39m [38;5;3m[RouterExplorer] [39m[32mMapped {/api/auth/register, POST} route[39m[38;5;3m +4ms[39m
[32m[Nest] 4053550  - [39m05/17/2026, 4:27:43 PM [32m    LOG[39m [38;5;3m[RouterExplorer] [39m[32mMapped {/api/auth/login, POST} route[39m[38;5;3m +1ms[39m
[32m[Nest] 4053550  - [39m05/17/2026, 4:27:43 PM [32m    LOG[39m [38;5;3m[RouterExplorer] [39m[32mMapped {/api/auth/refresh, POST} route[39m[38;5;3m +0ms[39m
[32m[Nest] 4053550  - [39m05/17/2026, 4:27:43 PM [32m    LOG[39m [38;5;3m[RoutesResolver] [39m[32mGoldController {/api/gold}:[39m[38;5;3m +0ms[39m
[32m[Nest] 4053550  - [39m05/17/2026, 4:27:43 PM [32m    LOG[39m [38;5;3m[RouterExplorer] [39m[32mMapped {/api/gold/price, GET} route[39m[38;5;3m +1ms[39m
[32m[Nest] 4053550  - [39m05/17/2026, 4:27:43 PM [32m    LOG[39m [38;5;3m[RouterExplorer] [39m[32mMapped {/api/gold/history, GET} route[39m[38;5;3m +1ms[39m
[32m[Nest] 4053550  - [39m05/17/2026, 4:27:43 PM [32m    LOG[39m [38;5;3m[RoutesResolver] [39m[32mCategoriesController {/api/categories}:[39m[38;5;3m +0ms[39m
[32m[Nest] 4053550  - [39m05/17/2026, 4:27:43 PM [32m    LOG[39m [38;5;3m[RouterExplorer] [39m[32mMapped {/api/categories, GET} route[39m[38;5;3m +1ms[39m
[32m[Nest] 4053550  - [39m05/17/2026, 4:27:43 PM [32m    LOG[39m [38;5;3m[RouterExplorer] [39m[32mMapped {/api/categories, POST} route[39m[38;5;3m +1ms[39m
[32m[Nest] 4053550  - [39m05/17/2026, 4:27:43 PM [32m    LOG[39m [38;5;3m[RouterExplorer] [39m[32mMapped {/api/categories/:id, PATCH} route[39m[38;5;3m +1ms[39m
[32m[Nest] 4053550  - [39m05/17/2026, 4:27:43 PM [32m    LOG[39m [38;5;3m[RouterExplorer] [39m[32mMapped {/api/categories/:id, DELETE} route[39m[38;5;3m +1ms[39m
[32m[Nest] 4053550  - [39m05/17/2026, 4:27:43 PM [32m    LOG[39m [38;5;3m[RoutesResolver] [39m[32mAssetsController {/api/assets}:[39m[38;5;3m +0ms[39m
[32m[Nest] 4053550  - [39m05/17/2026, 4:27:43 PM [32m    LOG[39m [38;5;3m[RouterExplorer] [39m[32mMapped {/api/assets, GET} route[39m[38;5;3m +1ms[39m
[32m[Nest] 4053550  - [39m05/17/2026, 4:27:43 PM [32m    LOG[39m [38;5;3m[RouterExplorer] [39m[32mMapped {/api/assets/summary, GET} route[39m[38;5;3m +0ms[39m
[32m[Nest] 4053550  - [39m05/17/2026, 4:27:43 PM [32m    LOG[39m [38;5;3m[RouterExplorer] [39m[32mMapped {/api/assets, POST} route[39m[38;5;3m +1ms[39m
[32m[Nest] 4053550  - [39m05/17/2026, 4:27:43 PM [32m    LOG[39m [38;5;3m[RouterExplorer] [39m[32mMapped {/api/assets/:id, GET} route[39m[38;5;3m +0ms[39m
[32m[Nest] 4053550  - [39m05/17/2026, 4:27:43 PM [32m    LOG[39m [38;5;3m[RouterExplorer] [39m[32mMapped {/api/assets/:id, PATCH} route[39m[38;5;3m +1ms[39m
[32m[Nest] 4053550  - [39m05/17/2026, 4:27:43 PM [32m    LOG[39m [38;5;3m[RouterExplorer] [39m[32mMapped {/api/assets/:id, DELETE} route[39m[38;5;3m +0ms[39m
[32m[Nest] 4053550  - [39m05/17/2026, 4:27:43 PM [32m    LOG[39m [38;5;3m[RoutesResolver] [39m[32mLiabilitiesController {/api/liabilities}:[39m[38;5;3m +0ms[39m
[32m[Nest] 4053550  - [39m05/17/2026, 4:27:43 PM [32m    LOG[39m [38;5;3m[RouterExplorer] [39m[32mMapped {/api/liabilities, GET} route[39m[38;5;3m +0ms[39m
[32m[Nest] 4053550  - [39m05/17/2026, 4:27:43 PM [32m    LOG[39m [38;5;3m[RouterExplorer] [39m[32mMapped {/api/liabilities, POST} route[39m[38;5;3m +1ms[39m
[32m[Nest] 4053550  - [39m05/17/2026, 4:27:43 PM [32m    LOG[39m [38;5;3m[RouterExplorer] [39m[32mMapped {/api/liabilities/:id, GET} route[39m[38;5;3m +0ms[39m
[32m[Nest] 4053550  - [39m05/17/2026, 4:27:43 PM [32m    LOG[39m [38;5;3m[RouterExplorer] [39m[32mMapped {/api/liabilities/:id/schedule, GET} route[39m[38;5;3m +0ms[39m
[32m[Nest] 4053550  - [39m05/17/2026, 4:27:43 PM [32m    LOG[39m [38;5;3m[RouterExplorer] [39m[32mMapped {/api/liabilities/:id, PATCH} route[39m[38;5;3m +1ms[39m
[32m[Nest] 4053550  - [39m05/17/2026, 4:27:43 PM [32m    LOG[39m [38;5;3m[RouterExplorer] [39m[32mMapped {/api/liabilities/:id, DELETE} route[39m[38;5;3m +0ms[39m
[32m[Nest] 4053550  - [39m05/17/2026, 4:27:43 PM [32m    LOG[39m [38;5;3m[RoutesResolver] [39m[32mTransactionsController {/api/transactions}:[39m[38;5;3m +0ms[39m
[32m[Nest] 4053550  - [39m05/17/2026, 4:27:43 PM [32m    LOG[39m [38;5;3m[RouterExplorer] [39m[32mMapped {/api/transactions, GET} route[39m[38;5;3m +1ms[39m
[32m[Nest] 4053550  - [39m05/17/2026, 4:27:43 PM [32m    LOG[39m [38;5;3m[RouterExplorer] [39m[32mMapped {/api/transactions/summary, GET} route[39m[38;5;3m +0ms[39m
[32m[Nest] 4053550  - [39m05/17/2026, 4:27:43 PM [32m    LOG[39m [38;5;3m[RouterExplorer] [39m[32mMapped {/api/transactions, POST} route[39m[38;5;3m +0ms[39m
[32m[Nest] 4053550  - [39m05/17/2026, 4:27:43 PM [32m    LOG[39m [38;5;3m[RouterExplorer] [39m[32mMapped {/api/transactions/:id, GET} route[39m[38;5;3m +0ms[39m
[32m[Nest] 4053550  - [39m05/17/2026, 4:27:43 PM [32m    LOG[39m [38;5;3m[RouterExplorer] [39m[32mMapped {/api/transactions/:id, PATCH} route[39m[38;5;3m +1ms[39m
[32m[Nest] 4053550  - [39m05/17/2026, 4:27:43 PM [32m    LOG[39m [38;5;3m[RouterExplorer] [39m[32mMapped {/api/transactions/:id, DELETE} route[39m[38;5;3m +0ms[39m
[32m[Nest] 4053550  - [39m05/17/2026, 4:27:43 PM [32m    LOG[39m [38;5;3m[RoutesResolver] [39m[32mForecastController {/api/forecast}:[39m[38;5;3m +0ms[39m
[32m[Nest] 4053550  - [39m05/17/2026, 4:27:43 PM [32m    LOG[39m [38;5;3m[RouterExplorer] [39m[32mMapped {/api/forecast/wacr, GET} route[39m[38;5;3m +1ms[39m
[32m[Nest] 4053550  - [39m05/17/2026, 4:27:43 PM [32m    LOG[39m [38;5;3m[RouterExplorer] [39m[32mMapped {/api/forecast/cashflow, POST} route[39m[38;5;3m +0ms[39m
[32m[Nest] 4053550  - [39m05/17/2026, 4:27:44 PM [32m    LOG[39m [38;5;3m[NestApplication] [39m[32mNest application successfully started[39m[38;5;3m +40ms[39m
[95m[Nest] 4053550  - [39m05/17/2026, 4:30:04 PM [95m  DEBUG[39m [38;5;3m[GoldService] [39m[95mToday already has gold price data, skipping fetch[39m
[95m[Nest] 4053550  - [39m05/17/2026, 6:47:56 PM [95m  DEBUG[39m [38;5;3m[GoldService] [39m[95mToday already has gold price data, skipping fetch[39m
[2J[3J[H[[90m7:00:45 PM[0m] File change detected. Starting incremental compilation...

[96msrc/modules/gold/gold.service.ts[0m:[93m35[0m:[93m50[0m - [91merror[0m[90m TS2551: [0mProperty 'fetchSinaGoldETF' does not exist on type 'GoldService'. Did you mean 'fetchSinaSHGold'?

[7m35[0m       { name: 'sina_gold_etf', fetch: () => this.fetchSinaGoldETF() },
[7m  [0m [91m                                                 ~~~~~~~~~~~~~~~~[0m

  [96msrc/modules/gold/gold.service.ts[0m:[93m184[0m:[93m17[0m
    [7m184[0m   private async fetchSinaSHGold(): Promise<{ price: number; currency: string } | null> {
    [7m   [0m [96m                ~~~~~~~~~~~~~~~[0m
    'fetchSinaSHGold' is declared here.

[[90m7:00:46 PM[0m] Found 1 error. Watching for file changes.

[2J[3J[H[[90m7:01:11 PM[0m] File change detected. Starting incremental compilation...

[[90m7:01:11 PM[0m] Found 0 errors. Watching for file changes.

[32m[Nest] 4061538  - [39m05/17/2026, 7:01:12 PM [32m    LOG[39m [38;5;3m[NestFactory] [39m[32mStarting Nest application...[39m
[32m[Nest] 4061538  - [39m05/17/2026, 7:01:12 PM [32m    LOG[39m [38;5;3m[InstanceLoader] [39m[32mAppModule dependencies initialized[39m[38;5;3m +31ms[39m
[32m[Nest] 4061538  - [39m05/17/2026, 7:01:12 PM [32m    LOG[39m [38;5;3m[InstanceLoader] [39m[32mTypeOrmModule dependencies initialized[39m[38;5;3m +0ms[39m
[32m[Nest] 4061538  - [39m05/17/2026, 7:01:12 PM [32m    LOG[39m [38;5;3m[InstanceLoader] [39m[32mPassportModule dependencies initialized[39m[38;5;3m +0ms[39m
[32m[Nest] 4061538  - [39m05/17/2026, 7:01:12 PM [32m    LOG[39m [38;5;3m[InstanceLoader] [39m[32mConfigHostModule dependencies initialized[39m[38;5;3m +1ms[39m
[32m[Nest] 4061538  - [39m05/17/2026, 7:01:12 PM [32m    LOG[39m [38;5;3m[InstanceLoader] [39m[32mJwtModule dependencies initialized[39m[38;5;3m +0ms[39m
[32m[Nest] 4061538  - [39m05/17/2026, 7:01:12 PM [32m    LOG[39m [38;5;3m[InstanceLoader] [39m[32mDiscoveryModule dependencies initialized[39m[38;5;3m +0ms[39m
[32m[Nest] 4061538  - [39m05/17/2026, 7:01:12 PM [32m    LOG[39m [38;5;3m[InstanceLoader] [39m[32mConfigModule dependencies initialized[39m[38;5;3m +65ms[39m
[32m[Nest] 4061538  - [39m05/17/2026, 7:01:12 PM [32m    LOG[39m [38;5;3m[InstanceLoader] [39m[32mConfigModule dependencies initialized[39m[38;5;3m +0ms[39m
[32m[Nest] 4061538  - [39m05/17/2026, 7:01:12 PM [32m    LOG[39m [38;5;3m[InstanceLoader] [39m[32mScheduleModule dependencies initialized[39m[38;5;3m +1ms[39m
[32m[Nest] 4061538  - [39m05/17/2026, 7:01:12 PM [32m    LOG[39m [38;5;3m[InstanceLoader] [39m[32mEncryptionModule dependencies initialized[39m[38;5;3m +19ms[39m
[32m[Nest] 4061538  - [39m05/17/2026, 7:01:12 PM [32m    LOG[39m [38;5;3m[InstanceLoader] [39m[32mStockModule dependencies initialized[39m[38;5;3m +1ms[39m
[32m[Nest] 4061538  - [39m05/17/2026, 7:01:12 PM [32m    LOG[39m [38;5;3m[InstanceLoader] [39m[32mThrottlerModule dependencies initialized[39m[38;5;3m +0ms[39m
[32m[Nest] 4061538  - [39m05/17/2026, 7:01:12 PM [32m    LOG[39m [38;5;3m[InstanceLoader] [39m[32mTypeOrmCoreModule dependencies initialized[39m[38;5;3m +60ms[39m
[32m[Nest] 4061538  - [39m05/17/2026, 7:01:12 PM [32m    LOG[39m [38;5;3m[InstanceLoader] [39m[32mTypeOrmModule dependencies initialized[39m[38;5;3m +0ms[39m
[32m[Nest] 4061538  - [39m05/17/2026, 7:01:12 PM [32m    LOG[39m [38;5;3m[InstanceLoader] [39m[32mTypeOrmModule dependencies initialized[39m[38;5;3m +0ms[39m
[32m[Nest] 4061538  - [39m05/17/2026, 7:01:12 PM [32m    LOG[39m [38;5;3m[InstanceLoader] [39m[32mTypeOrmModule dependencies initialized[39m[38;5;3m +0ms[39m
[32m[Nest] 4061538  - [39m05/17/2026, 7:01:12 PM [32m    LOG[39m [38;5;3m[InstanceLoader] [39m[32mTypeOrmModule dependencies initialized[39m[38;5;3m +0ms[39m
[32m[Nest] 4061538  - [39m05/17/2026, 7:01:12 PM [32m    LOG[39m [38;5;3m[InstanceLoader] [39m[32mTypeOrmModule dependencies initialized[39m[38;5;3m +1ms[39m
[32m[Nest] 4061538  - [39m05/17/2026, 7:01:12 PM [32m    LOG[39m [38;5;3m[InstanceLoader] [39m[32mTypeOrmModule dependencies initialized[39m[38;5;3m +0ms[39m
[32m[Nest] 4061538  - [39m05/17/2026, 7:01:12 PM [32m    LOG[39m [38;5;3m[InstanceLoader] [39m[32mTypeOrmModule dependencies initialized[39m[38;5;3m +0ms[39m
[32m[Nest] 4061538  - [39m05/17/2026, 7:01:12 PM [32m    LOG[39m [38;5;3m[InstanceLoader] [39m[32mForecastModule dependencies initialized[39m[38;5;3m +0ms[39m
[32m[Nest] 4061538  - [39m05/17/2026, 7:01:12 PM [32m    LOG[39m [38;5;3m[InstanceLoader] [39m[32mUsersModule dependencies initialized[39m[38;5;3m +0ms[39m
[32m[Nest] 4061538  - [39m05/17/2026, 7:01:12 PM [32m    LOG[39m [38;5;3m[InstanceLoader] [39m[32mGoldModule dependencies initialized[39m[38;5;3m +1ms[39m
[32m[Nest] 4061538  - [39m05/17/2026, 7:01:12 PM [32m    LOG[39m [38;5;3m[InstanceLoader] [39m[32mAuthModule dependencies initialized[39m[38;5;3m +0ms[39m
[32m[Nest] 4061538  - [39m05/17/2026, 7:01:12 PM [32m    LOG[39m [38;5;3m[InstanceLoader] [39m[32mCategoriesModule dependencies initialized[39m[38;5;3m +1ms[39m
[32m[Nest] 4061538  - [39m05/17/2026, 7:01:12 PM [32m    LOG[39m [38;5;3m[InstanceLoader] [39m[32mLiabilitiesModule dependencies initialized[39m[38;5;3m +0ms[39m
[32m[Nest] 4061538  - [39m05/17/2026, 7:01:12 PM [32m    LOG[39m [38;5;3m[InstanceLoader] [39m[32mAssetsModule dependencies initialized[39m[38;5;3m +0ms[39m
[32m[Nest] 4061538  - [39m05/17/2026, 7:01:12 PM [32m    LOG[39m [38;5;3m[InstanceLoader] [39m[32mTransactionsModule dependencies initialized[39m[38;5;3m +0ms[39m
[32m[Nest] 4061538  - [39m05/17/2026, 7:01:13 PM [32m    LOG[39m [38;5;3m[RoutesResolver] [39m[32mAuthController {/api/auth}:[39m[38;5;3m +23ms[39m
[32m[Nest] 4061538  - [39m05/17/2026, 7:01:13 PM [32m    LOG[39m [38;5;3m[RouterExplorer] [39m[32mMapped {/api/auth/register, POST} route[39m[38;5;3m +4ms[39m
[32m[Nest] 4061538  - [39m05/17/2026, 7:01:13 PM [32m    LOG[39m [38;5;3m[RouterExplorer] [39m[32mMapped {/api/auth/login, POST} route[39m[38;5;3m +1ms[39m
[32m[Nest] 4061538  - [39m05/17/2026, 7:01:13 PM [32m    LOG[39m [38;5;3m[RouterExplorer] [39m[32mMapped {/api/auth/refresh, POST} route[39m[38;5;3m +0ms[39m
[32m[Nest] 4061538  - [39m05/17/2026, 7:01:13 PM [32m    LOG[39m [38;5;3m[RoutesResolver] [39m[32mGoldController {/api/gold}:[39m[38;5;3m +0ms[39m
[32m[Nest] 4061538  - [39m05/17/2026, 7:01:13 PM [32m    LOG[39m [38;5;3m[RouterExplorer] [39m[32mMapped {/api/gold/price, GET} route[39m[38;5;3m +1ms[39m
[32m[Nest] 4061538  - [39m05/17/2026, 7:01:13 PM [32m    LOG[39m [38;5;3m[RouterExplorer] [39m[32mMapped {/api/gold/history, GET} route[39m[38;5;3m +1ms[39m
[32m[Nest] 4061538  - [39m05/17/2026, 7:01:13 PM [32m    LOG[39m [38;5;3m[RoutesResolver] [39m[32mCategoriesController {/api/categories}:[39m[38;5;3m +0ms[39m
[32m[Nest] 4061538  - [39m05/17/2026, 7:01:13 PM [32m    LOG[39m [38;5;3m[RouterExplorer] [39m[32mMapped {/api/categories, GET} route[39m[38;5;3m +1ms[39m
[32m[Nest] 4061538  - [39m05/17/2026, 7:01:13 PM [32m    LOG[39m [38;5;3m[RouterExplorer] [39m[32mMapped {/api/categories, POST} route[39m[38;5;3m +0ms[39m
[32m[Nest] 4061538  - [39m05/17/2026, 7:01:13 PM [32m    LOG[39m [38;5;3m[RouterExplorer] [39m[32mMapped {/api/categories/:id, PATCH} route[39m[38;5;3m +1ms[39m
[32m[Nest] 4061538  - [39m05/17/2026, 7:01:13 PM [32m    LOG[39m [38;5;3m[RouterExplorer] [39m[32mMapped {/api/categories/:id, DELETE} route[39m[38;5;3m +1ms[39m
[32m[Nest] 4061538  - [39m05/17/2026, 7:01:13 PM [32m    LOG[39m [38;5;3m[RoutesResolver] [39m[32mAssetsController {/api/assets}:[39m[38;5;3m +0ms[39m
[32m[Nest] 4061538  - [39m05/17/2026, 7:01:13 PM [32m    LOG[39m [38;5;3m[RouterExplorer] [39m[32mMapped {/api/assets, GET} route[39m[38;5;3m +1ms[39m
[32m[Nest] 4061538  - [39m05/17/2026, 7:01:13 PM [32m    LOG[39m [38;5;3m[RouterExplorer] [39m[32mMapped {/api/assets/summary, GET} route[39m[38;5;3m +1ms[39m
[32m[Nest] 4061538  - [39m05/17/2026, 7:01:13 PM [32m    LOG[39m [38;5;3m[RouterExplorer] [39m[32mMapped {/api/assets, POST} route[39m[38;5;3m +0ms[39m
[32m[Nest] 4061538  - [39m05/17/2026, 7:01:13 PM [32m    LOG[39m [38;5;3m[RouterExplorer] [39m[32mMapped {/api/assets/:id, GET} route[39m[38;5;3m +0ms[39m
[32m[Nest] 4061538  - [39m05/17/2026, 7:01:13 PM [32m    LOG[39m [38;5;3m[RouterExplorer] [39m[32mMapped {/api/assets/:id, PATCH} route[39m[38;5;3m +1ms[39m
[32m[Nest] 4061538  - [39m05/17/2026, 7:01:13 PM [32m    LOG[39m [38;5;3m[RouterExplorer] [39m[32mMapped {/api/assets/:id, DELETE} route[39m[38;5;3m +0ms[39m
[32m[Nest] 4061538  - [39m05/17/2026, 7:01:13 PM [32m    LOG[39m [38;5;3m[RoutesResolver] [39m[32mLiabilitiesController {/api/liabilities}:[39m[38;5;3m +0ms[39m
[32m[Nest] 4061538  - [39m05/17/2026, 7:01:13 PM [32m    LOG[39m [38;5;3m[RouterExplorer] [39m[32mMapped {/api/liabilities, GET} route[39m[38;5;3m +1ms[39m
[32m[Nest] 4061538  - [39m05/17/2026, 7:01:13 PM [32m    LOG[39m [38;5;3m[RouterExplorer] [39m[32mMapped {/api/liabilities, POST} route[39m[38;5;3m +0ms[39m
[32m[Nest] 4061538  - [39m05/17/2026, 7:01:13 PM [32m    LOG[39m [38;5;3m[RouterExplorer] [39m[32mMapped {/api/liabilities/:id, GET} route[39m[38;5;3m +0ms[39m
[32m[Nest] 4061538  - [39m05/17/2026, 7:01:13 PM [32m    LOG[39m [38;5;3m[RouterExplorer] [39m[32mMapped {/api/liabilities/:id/schedule, GET} route[39m[38;5;3m +1ms[39m
[32m[Nest] 4061538  - [39m05/17/2026, 7:01:13 PM [32m    LOG[39m [38;5;3m[RouterExplorer] [39m[32mMapped {/api/liabilities/:id, PATCH} route[39m[38;5;3m +0ms[39m
[32m[Nest] 4061538  - [39m05/17/2026, 7:01:13 PM [32m    LOG[39m [38;5;3m[RouterExplorer] [39m[32mMapped {/api/liabilities/:id, DELETE} route[39m[38;5;3m +0ms[39m
[32m[Nest] 4061538  - [39m05/17/2026, 7:01:13 PM [32m    LOG[39m [38;5;3m[RoutesResolver] [39m[32mTransactionsController {/api/transactions}:[39m[38;5;3m +0ms[39m
[32m[Nest] 4061538  - [39m05/17/2026, 7:01:13 PM [32m    LOG[39m [38;5;3m[RouterExplorer] [39m[32mMapped {/api/transactions, GET} route[39m[38;5;3m +1ms[39m
[32m[Nest] 4061538  - [39m05/17/2026, 7:01:13 PM [32m    LOG[39m [38;5;3m[RouterExplorer] [39m[32mMapped {/api/transactions/summary, GET} route[39m[38;5;3m +0ms[39m
[32m[Nest] 4061538  - [39m05/17/2026, 7:01:13 PM [32m    LOG[39m [38;5;3m[RouterExplorer] [39m[32mMapped {/api/transactions, POST} route[39m[38;5;3m +0ms[39m
[32m[Nest] 4061538  - [39m05/17/2026, 7:01:13 PM [32m    LOG[39m [38;5;3m[RouterExplorer] [39m[32mMapped {/api/transactions/:id, GET} route[39m[38;5;3m +1ms[39m
[32m[Nest] 4061538  - [39m05/17/2026, 7:01:13 PM [32m    LOG[39m [38;5;3m[RouterExplorer] [39m[32mMapped {/api/transactions/:id, PATCH} route[39m[38;5;3m +0ms[39m
[32m[Nest] 4061538  - [39m05/17/2026, 7:01:13 PM [32m    LOG[39m [38;5;3m[RouterExplorer] [39m[32mMapped {/api/transactions/:id, DELETE} route[39m[38;5;3m +0ms[39m
[32m[Nest] 4061538  - [39m05/17/2026, 7:01:13 PM [32m    LOG[39m [38;5;3m[RoutesResolver] [39m[32mForecastController {/api/forecast}:[39m[38;5;3m +0ms[39m
[32m[Nest] 4061538  - [39m05/17/2026, 7:01:13 PM [32m    LOG[39m [38;5;3m[RouterExplorer] [39m[32mMapped {/api/forecast/wacr, GET} route[39m[38;5;3m +1ms[39m
[32m[Nest] 4061538  - [39m05/17/2026, 7:01:13 PM [32m    LOG[39m [38;5;3m[RouterExplorer] [39m[32mMapped {/api/forecast/cashflow, POST} route[39m[38;5;3m +0ms[39m
[32m[Nest] 4061538  - [39m05/17/2026, 7:01:13 PM [32m    LOG[39m [38;5;3m[NestApplication] [39m[32mNest application successfully started[39m[38;5;3m +24ms[39m
[2J[3J[H[[90m7:01:31 PM[0m] File change detected. Starting incremental compilation...

[96msrc/modules/gold/gold.service.ts[0m:[93m317[0m:[93m65[0m - [91merror[0m[90m TS2554: [0mExpected 1 arguments, but got 2.

[7m317[0m           newPrice = this.convertUSDPerOzToCNYPerGram(newPrice, exchangeRate ?? undefined);
[7m   [0m [91m                                                                ~~~~~~~~~~~~~~~~~~~~~~~~~[0m

[[90m7:01:32 PM[0m] Found 1 error. Watching for file changes.

[2J[3J[H[[90m7:01:41 PM[0m] File change detected. Starting incremental compilation...

[[90m7:01:41 PM[0m] Found 0 errors. Watching for file changes.

[32m[Nest] 4061578  - [39m05/17/2026, 7:01:42 PM [32m    LOG[39m [38;5;3m[NestFactory] [39m[32mStarting Nest application...[39m
[32m[Nest] 4061578  - [39m05/17/2026, 7:01:42 PM [32m    LOG[39m [38;5;3m[InstanceLoader] [39m[32mAppModule dependencies initialized[39m[38;5;3m +29ms[39m
[32m[Nest] 4061578  - [39m05/17/2026, 7:01:42 PM [32m    LOG[39m [38;5;3m[InstanceLoader] [39m[32mTypeOrmModule dependencies initialized[39m[38;5;3m +0ms[39m
[32m[Nest] 4061578  - [39m05/17/2026, 7:01:42 PM [32m    LOG[39m [38;5;3m[InstanceLoader] [39m[32mPassportModule dependencies initialized[39m[38;5;3m +0ms[39m
[32m[Nest] 4061578  - [39m05/17/2026, 7:01:42 PM [32m    LOG[39m [38;5;3m[InstanceLoader] [39m[32mConfigHostModule dependencies initialized[39m[38;5;3m +1ms[39m
[32m[Nest] 4061578  - [39m05/17/2026, 7:01:42 PM [32m    LOG[39m [38;5;3m[InstanceLoader] [39m[32mJwtModule dependencies initialized[39m[38;5;3m +1ms[39m
[32m[Nest] 4061578  - [39m05/17/2026, 7:01:42 PM [32m    LOG[39m [38;5;3m[InstanceLoader] [39m[32mDiscoveryModule dependencies initialized[39m[38;5;3m +0ms[39m
[32m[Nest] 4061578  - [39m05/17/2026, 7:01:43 PM [32m    LOG[39m [38;5;3m[InstanceLoader] [39m[32mConfigModule dependencies initialized[39m[38;5;3m +64ms[39m
[32m[Nest] 4061578  - [39m05/17/2026, 7:01:43 PM [32m    LOG[39m [38;5;3m[InstanceLoader] [39m[32mConfigModule dependencies initialized[39m[38;5;3m +0ms[39m
[32m[Nest] 4061578  - [39m05/17/2026, 7:01:43 PM [32m    LOG[39m [38;5;3m[InstanceLoader] [39m[32mScheduleModule dependencies initialized[39m[38;5;3m +0ms[39m
[32m[Nest] 4061578  - [39m05/17/2026, 7:01:43 PM [32m    LOG[39m [38;5;3m[InstanceLoader] [39m[32mEncryptionModule dependencies initialized[39m[38;5;3m +9ms[39m
[32m[Nest] 4061578  - [39m05/17/2026, 7:01:43 PM [32m    LOG[39m [38;5;3m[InstanceLoader] [39m[32mStockModule dependencies initialized[39m[38;5;3m +0ms[39m
[32m[Nest] 4061578  - [39m05/17/2026, 7:01:43 PM [32m    LOG[39m [38;5;3m[InstanceLoader] [39m[32mThrottlerModule dependencies initialized[39m[38;5;3m +0ms[39m
[32m[Nest] 4061578  - [39m05/17/2026, 7:01:43 PM [32m    LOG[39m [38;5;3m[InstanceLoader] [39m[32mTypeOrmCoreModule dependencies initialized[39m[38;5;3m +69ms[39m
[32m[Nest] 4061578  - [39m05/17/2026, 7:01:43 PM [32m    LOG[39m [38;5;3m[InstanceLoader] [39m[32mTypeOrmModule dependencies initialized[39m[38;5;3m +0ms[39m
[32m[Nest] 4061578  - [39m05/17/2026, 7:01:43 PM [32m    LOG[39m [38;5;3m[InstanceLoader] [39m[32mTypeOrmModule dependencies initialized[39m[38;5;3m +0ms[39m
[32m[Nest] 4061578  - [39m05/17/2026, 7:01:43 PM [32m    LOG[39m [38;5;3m[InstanceLoader] [39m[32mTypeOrmModule dependencies initialized[39m[38;5;3m +0ms[39m
[32m[Nest] 4061578  - [39m05/17/2026, 7:01:43 PM [32m    LOG[39m [38;5;3m[InstanceLoader] [39m[32mTypeOrmModule dependencies initialized[39m[38;5;3m +0ms[39m
[32m[Nest] 4061578  - [39m05/17/2026, 7:01:43 PM [32m    LOG[39m [38;5;3m[InstanceLoader] [39m[32mTypeOrmModule dependencies initialized[39m[38;5;3m +0ms[39m
[32m[Nest] 4061578  - [39m05/17/2026, 7:01:43 PM [32m    LOG[39m [38;5;3m[InstanceLoader] [39m[32mTypeOrmModule dependencies initialized[39m[38;5;3m +0ms[39m
[32m[Nest] 4061578  - [39m05/17/2026, 7:01:43 PM [32m    LOG[39m [38;5;3m[InstanceLoader] [39m[32mTypeOrmModule dependencies initialized[39m[38;5;3m +1ms[39m
[32m[Nest] 4061578  - [39m05/17/2026, 7:01:43 PM [32m    LOG[39m [38;5;3m[InstanceLoader] [39m[32mForecastModule dependencies initialized[39m[38;5;3m +0ms[39m
[32m[Nest] 4061578  - [39m05/17/2026, 7:01:43 PM [32m    LOG[39m [38;5;3m[InstanceLoader] [39m[32mUsersModule dependencies initialized[39m[38;5;3m +0ms[39m
[32m[Nest] 4061578  - [39m05/17/2026, 7:01:43 PM [32m    LOG[39m [38;5;3m[InstanceLoader] [39m[32mGoldModule dependencies initialized[39m[38;5;3m +1ms[39m
[32m[Nest] 4061578  - [39m05/17/2026, 7:01:43 PM [32m    LOG[39m [38;5;3m[InstanceLoader] [39m[32mAuthModule dependencies initialized[39m[38;5;3m +0ms[39m
[32m[Nest] 4061578  - [39m05/17/2026, 7:01:43 PM [32m    LOG[39m [38;5;3m[InstanceLoader] [39m[32mCategoriesModule dependencies initialized[39m[38;5;3m +1ms[39m
[32m[Nest] 4061578  - [39m05/17/2026, 7:01:43 PM [32m    LOG[39m [38;5;3m[InstanceLoader] [39m[32mLiabilitiesModule dependencies initialized[39m[38;5;3m +0ms[39m
[32m[Nest] 4061578  - [39m05/17/2026, 7:01:43 PM [32m    LOG[39m [38;5;3m[InstanceLoader] [39m[32mAssetsModule dependencies initialized[39m[38;5;3m +0ms[39m
[32m[Nest] 4061578  - [39m05/17/2026, 7:01:43 PM [32m    LOG[39m [38;5;3m[InstanceLoader] [39m[32mTransactionsModule dependencies initialized[39m[38;5;3m +0ms[39m
[32m[Nest] 4061578  - [39m05/17/2026, 7:01:43 PM [32m    LOG[39m [38;5;3m[RoutesResolver] [39m[32mAuthController {/api/auth}:[39m[38;5;3m +23ms[39m
[32m[Nest] 4061578  - [39m05/17/2026, 7:01:43 PM [32m    LOG[39m [38;5;3m[RouterExplorer] [39m[32mMapped {/api/auth/register, POST} route[39m[38;5;3m +4ms[39m
[32m[Nest] 4061578  - [39m05/17/2026, 7:01:43 PM [32m    LOG[39m [38;5;3m[RouterExplorer] [39m[32mMapped {/api/auth/login, POST} route[39m[38;5;3m +1ms[39m
[32m[Nest] 4061578  - [39m05/17/2026, 7:01:43 PM [32m    LOG[39m [38;5;3m[RouterExplorer] [39m[32mMapped {/api/auth/refresh, POST} route[39m[38;5;3m +0ms[39m
[32m[Nest] 4061578  - [39m05/17/2026, 7:01:43 PM [32m    LOG[39m [38;5;3m[RoutesResolver] [39m[32mGoldController {/api/gold}:[39m[38;5;3m +0ms[39m
[32m[Nest] 4061578  - [39m05/17/2026, 7:01:43 PM [32m    LOG[39m [38;5;3m[RouterExplorer] [39m[32mMapped {/api/gold/price, GET} route[39m[38;5;3m +1ms[39m
[32m[Nest] 4061578  - [39m05/17/2026, 7:01:43 PM [32m    LOG[39m [38;5;3m[RouterExplorer] [39m[32mMapped {/api/gold/history, GET} route[39m[38;5;3m +0ms[39m
[32m[Nest] 4061578  - [39m05/17/2026, 7:01:43 PM [32m    LOG[39m [38;5;3m[RoutesResolver] [39m[32mCategoriesController {/api/categories}:[39m[38;5;3m +0ms[39m
[32m[Nest] 4061578  - [39m05/17/2026, 7:01:43 PM [32m    LOG[39m [38;5;3m[RouterExplorer] [39m[32mMapped {/api/categories, GET} route[39m[38;5;3m +1ms[39m
[32m[Nest] 4061578  - [39m05/17/2026, 7:01:43 PM [32m    LOG[39m [38;5;3m[RouterExplorer] [39m[32mMapped {/api/categories, POST} route[39m[38;5;3m +1ms[39m
[32m[Nest] 4061578  - [39m05/17/2026, 7:01:43 PM [32m    LOG[39m [38;5;3m[RouterExplorer] [39m[32mMapped {/api/categories/:id, PATCH} route[39m[38;5;3m +1ms[39m
[32m[Nest] 4061578  - [39m05/17/2026, 7:01:43 PM [32m    LOG[39m [38;5;3m[RouterExplorer] [39m[32mMapped {/api/categories/:id, DELETE} route[39m[38;5;3m +0ms[39m
[32m[Nest] 4061578  - [39m05/17/2026, 7:01:43 PM [32m    LOG[39m [38;5;3m[RoutesResolver] [39m[32mAssetsController {/api/assets}:[39m[38;5;3m +1ms[39m
[32m[Nest] 4061578  - [39m05/17/2026, 7:01:43 PM [32m    LOG[39m [38;5;3m[RouterExplorer] [39m[32mMapped {/api/assets, GET} route[39m[38;5;3m +0ms[39m
[32m[Nest] 4061578  - [39m05/17/2026, 7:01:43 PM [32m    LOG[39m [38;5;3m[RouterExplorer] [39m[32mMapped {/api/assets/summary, GET} route[39m[38;5;3m +1ms[39m
[32m[Nest] 4061578  - [39m05/17/2026, 7:01:43 PM [32m    LOG[39m [38;5;3m[RouterExplorer] [39m[32mMapped {/api/assets, POST} route[39m[38;5;3m +0ms[39m
[32m[Nest] 4061578  - [39m05/17/2026, 7:01:43 PM [32m    LOG[39m [38;5;3m[RouterExplorer] [39m[32mMapped {/api/assets/:id, GET} route[39m[38;5;3m +0ms[39m
[32m[Nest] 4061578  - [39m05/17/2026, 7:01:43 PM [32m    LOG[39m [38;5;3m[RouterExplorer] [39m[32mMapped {/api/assets/:id, PATCH} route[39m[38;5;3m +1ms[39m
[32m[Nest] 4061578  - [39m05/17/2026, 7:01:43 PM [32m    LOG[39m [38;5;3m[RouterExplorer] [39m[32mMapped {/api/assets/:id, DELETE} route[39m[38;5;3m +0ms[39m
[32m[Nest] 4061578  - [39m05/17/2026, 7:01:43 PM [32m    LOG[39m [38;5;3m[RoutesResolver] [39m[32mLiabilitiesController {/api/liabilities}:[39m[38;5;3m +0ms[39m
[32m[Nest] 4061578  - [39m05/17/2026, 7:01:43 PM [32m    LOG[39m [38;5;3m[RouterExplorer] [39m[32mMapped {/api/liabilities, GET} route[39m[38;5;3m +1ms[39m
[32m[Nest] 4061578  - [39m05/17/2026, 7:01:43 PM [32m    LOG[39m [38;5;3m[RouterExplorer] [39m[32mMapped {/api/liabilities, POST} route[39m[38;5;3m +0ms[39m
[32m[Nest] 4061578  - [39m05/17/2026, 7:01:43 PM [32m    LOG[39m [38;5;3m[RouterExplorer] [39m[32mMapped {/api/liabilities/:id, GET} route[39m[38;5;3m +0ms[39m
[32m[Nest] 4061578  - [39m05/17/2026, 7:01:43 PM [32m    LOG[39m [38;5;3m[RouterExplorer] [39m[32mMapped {/api/liabilities/:id/schedule, GET} route[39m[38;5;3m +0ms[39m
[32m[Nest] 4061578  - [39m05/17/2026, 7:01:43 PM [32m    LOG[39m [38;5;3m[RouterExplorer] [39m[32mMapped {/api/liabilities/:id, PATCH} route[39m[38;5;3m +1ms[39m
[32m[Nest] 4061578  - [39m05/17/2026, 7:01:43 PM [32m    LOG[39m [38;5;3m[RouterExplorer] [39m[32mMapped {/api/liabilities/:id, DELETE} route[39m[38;5;3m +0ms[39m
[32m[Nest] 4061578  - [39m05/17/2026, 7:01:43 PM [32m    LOG[39m [38;5;3m[RoutesResolver] [39m[32mTransactionsController {/api/transactions}:[39m[38;5;3m +0ms[39m
[32m[Nest] 4061578  - [39m05/17/2026, 7:01:43 PM [32m    LOG[39m [38;5;3m[RouterExplorer] [39m[32mMapped {/api/transactions, GET} route[39m[38;5;3m +0ms[39m
[32m[Nest] 4061578  - [39m05/17/2026, 7:01:43 PM [32m    LOG[39m [38;5;3m[RouterExplorer] [39m[32mMapped {/api/transactions/summary, GET} route[39m[38;5;3m +1ms[39m
[32m[Nest] 4061578  - [39m05/17/2026, 7:01:43 PM [32m    LOG[39m [38;5;3m[RouterExplorer] [39m[32mMapped {/api/transactions, POST} route[39m[38;5;3m +0ms[39m
[32m[Nest] 4061578  - [39m05/17/2026, 7:01:43 PM [32m    LOG[39m [38;5;3m[RouterExplorer] [39m[32mMapped {/api/transactions/:id, GET} route[39m[38;5;3m +0ms[39m
[32m[Nest] 4061578  - [39m05/17/2026, 7:01:43 PM [32m    LOG[39m [38;5;3m[RouterExplorer] [39m[32mMapped {/api/transactions/:id, PATCH} route[39m[38;5;3m +0ms[39m
[32m[Nest] 4061578  - [39m05/17/2026, 7:01:43 PM [32m    LOG[39m [38;5;3m[RouterExplorer] [39m[32mMapped {/api/transactions/:id, DELETE} route[39m[38;5;3m +1ms[39m
[32m[Nest] 4061578  - [39m05/17/2026, 7:01:43 PM [32m    LOG[39m [38;5;3m[RoutesResolver] [39m[32mForecastController {/api/forecast}:[39m[38;5;3m +0ms[39m
[32m[Nest] 4061578  - [39m05/17/2026, 7:01:43 PM [32m    LOG[39m [38;5;3m[RouterExplorer] [39m[32mMapped {/api/forecast/wacr, GET} route[39m[38;5;3m +0ms[39m
[32m[Nest] 4061578  - [39m05/17/2026, 7:01:43 PM [32m    LOG[39m [38;5;3m[RouterExplorer] [39m[32mMapped {/api/forecast/cashflow, POST} route[39m[38;5;3m +0ms[39m
[32m[Nest] 4061578  - [39m05/17/2026, 7:01:43 PM [32m    LOG[39m [38;5;3m[NestApplication] [39m[32mNest application successfully started[39m[38;5;3m +36ms[39m
[2J[3J[H[[90m7:04:30 PM[0m] File change detected. Starting incremental compilation...

[[90m7:04:31 PM[0m] Found 0 errors. Watching for file changes.

[32m[Nest] 4061752  - [39m05/17/2026, 7:04:32 PM [32m    LOG[39m [38;5;3m[NestFactory] [39m[32mStarting Nest application...[39m
[32m[Nest] 4061752  - [39m05/17/2026, 7:04:32 PM [32m    LOG[39m [38;5;3m[InstanceLoader] [39m[32mAppModule dependencies initialized[39m[38;5;3m +33ms[39m
[32m[Nest] 4061752  - [39m05/17/2026, 7:04:32 PM [32m    LOG[39m [38;5;3m[InstanceLoader] [39m[32mTypeOrmModule dependencies initialized[39m[38;5;3m +0ms[39m
[32m[Nest] 4061752  - [39m05/17/2026, 7:04:32 PM [32m    LOG[39m [38;5;3m[InstanceLoader] [39m[32mPassportModule dependencies initialized[39m[38;5;3m +0ms[39m
[32m[Nest] 4061752  - [39m05/17/2026, 7:04:32 PM [32m    LOG[39m [38;5;3m[InstanceLoader] [39m[32mConfigHostModule dependencies initialized[39m[38;5;3m +1ms[39m
[32m[Nest] 4061752  - [39m05/17/2026, 7:04:32 PM [32m    LOG[39m [38;5;3m[InstanceLoader] [39m[32mJwtModule dependencies initialized[39m[38;5;3m +0ms[39m
[32m[Nest] 4061752  - [39m05/17/2026, 7:04:32 PM [32m    LOG[39m [38;5;3m[InstanceLoader] [39m[32mDiscoveryModule dependencies initialized[39m[38;5;3m +1ms[39m
[32m[Nest] 4061752  - [39m05/17/2026, 7:04:32 PM [32m    LOG[39m [38;5;3m[InstanceLoader] [39m[32mConfigModule dependencies initialized[39m[38;5;3m +65ms[39m
[32m[Nest] 4061752  - [39m05/17/2026, 7:04:32 PM [32m    LOG[39m [38;5;3m[InstanceLoader] [39m[32mConfigModule dependencies initialized[39m[38;5;3m +0ms[39m
[32m[Nest] 4061752  - [39m05/17/2026, 7:04:32 PM [32m    LOG[39m [38;5;3m[InstanceLoader] [39m[32mScheduleModule dependencies initialized[39m[38;5;3m +0ms[39m
[32m[Nest] 4061752  - [39m05/17/2026, 7:04:32 PM [32m    LOG[39m [38;5;3m[InstanceLoader] [39m[32mEncryptionModule dependencies initialized[39m[38;5;3m +9ms[39m
[32m[Nest] 4061752  - [39m05/17/2026, 7:04:32 PM [32m    LOG[39m [38;5;3m[InstanceLoader] [39m[32mStockModule dependencies initialized[39m[38;5;3m +1ms[39m
[32m[Nest] 4061752  - [39m05/17/2026, 7:04:32 PM [32m    LOG[39m [38;5;3m[InstanceLoader] [39m[32mThrottlerModule dependencies initialized[39m[38;5;3m +0ms[39m
[32m[Nest] 4061752  - [39m05/17/2026, 7:04:32 PM [32m    LOG[39m [38;5;3m[InstanceLoader] [39m[32mTypeOrmCoreModule dependencies initialized[39m[38;5;3m +62ms[39m
[32m[Nest] 4061752  - [39m05/17/2026, 7:04:32 PM [32m    LOG[39m [38;5;3m[InstanceLoader] [39m[32mTypeOrmModule dependencies initialized[39m[38;5;3m +0ms[39m
[32m[Nest] 4061752  - [39m05/17/2026, 7:04:32 PM [32m    LOG[39m [38;5;3m[InstanceLoader] [39m[32mTypeOrmModule dependencies initialized[39m[38;5;3m +0ms[39m
[32m[Nest] 4061752  - [39m05/17/2026, 7:04:32 PM [32m    LOG[39m [38;5;3m[InstanceLoader] [39m[32mTypeOrmModule dependencies initialized[39m[38;5;3m +1ms[39m
[32m[Nest] 4061752  - [39m05/17/2026, 7:04:32 PM [32m    LOG[39m [38;5;3m[InstanceLoader] [39m[32mTypeOrmModule dependencies initialized[39m[38;5;3m +0ms[39m
[32m[Nest] 4061752  - [39m05/17/2026, 7:04:32 PM [32m    LOG[39m [38;5;3m[InstanceLoader] [39m[32mTypeOrmModule dependencies initialized[39m[38;5;3m +0ms[39m
[32m[Nest] 4061752  - [39m05/17/2026, 7:04:32 PM [32m    LOG[39m [38;5;3m[InstanceLoader] [39m[32mTypeOrmModule dependencies initialized[39m[38;5;3m +0ms[39m
[32m[Nest] 4061752  - [39m05/17/2026, 7:04:32 PM [32m    LOG[39m [38;5;3m[InstanceLoader] [39m[32mTypeOrmModule dependencies initialized[39m[38;5;3m +0ms[39m
[32m[Nest] 4061752  - [39m05/17/2026, 7:04:32 PM [32m    LOG[39m [38;5;3m[InstanceLoader] [39m[32mForecastModule dependencies initialized[39m[38;5;3m +0ms[39m
[32m[Nest] 4061752  - [39m05/17/2026, 7:04:32 PM [32m    LOG[39m [38;5;3m[InstanceLoader] [39m[32mUsersModule dependencies initialized[39m[38;5;3m +1ms[39m
[32m[Nest] 4061752  - [39m05/17/2026, 7:04:32 PM [32m    LOG[39m [38;5;3m[InstanceLoader] [39m[32mGoldModule dependencies initialized[39m[38;5;3m +0ms[39m
[32m[Nest] 4061752  - [39m05/17/2026, 7:04:32 PM [32m    LOG[39m [38;5;3m[InstanceLoader] [39m[32mAuthModule dependencies initialized[39m[38;5;3m +1ms[39m
[32m[Nest] 4061752  - [39m05/17/2026, 7:04:32 PM [32m    LOG[39m [38;5;3m[InstanceLoader] [39m[32mCategoriesModule dependencies initialized[39m[38;5;3m +0ms[39m
[32m[Nest] 4061752  - [39m05/17/2026, 7:04:32 PM [32m    LOG[39m [38;5;3m[InstanceLoader] [39m[32mLiabilitiesModule dependencies initialized[39m[38;5;3m +0ms[39m
[32m[Nest] 4061752  - [39m05/17/2026, 7:04:32 PM [32m    LOG[39m [38;5;3m[InstanceLoader] [39m[32mAssetsModule dependencies initialized[39m[38;5;3m +0ms[39m
[32m[Nest] 4061752  - [39m05/17/2026, 7:04:32 PM [32m    LOG[39m [38;5;3m[InstanceLoader] [39m[32mTransactionsModule dependencies initialized[39m[38;5;3m +1ms[39m
[32m[Nest] 4061752  - [39m05/17/2026, 7:04:32 PM [32m    LOG[39m [38;5;3m[RoutesResolver] [39m[32mAuthController {/api/auth}:[39m[38;5;3m +22ms[39m
[32m[Nest] 4061752  - [39m05/17/2026, 7:04:32 PM [32m    LOG[39m [38;5;3m[RouterExplorer] [39m[32mMapped {/api/auth/register, POST} route[39m[38;5;3m +4ms[39m
[32m[Nest] 4061752  - [39m05/17/2026, 7:04:32 PM [32m    LOG[39m [38;5;3m[RouterExplorer] [39m[32mMapped {/api/auth/login, POST} route[39m[38;5;3m +1ms[39m
[32m[Nest] 4061752  - [39m05/17/2026, 7:04:32 PM [32m    LOG[39m [38;5;3m[RouterExplorer] [39m[32mMapped {/api/auth/refresh, POST} route[39m[38;5;3m +0ms[39m
[32m[Nest] 4061752  - [39m05/17/2026, 7:04:32 PM [32m    LOG[39m [38;5;3m[RoutesResolver] [39m[32mGoldController {/api/gold}:[39m[38;5;3m +0ms[39m
[32m[Nest] 4061752  - [39m05/17/2026, 7:04:32 PM [32m    LOG[39m [38;5;3m[RouterExplorer] [39m[32mMapped {/api/gold/price, GET} route[39m[38;5;3m +1ms[39m
[32m[Nest] 4061752  - [39m05/17/2026, 7:04:32 PM [32m    LOG[39m [38;5;3m[RouterExplorer] [39m[32mMapped {/api/gold/history, GET} route[39m[38;5;3m +1ms[39m
[32m[Nest] 4061752  - [39m05/17/2026, 7:04:32 PM [32m    LOG[39m [38;5;3m[RoutesResolver] [39m[32mCategoriesController {/api/categories}:[39m[38;5;3m +0ms[39m
[32m[Nest] 4061752  - [39m05/17/2026, 7:04:32 PM [32m    LOG[39m [38;5;3m[RouterExplorer] [39m[32mMapped {/api/categories, GET} route[39m[38;5;3m +0ms[39m
[32m[Nest] 4061752  - [39m05/17/2026, 7:04:32 PM [32m    LOG[39m [38;5;3m[RouterExplorer] [39m[32mMapped {/api/categories, POST} route[39m[38;5;3m +1ms[39m
[32m[Nest] 4061752  - [39m05/17/2026, 7:04:32 PM [32m    LOG[39m [38;5;3m[RouterExplorer] [39m[32mMapped {/api/categories/:id, PATCH} route[39m[38;5;3m +1ms[39m
[32m[Nest] 4061752  - [39m05/17/2026, 7:04:32 PM [32m    LOG[39m [38;5;3m[RouterExplorer] [39m[32mMapped {/api/categories/:id, DELETE} route[39m[38;5;3m +1ms[39m
[32m[Nest] 4061752  - [39m05/17/2026, 7:04:32 PM [32m    LOG[39m [38;5;3m[RoutesResolver] [39m[32mAssetsController {/api/assets}:[39m[38;5;3m +0ms[39m
[32m[Nest] 4061752  - [39m05/17/2026, 7:04:32 PM [32m    LOG[39m [38;5;3m[RouterExplorer] [39m[32mMapped {/api/assets, GET} route[39m[38;5;3m +1ms[39m
[32m[Nest] 4061752  - [39m05/17/2026, 7:04:32 PM [32m    LOG[39m [38;5;3m[RouterExplorer] [39m[32mMapped {/api/assets/summary, GET} route[39m[38;5;3m +0ms[39m
[32m[Nest] 4061752  - [39m05/17/2026, 7:04:32 PM [32m    LOG[39m [38;5;3m[RouterExplorer] [39m[32mMapped {/api/assets, POST} route[39m[38;5;3m +0ms[39m
[32m[Nest] 4061752  - [39m05/17/2026, 7:04:32 PM [32m    LOG[39m [38;5;3m[RouterExplorer] [39m[32mMapped {/api/assets/:id, GET} route[39m[38;5;3m +1ms[39m
[32m[Nest] 4061752  - [39m05/17/2026, 7:04:32 PM [32m    LOG[39m [38;5;3m[RouterExplorer] [39m[32mMapped {/api/assets/:id, PATCH} route[39m[38;5;3m +0ms[39m
[32m[Nest] 4061752  - [39m05/17/2026, 7:04:32 PM [32m    LOG[39m [38;5;3m[RouterExplorer] [39m[32mMapped {/api/assets/:id, DELETE} route[39m[38;5;3m +0ms[39m
[32m[Nest] 4061752  - [39m05/17/2026, 7:04:32 PM [32m    LOG[39m [38;5;3m[RoutesResolver] [39m[32mLiabilitiesController {/api/liabilities}:[39m[38;5;3m +1ms[39m
[32m[Nest] 4061752  - [39m05/17/2026, 7:04:32 PM [32m    LOG[39m [38;5;3m[RouterExplorer] [39m[32mMapped {/api/liabilities, GET} route[39m[38;5;3m +0ms[39m
[32m[Nest] 4061752  - [39m05/17/2026, 7:04:32 PM [32m    LOG[39m [38;5;3m[RouterExplorer] [39m[32mMapped {/api/liabilities, POST} route[39m[38;5;3m +0ms[39m
[32m[Nest] 4061752  - [39m05/17/2026, 7:04:32 PM [32m    LOG[39m [38;5;3m[RouterExplorer] [39m[32mMapped {/api/liabilities/:id, GET} route[39m[38;5;3m +1ms[39m
[32m[Nest] 4061752  - [39m05/17/2026, 7:04:32 PM [32m    LOG[39m [38;5;3m[RouterExplorer] [39m[32mMapped {/api/liabilities/:id/schedule, GET} route[39m[38;5;3m +0ms[39m
[32m[Nest] 4061752  - [39m05/17/2026, 7:04:32 PM [32m    LOG[39m [38;5;3m[RouterExplorer] [39m[32mMapped {/api/liabilities/:id, PATCH} route[39m[38;5;3m +0ms[39m
[32m[Nest] 4061752  - [39m05/17/2026, 7:04:32 PM [32m    LOG[39m [38;5;3m[RouterExplorer] [39m[32mMapped {/api/liabilities/:id, DELETE} route[39m[38;5;3m +0ms[39m
[32m[Nest] 4061752  - [39m05/17/2026, 7:04:32 PM [32m    LOG[39m [38;5;3m[RoutesResolver] [39m[32mTransactionsController {/api/transactions}:[39m[38;5;3m +1ms[39m
[32m[Nest] 4061752  - [39m05/17/2026, 7:04:32 PM [32m    LOG[39m [38;5;3m[RouterExplorer] [39m[32mMapped {/api/transactions, GET} route[39m[38;5;3m +0ms[39m
[32m[Nest] 4061752  - [39m05/17/2026, 7:04:32 PM [32m    LOG[39m [38;5;3m[RouterExplorer] [39m[32mMapped {/api/transactions/summary, GET} route[39m[38;5;3m +0ms[39m
[32m[Nest] 4061752  - [39m05/17/2026, 7:04:32 PM [32m    LOG[39m [38;5;3m[RouterExplorer] [39m[32mMapped {/api/transactions, POST} route[39m[38;5;3m +0ms[39m
[32m[Nest] 4061752  - [39m05/17/2026, 7:04:32 PM [32m    LOG[39m [38;5;3m[RouterExplorer] [39m[32mMapped {/api/transactions/:id, GET} route[39m[38;5;3m +1ms[39m
[32m[Nest] 4061752  - [39m05/17/2026, 7:04:32 PM [32m    LOG[39m [38;5;3m[RouterExplorer] [39m[32mMapped {/api/transactions/:id, PATCH} route[39m[38;5;3m +0ms[39m
[32m[Nest] 4061752  - [39m05/17/2026, 7:04:32 PM [32m    LOG[39m [38;5;3m[RouterExplorer] [39m[32mMapped {/api/transactions/:id, DELETE} route[39m[38;5;3m +0ms[39m
[32m[Nest] 4061752  - [39m05/17/2026, 7:04:32 PM [32m    LOG[39m [38;5;3m[RoutesResolver] [39m[32mForecastController {/api/forecast}:[39m[38;5;3m +0ms[39m
[32m[Nest] 4061752  - [39m05/17/2026, 7:04:32 PM [32m    LOG[39m [38;5;3m[RouterExplorer] [39m[32mMapped {/api/forecast/wacr, GET} route[39m[38;5;3m +0ms[39m
[32m[Nest] 4061752  - [39m05/17/2026, 7:04:32 PM [32m    LOG[39m [38;5;3m[RouterExplorer] [39m[32mMapped {/api/forecast/cashflow, POST} route[39m[38;5;3m +1ms[39m
[32m[Nest] 4061752  - [39m05/17/2026, 7:04:32 PM [32m    LOG[39m [38;5;3m[NestApplication] [39m[32mNest application successfully started[39m[38;5;3m +33ms[39m
[32m[Nest] 4061752  - [39m05/17/2026, 7:40:12 PM [32m    LOG[39m [38;5;3m[GoldService] [39m[32mUsing real-time exchange rate: 6.814[39m
[95m[Nest] 4061752  - [39m05/17/2026, 7:40:13 PM [95m  DEBUG[39m [38;5;3m[GoldService] [39m[95mSina ETF raw: var hq_str_sh518880="�ƽ�ETF����,9.645,9.795,9.554,9.659,9.532,9.553,9.554,649877683,6233847911.000,40100,9.553,165700,9.552,301900,9.551,445000,9.550,157100,9.549,2420800,9.554,156900,9.555,48800,9.55[39m
[32m[Nest] 4061752  - [39m05/17/2026, 7:40:13 PM [32m    LOG[39m [38;5;3m[GoldService] [39m[32mGold price from sina_gold_etf: 964.5 CNY/g[39m
[2J[3J[H[[90m7:41:34 PM[0m] File change detected. Starting incremental compilation...

[[90m7:41:35 PM[0m] Found 0 errors. Watching for file changes.

[32m[Nest] 4063589  - [39m05/17/2026, 7:41:36 PM [32m    LOG[39m [38;5;3m[NestFactory] [39m[32mStarting Nest application...[39m
[32m[Nest] 4063589  - [39m05/17/2026, 7:41:36 PM [32m    LOG[39m [38;5;3m[InstanceLoader] [39m[32mAppModule dependencies initialized[39m[38;5;3m +29ms[39m
[32m[Nest] 4063589  - [39m05/17/2026, 7:41:36 PM [32m    LOG[39m [38;5;3m[InstanceLoader] [39m[32mTypeOrmModule dependencies initialized[39m[38;5;3m +0ms[39m
[32m[Nest] 4063589  - [39m05/17/2026, 7:41:36 PM [32m    LOG[39m [38;5;3m[InstanceLoader] [39m[32mPassportModule dependencies initialized[39m[38;5;3m +0ms[39m
[32m[Nest] 4063589  - [39m05/17/2026, 7:41:36 PM [32m    LOG[39m [38;5;3m[InstanceLoader] [39m[32mConfigHostModule dependencies initialized[39m[38;5;3m +1ms[39m
[32m[Nest] 4063589  - [39m05/17/2026, 7:41:36 PM [32m    LOG[39m [38;5;3m[InstanceLoader] [39m[32mJwtModule dependencies initialized[39m[38;5;3m +0ms[39m
[32m[Nest] 4063589  - [39m05/17/2026, 7:41:36 PM [32m    LOG[39m [38;5;3m[InstanceLoader] [39m[32mDiscoveryModule dependencies initialized[39m[38;5;3m +0ms[39m
[32m[Nest] 4063589  - [39m05/17/2026, 7:41:36 PM [32m    LOG[39m [38;5;3m[InstanceLoader] [39m[32mConfigModule dependencies initialized[39m[38;5;3m +66ms[39m
[32m[Nest] 4063589  - [39m05/17/2026, 7:41:36 PM [32m    LOG[39m [38;5;3m[InstanceLoader] [39m[32mConfigModule dependencies initialized[39m[38;5;3m +0ms[39m
[32m[Nest] 4063589  - [39m05/17/2026, 7:41:36 PM [32m    LOG[39m [38;5;3m[InstanceLoader] [39m[32mScheduleModule dependencies initialized[39m[38;5;3m +1ms[39m
[32m[Nest] 4063589  - [39m05/17/2026, 7:41:36 PM [32m    LOG[39m [38;5;3m[InstanceLoader] [39m[32mEncryptionModule dependencies initialized[39m[38;5;3m +7ms[39m
[32m[Nest] 4063589  - [39m05/17/2026, 7:41:36 PM [32m    LOG[39m [38;5;3m[InstanceLoader] [39m[32mStockModule dependencies initialized[39m[38;5;3m +0ms[39m
[32m[Nest] 4063589  - [39m05/17/2026, 7:41:36 PM [32m    LOG[39m [38;5;3m[InstanceLoader] [39m[32mThrottlerModule dependencies initialized[39m[38;5;3m +0ms[39m
[32m[Nest] 4063589  - [39m05/17/2026, 7:41:36 PM [32m    LOG[39m [38;5;3m[InstanceLoader] [39m[32mTypeOrmCoreModule dependencies initialized[39m[38;5;3m +65ms[39m
[32m[Nest] 4063589  - [39m05/17/2026, 7:41:36 PM [32m    LOG[39m [38;5;3m[InstanceLoader] [39m[32mTypeOrmModule dependencies initialized[39m[38;5;3m +1ms[39m
[32m[Nest] 4063589  - [39m05/17/2026, 7:41:36 PM [32m    LOG[39m [38;5;3m[InstanceLoader] [39m[32mTypeOrmModule dependencies initialized[39m[38;5;3m +0ms[39m
[32m[Nest] 4063589  - [39m05/17/2026, 7:41:36 PM [32m    LOG[39m [38;5;3m[InstanceLoader] [39m[32mTypeOrmModule dependencies initialized[39m[38;5;3m +0ms[39m
[32m[Nest] 4063589  - [39m05/17/2026, 7:41:36 PM [32m    LOG[39m [38;5;3m[InstanceLoader] [39m[32mTypeOrmModule dependencies initialized[39m[38;5;3m +0ms[39m
[32m[Nest] 4063589  - [39m05/17/2026, 7:41:36 PM [32m    LOG[39m [38;5;3m[InstanceLoader] [39m[32mTypeOrmModule dependencies initialized[39m[38;5;3m +0ms[39m
[32m[Nest] 4063589  - [39m05/17/2026, 7:41:36 PM [32m    LOG[39m [38;5;3m[InstanceLoader] [39m[32mTypeOrmModule dependencies initialized[39m[38;5;3m +0ms[39m
[32m[Nest] 4063589  - [39m05/17/2026, 7:41:36 PM [32m    LOG[39m [38;5;3m[InstanceLoader] [39m[32mTypeOrmModule dependencies initialized[39m[38;5;3m +0ms[39m
[32m[Nest] 4063589  - [39m05/17/2026, 7:41:36 PM [32m    LOG[39m [38;5;3m[InstanceLoader] [39m[32mForecastModule dependencies initialized[39m[38;5;3m +1ms[39m
[32m[Nest] 4063589  - [39m05/17/2026, 7:41:36 PM [32m    LOG[39m [38;5;3m[InstanceLoader] [39m[32mUsersModule dependencies initialized[39m[38;5;3m +0ms[39m
[32m[Nest] 4063589  - [39m05/17/2026, 7:41:36 PM [32m    LOG[39m [38;5;3m[InstanceLoader] [39m[32mGoldModule dependencies initialized[39m[38;5;3m +1ms[39m
[32m[Nest] 4063589  - [39m05/17/2026, 7:41:36 PM [32m    LOG[39m [38;5;3m[InstanceLoader] [39m[32mAuthModule dependencies initialized[39m[38;5;3m +0ms[39m
[32m[Nest] 4063589  - [39m05/17/2026, 7:41:36 PM [32m    LOG[39m [38;5;3m[InstanceLoader] [39m[32mCategoriesModule dependencies initialized[39m[38;5;3m +1ms[39m
[32m[Nest] 4063589  - [39m05/17/2026, 7:41:36 PM [32m    LOG[39m [38;5;3m[InstanceLoader] [39m[32mLiabilitiesModule dependencies initialized[39m[38;5;3m +0ms[39m
[32m[Nest] 4063589  - [39m05/17/2026, 7:41:36 PM [32m    LOG[39m [38;5;3m[InstanceLoader] [39m[32mAssetsModule dependencies initialized[39m[38;5;3m +0ms[39m
[32m[Nest] 4063589  - [39m05/17/2026, 7:41:36 PM [32m    LOG[39m [38;5;3m[InstanceLoader] [39m[32mTransactionsModule dependencies initialized[39m[38;5;3m +0ms[39m
[32m[Nest] 4063589  - [39m05/17/2026, 7:41:36 PM [32m    LOG[39m [38;5;3m[RoutesResolver] [39m[32mAuthController {/api/auth}:[39m[38;5;3m +18ms[39m
[32m[Nest] 4063589  - [39m05/17/2026, 7:41:36 PM [32m    LOG[39m [38;5;3m[RouterExplorer] [39m[32mMapped {/api/auth/register, POST} route[39m[38;5;3m +6ms[39m
[32m[Nest] 4063589  - [39m05/17/2026, 7:41:36 PM [32m    LOG[39m [38;5;3m[RouterExplorer] [39m[32mMapped {/api/auth/login, POST} route[39m[38;5;3m +1ms[39m
[32m[Nest] 4063589  - [39m05/17/2026, 7:41:36 PM [32m    LOG[39m [38;5;3m[RouterExplorer] [39m[32mMapped {/api/auth/refresh, POST} route[39m[38;5;3m +0ms[39m
[32m[Nest] 4063589  - [39m05/17/2026, 7:41:36 PM [32m    LOG[39m [38;5;3m[RoutesResolver] [39m[32mGoldController {/api/gold}:[39m[38;5;3m +0ms[39m
[32m[Nest] 4063589  - [39m05/17/2026, 7:41:36 PM [32m    LOG[39m [38;5;3m[RouterExplorer] [39m[32mMapped {/api/gold/price, GET} route[39m[38;5;3m +1ms[39m
[32m[Nest] 4063589  - [39m05/17/2026, 7:41:36 PM [32m    LOG[39m [38;5;3m[RouterExplorer] [39m[32mMapped {/api/gold/history, GET} route[39m[38;5;3m +1ms[39m
[32m[Nest] 4063589  - [39m05/17/2026, 7:41:36 PM [32m    LOG[39m [38;5;3m[RouterExplorer] [39m[32mMapped {/api/gold/refresh, GET} route[39m[38;5;3m +0ms[39m
[32m[Nest] 4063589  - [39m05/17/2026, 7:41:36 PM [32m    LOG[39m [38;5;3m[RoutesResolver] [39m[32mCategoriesController {/api/categories}:[39m[38;5;3m +0ms[39m
[32m[Nest] 4063589  - [39m05/17/2026, 7:41:36 PM [32m    LOG[39m [38;5;3m[RouterExplorer] [39m[32mMapped {/api/categories, GET} route[39m[38;5;3m +1ms[39m
[32m[Nest] 4063589  - [39m05/17/2026, 7:41:36 PM [32m    LOG[39m [38;5;3m[RouterExplorer] [39m[32mMapped {/api/categories, POST} route[39m[38;5;3m +1ms[39m
[32m[Nest] 4063589  - [39m05/17/2026, 7:41:36 PM [32m    LOG[39m [38;5;3m[RouterExplorer] [39m[32mMapped {/api/categories/:id, PATCH} route[39m[38;5;3m +1ms[39m
[32m[Nest] 4063589  - [39m05/17/2026, 7:41:36 PM [32m    LOG[39m [38;5;3m[RouterExplorer] [39m[32mMapped {/api/categories/:id, DELETE} route[39m[38;5;3m +1ms[39m
[32m[Nest] 4063589  - [39m05/17/2026, 7:41:36 PM [32m    LOG[39m [38;5;3m[RoutesResolver] [39m[32mAssetsController {/api/assets}:[39m[38;5;3m +0ms[39m
[32m[Nest] 4063589  - [39m05/17/2026, 7:41:36 PM [32m    LOG[39m [38;5;3m[RouterExplorer] [39m[32mMapped {/api/assets, GET} route[39m[38;5;3m +1ms[39m
[32m[Nest] 4063589  - [39m05/17/2026, 7:41:36 PM [32m    LOG[39m [38;5;3m[RouterExplorer] [39m[32mMapped {/api/assets/summary, GET} route[39m[38;5;3m +0ms[39m
[32m[Nest] 4063589  - [39m05/17/2026, 7:41:36 PM [32m    LOG[39m [38;5;3m[RouterExplorer] [39m[32mMapped {/api/assets, POST} route[39m[38;5;3m +0ms[39m
[32m[Nest] 4063589  - [39m05/17/2026, 7:41:36 PM [32m    LOG[39m [38;5;3m[RouterExplorer] [39m[32mMapped {/api/assets/:id, GET} route[39m[38;5;3m +1ms[39m
[32m[Nest] 4063589  - [39m05/17/2026, 7:41:36 PM [32m    LOG[39m [38;5;3m[RouterExplorer] [39m[32mMapped {/api/assets/:id, PATCH} route[39m[38;5;3m +0ms[39m
[32m[Nest] 4063589  - [39m05/17/2026, 7:41:36 PM [32m    LOG[39m [38;5;3m[RouterExplorer] [39m[32mMapped {/api/assets/:id, DELETE} route[39m[38;5;3m +0ms[39m
[32m[Nest] 4063589  - [39m05/17/2026, 7:41:36 PM [32m    LOG[39m [38;5;3m[RoutesResolver] [39m[32mLiabilitiesController {/api/liabilities}:[39m[38;5;3m +1ms[39m
[32m[Nest] 4063589  - [39m05/17/2026, 7:41:36 PM [32m    LOG[39m [38;5;3m[RouterExplorer] [39m[32mMapped {/api/liabilities, GET} route[39m[38;5;3m +0ms[39m
[32m[Nest] 4063589  - [39m05/17/2026, 7:41:36 PM [32m    LOG[39m [38;5;3m[RouterExplorer] [39m[32mMapped {/api/liabilities, POST} route[39m[38;5;3m +1ms[39m
[32m[Nest] 4063589  - [39m05/17/2026, 7:41:36 PM [32m    LOG[39m [38;5;3m[RouterExplorer] [39m[32mMapped {/api/liabilities/:id, GET} route[39m[38;5;3m +0ms[39m
[32m[Nest] 4063589  - [39m05/17/2026, 7:41:36 PM [32m    LOG[39m [38;5;3m[RouterExplorer] [39m[32mMapped {/api/liabilities/:id/schedule, GET} route[39m[38;5;3m +0ms[39m
[32m[Nest] 4063589  - [39m05/17/2026, 7:41:36 PM [32m    LOG[39m [38;5;3m[RouterExplorer] [39m[32mMapped {/api/liabilities/:id, PATCH} route[39m[38;5;3m +1ms[39m
[32m[Nest] 4063589  - [39m05/17/2026, 7:41:36 PM [32m    LOG[39m [38;5;3m[RouterExplorer] [39m[32mMapped {/api/liabilities/:id, DELETE} route[39m[38;5;3m +0ms[39m
[32m[Nest] 4063589  - [39m05/17/2026, 7:41:36 PM [32m    LOG[39m [38;5;3m[RoutesResolver] [39m[32mTransactionsController {/api/transactions}:[39m[38;5;3m +0ms[39m
[32m[Nest] 4063589  - [39m05/17/2026, 7:41:36 PM [32m    LOG[39m [38;5;3m[RouterExplorer] [39m[32mMapped {/api/transactions, GET} route[39m[38;5;3m +1ms[39m
[32m[Nest] 4063589  - [39m05/17/2026, 7:41:36 PM [32m    LOG[39m [38;5;3m[RouterExplorer] [39m[32mMapped {/api/transactions/summary, GET} route[39m[38;5;3m +0ms[39m
[32m[Nest] 4063589  - [39m05/17/2026, 7:41:36 PM [32m    LOG[39m [38;5;3m[RouterExplorer] [39m[32mMapped {/api/transactions, POST} route[39m[38;5;3m +1ms[39m
[32m[Nest] 4063589  - [39m05/17/2026, 7:41:36 PM [32m    LOG[39m [38;5;3m[RouterExplorer] [39m[32mMapped {/api/transactions/:id, GET} route[39m[38;5;3m +0ms[39m
[32m[Nest] 4063589  - [39m05/17/2026, 7:41:36 PM [32m    LOG[39m [38;5;3m[RouterExplorer] [39m[32mMapped {/api/transactions/:id, PATCH} route[39m[38;5;3m +0ms[39m
[32m[Nest] 4063589  - [39m05/17/2026, 7:41:36 PM [32m    LOG[39m [38;5;3m[RouterExplorer] [39m[32mMapped {/api/transactions/:id, DELETE} route[39m[38;5;3m +1ms[39m
[32m[Nest] 4063589  - [39m05/17/2026, 7:41:36 PM [32m    LOG[39m [38;5;3m[RoutesResolver] [39m[32mForecastController {/api/forecast}:[39m[38;5;3m +0ms[39m
[32m[Nest] 4063589  - [39m05/17/2026, 7:41:36 PM [32m    LOG[39m [38;5;3m[RouterExplorer] [39m[32mMapped {/api/forecast/wacr, GET} route[39m[38;5;3m +0ms[39m
[32m[Nest] 4063589  - [39m05/17/2026, 7:41:36 PM [32m    LOG[39m [38;5;3m[RouterExplorer] [39m[32mMapped {/api/forecast/cashflow, POST} route[39m[38;5;3m +0ms[39m
[32m[Nest] 4063589  - [39m05/17/2026, 7:41:36 PM [32m    LOG[39m [38;5;3m[NestApplication] [39m[32mNest application successfully started[39m[38;5;3m +26ms[39m
[95m[Nest] 4063589  - [39m05/17/2026, 7:41:41 PM [95m  DEBUG[39m [38;5;3m[GoldService] [39m[95mToday already has gold price data, skipping fetch[39m
[2J[3J[H[[90m7:45:25 PM[0m] File change detected. Starting incremental compilation...

[[90m7:45:25 PM[0m] Found 0 errors. Watching for file changes.

[32m[Nest] 4063817  - [39m05/17/2026, 7:45:27 PM [32m    LOG[39m [38;5;3m[NestFactory] [39m[32mStarting Nest application...[39m
[32m[Nest] 4063817  - [39m05/17/2026, 7:45:27 PM [32m    LOG[39m [38;5;3m[InstanceLoader] [39m[32mAppModule dependencies initialized[39m[38;5;3m +28ms[39m
[32m[Nest] 4063817  - [39m05/17/2026, 7:45:27 PM [32m    LOG[39m [38;5;3m[InstanceLoader] [39m[32mTypeOrmModule dependencies initialized[39m[38;5;3m +0ms[39m
[32m[Nest] 4063817  - [39m05/17/2026, 7:45:27 PM [32m    LOG[39m [38;5;3m[InstanceLoader] [39m[32mPassportModule dependencies initialized[39m[38;5;3m +1ms[39m
[32m[Nest] 4063817  - [39m05/17/2026, 7:45:27 PM [32m    LOG[39m [38;5;3m[InstanceLoader] [39m[32mConfigHostModule dependencies initialized[39m[38;5;3m +0ms[39m
[32m[Nest] 4063817  - [39m05/17/2026, 7:45:27 PM [32m    LOG[39m [38;5;3m[InstanceLoader] [39m[32mJwtModule dependencies initialized[39m[38;5;3m +1ms[39m
[32m[Nest] 4063817  - [39m05/17/2026, 7:45:27 PM [32m    LOG[39m [38;5;3m[InstanceLoader] [39m[32mDiscoveryModule dependencies initialized[39m[38;5;3m +0ms[39m
[32m[Nest] 4063817  - [39m05/17/2026, 7:45:27 PM [32m    LOG[39m [38;5;3m[InstanceLoader] [39m[32mConfigModule dependencies initialized[39m[38;5;3m +64ms[39m
[32m[Nest] 4063817  - [39m05/17/2026, 7:45:27 PM [32m    LOG[39m [38;5;3m[InstanceLoader] [39m[32mConfigModule dependencies initialized[39m[38;5;3m +0ms[39m
[32m[Nest] 4063817  - [39m05/17/2026, 7:45:27 PM [32m    LOG[39m [38;5;3m[InstanceLoader] [39m[32mScheduleModule dependencies initialized[39m[38;5;3m +0ms[39m
[32m[Nest] 4063817  - [39m05/17/2026, 7:45:27 PM [32m    LOG[39m [38;5;3m[InstanceLoader] [39m[32mEncryptionModule dependencies initialized[39m[38;5;3m +7ms[39m
[32m[Nest] 4063817  - [39m05/17/2026, 7:45:27 PM [32m    LOG[39m [38;5;3m[InstanceLoader] [39m[32mStockModule dependencies initialized[39m[38;5;3m +0ms[39m
[32m[Nest] 4063817  - [39m05/17/2026, 7:45:27 PM [32m    LOG[39m [38;5;3m[InstanceLoader] [39m[32mThrottlerModule dependencies initialized[39m[38;5;3m +1ms[39m
[32m[Nest] 4063817  - [39m05/17/2026, 7:45:27 PM [32m    LOG[39m [38;5;3m[InstanceLoader] [39m[32mTypeOrmCoreModule dependencies initialized[39m[38;5;3m +64ms[39m
[32m[Nest] 4063817  - [39m05/17/2026, 7:45:27 PM [32m    LOG[39m [38;5;3m[InstanceLoader] [39m[32mTypeOrmModule dependencies initialized[39m[38;5;3m +0ms[39m
[32m[Nest] 4063817  - [39m05/17/2026, 7:45:27 PM [32m    LOG[39m [38;5;3m[InstanceLoader] [39m[32mTypeOrmModule dependencies initialized[39m[38;5;3m +0ms[39m
[32m[Nest] 4063817  - [39m05/17/2026, 7:45:27 PM [32m    LOG[39m [38;5;3m[InstanceLoader] [39m[32mTypeOrmModule dependencies initialized[39m[38;5;3m +0ms[39m
[32m[Nest] 4063817  - [39m05/17/2026, 7:45:27 PM [32m    LOG[39m [38;5;3m[InstanceLoader] [39m[32mTypeOrmModule dependencies initialized[39m[38;5;3m +0ms[39m
[32m[Nest] 4063817  - [39m05/17/2026, 7:45:27 PM [32m    LOG[39m [38;5;3m[InstanceLoader] [39m[32mTypeOrmModule dependencies initialized[39m[38;5;3m +0ms[39m
[32m[Nest] 4063817  - [39m05/17/2026, 7:45:27 PM [32m    LOG[39m [38;5;3m[InstanceLoader] [39m[32mTypeOrmModule dependencies initialized[39m[38;5;3m +0ms[39m
[32m[Nest] 4063817  - [39m05/17/2026, 7:45:27 PM [32m    LOG[39m [38;5;3m[InstanceLoader] [39m[32mTypeOrmModule dependencies initialized[39m[38;5;3m +0ms[39m
[32m[Nest] 4063817  - [39m05/17/2026, 7:45:27 PM [32m    LOG[39m [38;5;3m[InstanceLoader] [39m[32mForecastModule dependencies initialized[39m[38;5;3m +1ms[39m
[32m[Nest] 4063817  - [39m05/17/2026, 7:45:27 PM [32m    LOG[39m [38;5;3m[InstanceLoader] [39m[32mUsersModule dependencies initialized[39m[38;5;3m +0ms[39m
[32m[Nest] 4063817  - [39m05/17/2026, 7:45:27 PM [32m    LOG[39m [38;5;3m[InstanceLoader] [39m[32mGoldModule dependencies initialized[39m[38;5;3m +1ms[39m
[32m[Nest] 4063817  - [39m05/17/2026, 7:45:27 PM [32m    LOG[39m [38;5;3m[InstanceLoader] [39m[32mAuthModule dependencies initialized[39m[38;5;3m +0ms[39m
[32m[Nest] 4063817  - [39m05/17/2026, 7:45:27 PM [32m    LOG[39m [38;5;3m[InstanceLoader] [39m[32mCategoriesModule dependencies initialized[39m[38;5;3m +0ms[39m
[32m[Nest] 4063817  - [39m05/17/2026, 7:45:27 PM [32m    LOG[39m [38;5;3m[InstanceLoader] [39m[32mLiabilitiesModule dependencies initialized[39m[38;5;3m +1ms[39m
[32m[Nest] 4063817  - [39m05/17/2026, 7:45:27 PM [32m    LOG[39m [38;5;3m[InstanceLoader] [39m[32mAssetsModule dependencies initialized[39m[38;5;3m +0ms[39m
[32m[Nest] 4063817  - [39m05/17/2026, 7:45:27 PM [32m    LOG[39m [38;5;3m[InstanceLoader] [39m[32mTransactionsModule dependencies initialized[39m[38;5;3m +0ms[39m
[32m[Nest] 4063817  - [39m05/17/2026, 7:45:27 PM [32m    LOG[39m [38;5;3m[RoutesResolver] [39m[32mAuthController {/api/auth}:[39m[38;5;3m +21ms[39m
[32m[Nest] 4063817  - [39m05/17/2026, 7:45:27 PM [32m    LOG[39m [38;5;3m[RouterExplorer] [39m[32mMapped {/api/auth/register, POST} route[39m[38;5;3m +4ms[39m
[32m[Nest] 4063817  - [39m05/17/2026, 7:45:27 PM [32m    LOG[39m [38;5;3m[RouterExplorer] [39m[32mMapped {/api/auth/login, POST} route[39m[38;5;3m +1ms[39m
[32m[Nest] 4063817  - [39m05/17/2026, 7:45:27 PM [32m    LOG[39m [38;5;3m[RouterExplorer] [39m[32mMapped {/api/auth/refresh, POST} route[39m[38;5;3m +0ms[39m
[32m[Nest] 4063817  - [39m05/17/2026, 7:45:27 PM [32m    LOG[39m [38;5;3m[RoutesResolver] [39m[32mGoldController {/api/gold}:[39m[38;5;3m +0ms[39m
[32m[Nest] 4063817  - [39m05/17/2026, 7:45:27 PM [32m    LOG[39m [38;5;3m[RouterExplorer] [39m[32mMapped {/api/gold/price, GET} route[39m[38;5;3m +1ms[39m
[32m[Nest] 4063817  - [39m05/17/2026, 7:45:27 PM [32m    LOG[39m [38;5;3m[RouterExplorer] [39m[32mMapped {/api/gold/history, GET} route[39m[38;5;3m +0ms[39m
[32m[Nest] 4063817  - [39m05/17/2026, 7:45:27 PM [32m    LOG[39m [38;5;3m[RouterExplorer] [39m[32mMapped {/api/gold/refresh, GET} route[39m[38;5;3m +1ms[39m
[32m[Nest] 4063817  - [39m05/17/2026, 7:45:27 PM [32m    LOG[39m [38;5;3m[RoutesResolver] [39m[32mCategoriesController {/api/categories}:[39m[38;5;3m +0ms[39m
[32m[Nest] 4063817  - [39m05/17/2026, 7:45:27 PM [32m    LOG[39m [38;5;3m[RouterExplorer] [39m[32mMapped {/api/categories, GET} route[39m[38;5;3m +0ms[39m
[32m[Nest] 4063817  - [39m05/17/2026, 7:45:27 PM [32m    LOG[39m [38;5;3m[RouterExplorer] [39m[32mMapped {/api/categories, POST} route[39m[38;5;3m +1ms[39m
[32m[Nest] 4063817  - [39m05/17/2026, 7:45:27 PM [32m    LOG[39m [38;5;3m[RouterExplorer] [39m[32mMapped {/api/categories/:id, PATCH} route[39m[38;5;3m +1ms[39m
[32m[Nest] 4063817  - [39m05/17/2026, 7:45:27 PM [32m    LOG[39m [38;5;3m[RouterExplorer] [39m[32mMapped {/api/categories/:id, DELETE} route[39m[38;5;3m +1ms[39m
[32m[Nest] 4063817  - [39m05/17/2026, 7:45:27 PM [32m    LOG[39m [38;5;3m[RoutesResolver] [39m[32mAssetsController {/api/assets}:[39m[38;5;3m +0ms[39m
[32m[Nest] 4063817  - [39m05/17/2026, 7:45:27 PM [32m    LOG[39m [38;5;3m[RouterExplorer] [39m[32mMapped {/api/assets, GET} route[39m[38;5;3m +0ms[39m
[32m[Nest] 4063817  - [39m05/17/2026, 7:45:27 PM [32m    LOG[39m [38;5;3m[RouterExplorer] [39m[32mMapped {/api/assets/summary, GET} route[39m[38;5;3m +1ms[39m
[32m[Nest] 4063817  - [39m05/17/2026, 7:45:27 PM [32m    LOG[39m [38;5;3m[RouterExplorer] [39m[32mMapped {/api/assets, POST} route[39m[38;5;3m +0ms[39m
[32m[Nest] 4063817  - [39m05/17/2026, 7:45:27 PM [32m    LOG[39m [38;5;3m[RouterExplorer] [39m[32mMapped {/api/assets/:id, GET} route[39m[38;5;3m +0ms[39m
[32m[Nest] 4063817  - [39m05/17/2026, 7:45:27 PM [32m    LOG[39m [38;5;3m[RouterExplorer] [39m[32mMapped {/api/assets/:id, PATCH} route[39m[38;5;3m +0ms[39m
[32m[Nest] 4063817  - [39m05/17/2026, 7:45:27 PM [32m    LOG[39m [38;5;3m[RouterExplorer] [39m[32mMapped {/api/assets/:id, DELETE} route[39m[38;5;3m +1ms[39m
[32m[Nest] 4063817  - [39m05/17/2026, 7:45:27 PM [32m    LOG[39m [38;5;3m[RoutesResolver] [39m[32mLiabilitiesController {/api/liabilities}:[39m[38;5;3m +0ms[39m
[32m[Nest] 4063817  - [39m05/17/2026, 7:45:27 PM [32m    LOG[39m [38;5;3m[RouterExplorer] [39m[32mMapped {/api/liabilities, GET} route[39m[38;5;3m +0ms[39m
[32m[Nest] 4063817  - [39m05/17/2026, 7:45:27 PM [32m    LOG[39m [38;5;3m[RouterExplorer] [39m[32mMapped {/api/liabilities, POST} route[39m[38;5;3m +0ms[39m
[32m[Nest] 4063817  - [39m05/17/2026, 7:45:27 PM [32m    LOG[39m [38;5;3m[RouterExplorer] [39m[32mMapped {/api/liabilities/:id, GET} route[39m[38;5;3m +1ms[39m
[32m[Nest] 4063817  - [39m05/17/2026, 7:45:27 PM [32m    LOG[39m [38;5;3m[RouterExplorer] [39m[32mMapped {/api/liabilities/:id/schedule, GET} route[39m[38;5;3m +0ms[39m
[32m[Nest] 4063817  - [39m05/17/2026, 7:45:27 PM [32m    LOG[39m [38;5;3m[RouterExplorer] [39m[32mMapped {/api/liabilities/:id, PATCH} route[39m[38;5;3m +0ms[39m
[32m[Nest] 4063817  - [39m05/17/2026, 7:45:27 PM [32m    LOG[39m [38;5;3m[RouterExplorer] [39m[32mMapped {/api/liabilities/:id, DELETE} route[39m[38;5;3m +1ms[39m
[32m[Nest] 4063817  - [39m05/17/2026, 7:45:27 PM [32m    LOG[39m [38;5;3m[RoutesResolver] [39m[32mTransactionsController {/api/transactions}:[39m[38;5;3m +0ms[39m
[32m[Nest] 4063817  - [39m05/17/2026, 7:45:27 PM [32m    LOG[39m [38;5;3m[RouterExplorer] [39m[32mMapped {/api/transactions, GET} route[39m[38;5;3m +0ms[39m
[32m[Nest] 4063817  - [39m05/17/2026, 7:45:27 PM [32m    LOG[39m [38;5;3m[RouterExplorer] [39m[32mMapped {/api/transactions/summary, GET} route[39m[38;5;3m +0ms[39m
[32m[Nest] 4063817  - [39m05/17/2026, 7:45:27 PM [32m    LOG[39m [38;5;3m[RouterExplorer] [39m[32mMapped {/api/transactions, POST} route[39m[38;5;3m +0ms[39m
[32m[Nest] 4063817  - [39m05/17/2026, 7:45:27 PM [32m    LOG[39m [38;5;3m[RouterExplorer] [39m[32mMapped {/api/transactions/:id, GET} route[39m[38;5;3m +1ms[39m
[32m[Nest] 4063817  - [39m05/17/2026, 7:45:27 PM [32m    LOG[39m [38;5;3m[RouterExplorer] [39m[32mMapped {/api/transactions/:id, PATCH} route[39m[38;5;3m +0ms[39m
[32m[Nest] 4063817  - [39m05/17/2026, 7:45:27 PM [32m    LOG[39m [38;5;3m[RouterExplorer] [39m[32mMapped {/api/transactions/:id, DELETE} route[39m[38;5;3m +0ms[39m
[32m[Nest] 4063817  - [39m05/17/2026, 7:45:27 PM [32m    LOG[39m [38;5;3m[RoutesResolver] [39m[32mForecastController {/api/forecast}:[39m[38;5;3m +0ms[39m
[32m[Nest] 4063817  - [39m05/17/2026, 7:45:27 PM [32m    LOG[39m [38;5;3m[RouterExplorer] [39m[32mMapped {/api/forecast/wacr, GET} route[39m[38;5;3m +0ms[39m
[32m[Nest] 4063817  - [39m05/17/2026, 7:45:27 PM [32m    LOG[39m [38;5;3m[RouterExplorer] [39m[32mMapped {/api/forecast/cashflow, POST} route[39m[38;5;3m +1ms[39m
[32m[Nest] 4063817  - [39m05/17/2026, 7:45:27 PM [32m    LOG[39m [38;5;3m[NestApplication] [39m[32mNest application successfully started[39m[38;5;3m +21ms[39m
[2J[3J[H[[90m7:45:41 PM[0m] File change detected. Starting incremental compilation...

[[90m7:45:42 PM[0m] Found 0 errors. Watching for file changes.

[32m[Nest] 4063849  - [39m05/17/2026, 7:45:43 PM [32m    LOG[39m [38;5;3m[NestFactory] [39m[32mStarting Nest application...[39m
[32m[Nest] 4063849  - [39m05/17/2026, 7:45:43 PM [32m    LOG[39m [38;5;3m[InstanceLoader] [39m[32mAppModule dependencies initialized[39m[38;5;3m +27ms[39m
[32m[Nest] 4063849  - [39m05/17/2026, 7:45:43 PM [32m    LOG[39m [38;5;3m[InstanceLoader] [39m[32mTypeOrmModule dependencies initialized[39m[38;5;3m +0ms[39m
[32m[Nest] 4063849  - [39m05/17/2026, 7:45:43 PM [32m    LOG[39m [38;5;3m[InstanceLoader] [39m[32mPassportModule dependencies initialized[39m[38;5;3m +0ms[39m
[32m[Nest] 4063849  - [39m05/17/2026, 7:45:43 PM [32m    LOG[39m [38;5;3m[InstanceLoader] [39m[32mConfigHostModule dependencies initialized[39m[38;5;3m +1ms[39m
[32m[Nest] 4063849  - [39m05/17/2026, 7:45:43 PM [32m    LOG[39m [38;5;3m[InstanceLoader] [39m[32mJwtModule dependencies initialized[39m[38;5;3m +0ms[39m
[32m[Nest] 4063849  - [39m05/17/2026, 7:45:43 PM [32m    LOG[39m [38;5;3m[InstanceLoader] [39m[32mDiscoveryModule dependencies initialized[39m[38;5;3m +0ms[39m
[32m[Nest] 4063849  - [39m05/17/2026, 7:45:43 PM [32m    LOG[39m [38;5;3m[InstanceLoader] [39m[32mConfigModule dependencies initialized[39m[38;5;3m +63ms[39m
[32m[Nest] 4063849  - [39m05/17/2026, 7:45:43 PM [32m    LOG[39m [38;5;3m[InstanceLoader] [39m[32mConfigModule dependencies initialized[39m[38;5;3m +1ms[39m
[32m[Nest] 4063849  - [39m05/17/2026, 7:45:43 PM [32m    LOG[39m [38;5;3m[InstanceLoader] [39m[32mScheduleModule dependencies initialized[39m[38;5;3m +0ms[39m
[32m[Nest] 4063849  - [39m05/17/2026, 7:45:43 PM [32m    LOG[39m [38;5;3m[InstanceLoader] [39m[32mEncryptionModule dependencies initialized[39m[38;5;3m +7ms[39m
[32m[Nest] 4063849  - [39m05/17/2026, 7:45:43 PM [32m    LOG[39m [38;5;3m[InstanceLoader] [39m[32mStockModule dependencies initialized[39m[38;5;3m +0ms[39m
[32m[Nest] 4063849  - [39m05/17/2026, 7:45:43 PM [32m    LOG[39m [38;5;3m[InstanceLoader] [39m[32mThrottlerModule dependencies initialized[39m[38;5;3m +1ms[39m
[32m[Nest] 4063849  - [39m05/17/2026, 7:45:43 PM [32m    LOG[39m [38;5;3m[InstanceLoader] [39m[32mTypeOrmCoreModule dependencies initialized[39m[38;5;3m +68ms[39m
[32m[Nest] 4063849  - [39m05/17/2026, 7:45:43 PM [32m    LOG[39m [38;5;3m[InstanceLoader] [39m[32mTypeOrmModule dependencies initialized[39m[38;5;3m +0ms[39m
[32m[Nest] 4063849  - [39m05/17/2026, 7:45:43 PM [32m    LOG[39m [38;5;3m[InstanceLoader] [39m[32mTypeOrmModule dependencies initialized[39m[38;5;3m +0ms[39m
[32m[Nest] 4063849  - [39m05/17/2026, 7:45:43 PM [32m    LOG[39m [38;5;3m[InstanceLoader] [39m[32mTypeOrmModule dependencies initialized[39m[38;5;3m +1ms[39m
[32m[Nest] 4063849  - [39m05/17/2026, 7:45:43 PM [32m    LOG[39m [38;5;3m[InstanceLoader] [39m[32mTypeOrmModule dependencies initialized[39m[38;5;3m +0ms[39m
[32m[Nest] 4063849  - [39m05/17/2026, 7:45:43 PM [32m    LOG[39m [38;5;3m[InstanceLoader] [39m[32mTypeOrmModule dependencies initialized[39m[38;5;3m +0ms[39m
[32m[Nest] 4063849  - [39m05/17/2026, 7:45:43 PM [32m    LOG[39m [38;5;3m[InstanceLoader] [39m[32mTypeOrmModule dependencies initialized[39m[38;5;3m +0ms[39m
[32m[Nest] 4063849  - [39m05/17/2026, 7:45:43 PM [32m    LOG[39m [38;5;3m[InstanceLoader] [39m[32mTypeOrmModule dependencies initialized[39m[38;5;3m +0ms[39m
[32m[Nest] 4063849  - [39m05/17/2026, 7:45:43 PM [32m    LOG[39m [38;5;3m[InstanceLoader] [39m[32mForecastModule dependencies initialized[39m[38;5;3m +0ms[39m
[32m[Nest] 4063849  - [39m05/17/2026, 7:45:43 PM [32m    LOG[39m [38;5;3m[InstanceLoader] [39m[32mUsersModule dependencies initialized[39m[38;5;3m +1ms[39m
[32m[Nest] 4063849  - [39m05/17/2026, 7:45:43 PM [32m    LOG[39m [38;5;3m[InstanceLoader] [39m[32mGoldModule dependencies initialized[39m[38;5;3m +0ms[39m
[32m[Nest] 4063849  - [39m05/17/2026, 7:45:43 PM [32m    LOG[39m [38;5;3m[InstanceLoader] [39m[32mAuthModule dependencies initialized[39m[38;5;3m +1ms[39m
[32m[Nest] 4063849  - [39m05/17/2026, 7:45:43 PM [32m    LOG[39m [38;5;3m[InstanceLoader] [39m[32mCategoriesModule dependencies initialized[39m[38;5;3m +0ms[39m
[32m[Nest] 4063849  - [39m05/17/2026, 7:45:43 PM [32m    LOG[39m [38;5;3m[InstanceLoader] [39m[32mLiabilitiesModule dependencies initialized[39m[38;5;3m +0ms[39m
[32m[Nest] 4063849  - [39m05/17/2026, 7:45:43 PM [32m    LOG[39m [38;5;3m[InstanceLoader] [39m[32mAssetsModule dependencies initialized[39m[38;5;3m +0ms[39m
[32m[Nest] 4063849  - [39m05/17/2026, 7:45:43 PM [32m    LOG[39m [38;5;3m[InstanceLoader] [39m[32mTransactionsModule dependencies initialized[39m[38;5;3m +0ms[39m
[32m[Nest] 4063849  - [39m05/17/2026, 7:45:43 PM [32m    LOG[39m [38;5;3m[RoutesResolver] [39m[32mAuthController {/api/auth}:[39m[38;5;3m +18ms[39m
[32m[Nest] 4063849  - [39m05/17/2026, 7:45:43 PM [32m    LOG[39m [38;5;3m[RouterExplorer] [39m[32mMapped {/api/auth/register, POST} route[39m[38;5;3m +4ms[39m
[32m[Nest] 4063849  - [39m05/17/2026, 7:45:43 PM [32m    LOG[39m [38;5;3m[RouterExplorer] [39m[32mMapped {/api/auth/login, POST} route[39m[38;5;3m +0ms[39m
[32m[Nest] 4063849  - [39m05/17/2026, 7:45:43 PM [32m    LOG[39m [38;5;3m[RouterExplorer] [39m[32mMapped {/api/auth/refresh, POST} route[39m[38;5;3m +1ms[39m
[32m[Nest] 4063849  - [39m05/17/2026, 7:45:43 PM [32m    LOG[39m [38;5;3m[RoutesResolver] [39m[32mGoldController {/api/gold}:[39m[38;5;3m +0ms[39m
[32m[Nest] 4063849  - [39m05/17/2026, 7:45:43 PM [32m    LOG[39m [38;5;3m[RouterExplorer] [39m[32mMapped {/api/gold/price, GET} route[39m[38;5;3m +1ms[39m
[32m[Nest] 4063849  - [39m05/17/2026, 7:45:43 PM [32m    LOG[39m [38;5;3m[RouterExplorer] [39m[32mMapped {/api/gold/history, GET} route[39m[38;5;3m +0ms[39m
[32m[Nest] 4063849  - [39m05/17/2026, 7:45:43 PM [32m    LOG[39m [38;5;3m[RouterExplorer] [39m[32mMapped {/api/gold/refresh, GET} route[39m[38;5;3m +0ms[39m
[32m[Nest] 4063849  - [39m05/17/2026, 7:45:43 PM [32m    LOG[39m [38;5;3m[RoutesResolver] [39m[32mCategoriesController {/api/categories}:[39m[38;5;3m +1ms[39m
[32m[Nest] 4063849  - [39m05/17/2026, 7:45:43 PM [32m    LOG[39m [38;5;3m[RouterExplorer] [39m[32mMapped {/api/categories, GET} route[39m[38;5;3m +0ms[39m
[32m[Nest] 4063849  - [39m05/17/2026, 7:45:43 PM [32m    LOG[39m [38;5;3m[RouterExplorer] [39m[32mMapped {/api/categories, POST} route[39m[38;5;3m +1ms[39m
[32m[Nest] 4063849  - [39m05/17/2026, 7:45:43 PM [32m    LOG[39m [38;5;3m[RouterExplorer] [39m[32mMapped {/api/categories/:id, PATCH} route[39m[38;5;3m +1ms[39m
[32m[Nest] 4063849  - [39m05/17/2026, 7:45:43 PM [32m    LOG[39m [38;5;3m[RouterExplorer] [39m[32mMapped {/api/categories/:id, DELETE} route[39m[38;5;3m +1ms[39m
[32m[Nest] 4063849  - [39m05/17/2026, 7:45:43 PM [32m    LOG[39m [38;5;3m[RoutesResolver] [39m[32mAssetsController {/api/assets}:[39m[38;5;3m +0ms[39m
[32m[Nest] 4063849  - [39m05/17/2026, 7:45:43 PM [32m    LOG[39m [38;5;3m[RouterExplorer] [39m[32mMapped {/api/assets, GET} route[39m[38;5;3m +0ms[39m
[32m[Nest] 4063849  - [39m05/17/2026, 7:45:43 PM [32m    LOG[39m [38;5;3m[RouterExplorer] [39m[32mMapped {/api/assets/summary, GET} route[39m[38;5;3m +1ms[39m
[32m[Nest] 4063849  - [39m05/17/2026, 7:45:43 PM [32m    LOG[39m [38;5;3m[RouterExplorer] [39m[32mMapped {/api/assets, POST} route[39m[38;5;3m +0ms[39m
[32m[Nest] 4063849  - [39m05/17/2026, 7:45:43 PM [32m    LOG[39m [38;5;3m[RouterExplorer] [39m[32mMapped {/api/assets/:id, GET} route[39m[38;5;3m +0ms[39m
[32m[Nest] 4063849  - [39m05/17/2026, 7:45:43 PM [32m    LOG[39m [38;5;3m[RouterExplorer] [39m[32mMapped {/api/assets/:id, PATCH} route[39m[38;5;3m +0ms[39m
[32m[Nest] 4063849  - [39m05/17/2026, 7:45:43 PM [32m    LOG[39m [38;5;3m[RouterExplorer] [39m[32mMapped {/api/assets/:id, DELETE} route[39m[38;5;3m +1ms[39m
[32m[Nest] 4063849  - [39m05/17/2026, 7:45:43 PM [32m    LOG[39m [38;5;3m[RoutesResolver] [39m[32mLiabilitiesController {/api/liabilities}:[39m[38;5;3m +0ms[39m
[32m[Nest] 4063849  - [39m05/17/2026, 7:45:43 PM [32m    LOG[39m [38;5;3m[RouterExplorer] [39m[32mMapped {/api/liabilities, GET} route[39m[38;5;3m +0ms[39m
[32m[Nest] 4063849  - [39m05/17/2026, 7:45:43 PM [32m    LOG[39m [38;5;3m[RouterExplorer] [39m[32mMapped {/api/liabilities, POST} route[39m[38;5;3m +0ms[39m
[32m[Nest] 4063849  - [39m05/17/2026, 7:45:43 PM [32m    LOG[39m [38;5;3m[RouterExplorer] [39m[32mMapped {/api/liabilities/:id, GET} route[39m[38;5;3m +1ms[39m
[32m[Nest] 4063849  - [39m05/17/2026, 7:45:43 PM [32m    LOG[39m [38;5;3m[RouterExplorer] [39m[32mMapped {/api/liabilities/:id/schedule, GET} route[39m[38;5;3m +0ms[39m
[32m[Nest] 4063849  - [39m05/17/2026, 7:45:43 PM [32m    LOG[39m [38;5;3m[RouterExplorer] [39m[32mMapped {/api/liabilities/:id, PATCH} route[39m[38;5;3m +0ms[39m
[32m[Nest] 4063849  - [39m05/17/2026, 7:45:43 PM [32m    LOG[39m [38;5;3m[RouterExplorer] [39m[32mMapped {/api/liabilities/:id, DELETE} route[39m[38;5;3m +1ms[39m
[32m[Nest] 4063849  - [39m05/17/2026, 7:45:43 PM [32m    LOG[39m [38;5;3m[RoutesResolver] [39m[32mTransactionsController {/api/transactions}:[39m[38;5;3m +0ms[39m
[32m[Nest] 4063849  - [39m05/17/2026, 7:45:43 PM [32m    LOG[39m [38;5;3m[RouterExplorer] [39m[32mMapped {/api/transactions, GET} route[39m[38;5;3m +0ms[39m
[32m[Nest] 4063849  - [39m05/17/2026, 7:45:43 PM [32m    LOG[39m [38;5;3m[RouterExplorer] [39m[32mMapped {/api/transactions/summary, GET} route[39m[38;5;3m +0ms[39m
[32m[Nest] 4063849  - [39m05/17/2026, 7:45:43 PM [32m    LOG[39m [38;5;3m[RouterExplorer] [39m[32mMapped {/api/transactions, POST} route[39m[38;5;3m +0ms[39m
[32m[Nest] 4063849  - [39m05/17/2026, 7:45:43 PM [32m    LOG[39m [38;5;3m[RouterExplorer] [39m[32mMapped {/api/transactions/:id, GET} route[39m[38;5;3m +1ms[39m
[32m[Nest] 4063849  - [39m05/17/2026, 7:45:43 PM [32m    LOG[39m [38;5;3m[RouterExplorer] [39m[32mMapped {/api/transactions/:id, PATCH} route[39m[38;5;3m +0ms[39m
[32m[Nest] 4063849  - [39m05/17/2026, 7:45:43 PM [32m    LOG[39m [38;5;3m[RouterExplorer] [39m[32mMapped {/api/transactions/:id, DELETE} route[39m[38;5;3m +0ms[39m
[32m[Nest] 4063849  - [39m05/17/2026, 7:45:43 PM [32m    LOG[39m [38;5;3m[RoutesResolver] [39m[32mForecastController {/api/forecast}:[39m[38;5;3m +0ms[39m
[32m[Nest] 4063849  - [39m05/17/2026, 7:45:43 PM [32m    LOG[39m [38;5;3m[RouterExplorer] [39m[32mMapped {/api/forecast/wacr, GET} route[39m[38;5;3m +1ms[39m
[32m[Nest] 4063849  - [39m05/17/2026, 7:45:43 PM [32m    LOG[39m [38;5;3m[RouterExplorer] [39m[32mMapped {/api/forecast/cashflow, POST} route[39m[38;5;3m +0ms[39m
[32m[Nest] 4063849  - [39m05/17/2026, 7:45:43 PM [32m    LOG[39m [38;5;3m[NestApplication] [39m[32mNest application successfully started[39m[38;5;3m +21ms[39m
[95m[Nest] 4063849  - [39m05/17/2026, 7:45:46 PM [95m  DEBUG[39m [38;5;3m[GoldService] [39m[95mToday already has gold price data, skipping fetch[39m
[95m[Nest] 4063849  - [39m05/17/2026, 7:45:55 PM [95m  DEBUG[39m [38;5;3m[GoldService] [39m[95mSina ETF raw: var hq_str_sh518880="�ƽ�ETF����,9.645,9.795,9.554,9.659,9.532,9.553,9.554,649877683,6233847911.000,40100,9.553,165700,9.552,301900,9.551,445000,9.550,157100,9.549,2420800,9.554,156900,9.555,48800,9.55[39m
[32m[Nest] 4063849  - [39m05/17/2026, 7:45:55 PM [32m    LOG[39m [38;5;3m[GoldService] [39m[32mGold price from sina_gold_etf: 964.5 CNY/g[39m
[95m[Nest] 4063849  - [39m05/17/2026, 9:00:00 PM [95m  DEBUG[39m [38;5;3m[GoldService] [39m[95mToday already has gold price data, skipping fetch[39m
[2J[3J[H[[90m3:03:07 PM[0m] File change detected. Starting incremental compilation...

[[90m3:03:07 PM[0m] Found 0 errors. Watching for file changes.

[32m[Nest] 4169330  - [39m05/18/2026, 3:03:08 PM [32m    LOG[39m [38;5;3m[NestFactory] [39m[32mStarting Nest application...[39m
[32m[Nest] 4169330  - [39m05/18/2026, 3:03:08 PM [32m    LOG[39m [38;5;3m[InstanceLoader] [39m[32mAppModule dependencies initialized[39m[38;5;3m +27ms[39m
[32m[Nest] 4169330  - [39m05/18/2026, 3:03:08 PM [32m    LOG[39m [38;5;3m[InstanceLoader] [39m[32mTypeOrmModule dependencies initialized[39m[38;5;3m +0ms[39m
[32m[Nest] 4169330  - [39m05/18/2026, 3:03:08 PM [32m    LOG[39m [38;5;3m[InstanceLoader] [39m[32mPassportModule dependencies initialized[39m[38;5;3m +0ms[39m
[32m[Nest] 4169330  - [39m05/18/2026, 3:03:08 PM [32m    LOG[39m [38;5;3m[InstanceLoader] [39m[32mConfigHostModule dependencies initialized[39m[38;5;3m +1ms[39m
[32m[Nest] 4169330  - [39m05/18/2026, 3:03:08 PM [32m    LOG[39m [38;5;3m[InstanceLoader] [39m[32mJwtModule dependencies initialized[39m[38;5;3m +0ms[39m
[32m[Nest] 4169330  - [39m05/18/2026, 3:03:08 PM [32m    LOG[39m [38;5;3m[InstanceLoader] [39m[32mDiscoveryModule dependencies initialized[39m[38;5;3m +0ms[39m
[32m[Nest] 4169330  - [39m05/18/2026, 3:03:08 PM [32m    LOG[39m [38;5;3m[InstanceLoader] [39m[32mConfigModule dependencies initialized[39m[38;5;3m +64ms[39m
[32m[Nest] 4169330  - [39m05/18/2026, 3:03:08 PM [32m    LOG[39m [38;5;3m[InstanceLoader] [39m[32mConfigModule dependencies initialized[39m[38;5;3m +0ms[39m
[32m[Nest] 4169330  - [39m05/18/2026, 3:03:08 PM [32m    LOG[39m [38;5;3m[InstanceLoader] [39m[32mScheduleModule dependencies initialized[39m[38;5;3m +1ms[39m
[32m[Nest] 4169330  - [39m05/18/2026, 3:03:08 PM [32m    LOG[39m [38;5;3m[InstanceLoader] [39m[32mEncryptionModule dependencies initialized[39m[38;5;3m +13ms[39m
[32m[Nest] 4169330  - [39m05/18/2026, 3:03:08 PM [32m    LOG[39m [38;5;3m[InstanceLoader] [39m[32mStockModule dependencies initialized[39m[38;5;3m +0ms[39m
[32m[Nest] 4169330  - [39m05/18/2026, 3:03:08 PM [32m    LOG[39m [38;5;3m[InstanceLoader] [39m[32mThrottlerModule dependencies initialized[39m[38;5;3m +1ms[39m
[32m[Nest] 4169330  - [39m05/18/2026, 3:03:08 PM [32m    LOG[39m [38;5;3m[InstanceLoader] [39m[32mTypeOrmCoreModule dependencies initialized[39m[38;5;3m +56ms[39m
[32m[Nest] 4169330  - [39m05/18/2026, 3:03:08 PM [32m    LOG[39m [38;5;3m[InstanceLoader] [39m[32mTypeOrmModule dependencies initialized[39m[38;5;3m +1ms[39m
[32m[Nest] 4169330  - [39m05/18/2026, 3:03:08 PM [32m    LOG[39m [38;5;3m[InstanceLoader] [39m[32mTypeOrmModule dependencies initialized[39m[38;5;3m +0ms[39m
[32m[Nest] 4169330  - [39m05/18/2026, 3:03:08 PM [32m    LOG[39m [38;5;3m[InstanceLoader] [39m[32mTypeOrmModule dependencies initialized[39m[38;5;3m +0ms[39m
[32m[Nest] 4169330  - [39m05/18/2026, 3:03:08 PM [32m    LOG[39m [38;5;3m[InstanceLoader] [39m[32mTypeOrmModule dependencies initialized[39m[38;5;3m +0ms[39m
[32m[Nest] 4169330  - [39m05/18/2026, 3:03:08 PM [32m    LOG[39m [38;5;3m[InstanceLoader] [39m[32mTypeOrmModule dependencies initialized[39m[38;5;3m +0ms[39m
[32m[Nest] 4169330  - [39m05/18/2026, 3:03:08 PM [32m    LOG[39m [38;5;3m[InstanceLoader] [39m[32mTypeOrmModule dependencies initialized[39m[38;5;3m +0ms[39m
[32m[Nest] 4169330  - [39m05/18/2026, 3:03:08 PM [32m    LOG[39m [38;5;3m[InstanceLoader] [39m[32mTypeOrmModule dependencies initialized[39m[38;5;3m +0ms[39m
[32m[Nest] 4169330  - [39m05/18/2026, 3:03:08 PM [32m    LOG[39m [38;5;3m[InstanceLoader] [39m[32mForecastModule dependencies initialized[39m[38;5;3m +1ms[39m
[32m[Nest] 4169330  - [39m05/18/2026, 3:03:08 PM [32m    LOG[39m [38;5;3m[InstanceLoader] [39m[32mUsersModule dependencies initialized[39m[38;5;3m +0ms[39m
[32m[Nest] 4169330  - [39m05/18/2026, 3:03:08 PM [32m    LOG[39m [38;5;3m[InstanceLoader] [39m[32mGoldModule dependencies initialized[39m[38;5;3m +0ms[39m
[32m[Nest] 4169330  - [39m05/18/2026, 3:03:08 PM [32m    LOG[39m [38;5;3m[InstanceLoader] [39m[32mAuthModule dependencies initialized[39m[38;5;3m +1ms[39m
[32m[Nest] 4169330  - [39m05/18/2026, 3:03:08 PM [32m    LOG[39m [38;5;3m[InstanceLoader] [39m[32mCategoriesModule dependencies initialized[39m[38;5;3m +0ms[39m
[32m[Nest] 4169330  - [39m05/18/2026, 3:03:08 PM [32m    LOG[39m [38;5;3m[InstanceLoader] [39m[32mLiabilitiesModule dependencies initialized[39m[38;5;3m +0ms[39m
[32m[Nest] 4169330  - [39m05/18/2026, 3:03:08 PM [32m    LOG[39m [38;5;3m[InstanceLoader] [39m[32mAssetsModule dependencies initialized[39m[38;5;3m +0ms[39m
[32m[Nest] 4169330  - [39m05/18/2026, 3:03:08 PM [32m    LOG[39m [38;5;3m[InstanceLoader] [39m[32mTransactionsModule dependencies initialized[39m[38;5;3m +1ms[39m
[32m[Nest] 4169330  - [39m05/18/2026, 3:03:08 PM [32m    LOG[39m [38;5;3m[RoutesResolver] [39m[32mAuthController {/api/auth}:[39m[38;5;3m +20ms[39m
[32m[Nest] 4169330  - [39m05/18/2026, 3:03:08 PM [32m    LOG[39m [38;5;3m[RouterExplorer] [39m[32mMapped {/api/auth/register, POST} route[39m[38;5;3m +4ms[39m
[32m[Nest] 4169330  - [39m05/18/2026, 3:03:08 PM [32m    LOG[39m [38;5;3m[RouterExplorer] [39m[32mMapped {/api/auth/login, POST} route[39m[38;5;3m +0ms[39m
[32m[Nest] 4169330  - [39m05/18/2026, 3:03:08 PM [32m    LOG[39m [38;5;3m[RouterExplorer] [39m[32mMapped {/api/auth/refresh, POST} route[39m[38;5;3m +1ms[39m
[32m[Nest] 4169330  - [39m05/18/2026, 3:03:08 PM [32m    LOG[39m [38;5;3m[RoutesResolver] [39m[32mGoldController {/api/gold}:[39m[38;5;3m +0ms[39m
[32m[Nest] 4169330  - [39m05/18/2026, 3:03:08 PM [32m    LOG[39m [38;5;3m[RouterExplorer] [39m[32mMapped {/api/gold/price, GET} route[39m[38;5;3m +0ms[39m
[32m[Nest] 4169330  - [39m05/18/2026, 3:03:08 PM [32m    LOG[39m [38;5;3m[RouterExplorer] [39m[32mMapped {/api/gold/history, GET} route[39m[38;5;3m +1ms[39m
[32m[Nest] 4169330  - [39m05/18/2026, 3:03:08 PM [32m    LOG[39m [38;5;3m[RouterExplorer] [39m[32mMapped {/api/gold/refresh, GET} route[39m[38;5;3m +0ms[39m
[32m[Nest] 4169330  - [39m05/18/2026, 3:03:08 PM [32m    LOG[39m [38;5;3m[RoutesResolver] [39m[32mCategoriesController {/api/categories}:[39m[38;5;3m +0ms[39m
[32m[Nest] 4169330  - [39m05/18/2026, 3:03:08 PM [32m    LOG[39m [38;5;3m[RouterExplorer] [39m[32mMapped {/api/categories, GET} route[39m[38;5;3m +1ms[39m
[32m[Nest] 4169330  - [39m05/18/2026, 3:03:08 PM [32m    LOG[39m [38;5;3m[RouterExplorer] [39m[32mMapped {/api/categories, POST} route[39m[38;5;3m +1ms[39m
[32m[Nest] 4169330  - [39m05/18/2026, 3:03:08 PM [32m    LOG[39m [38;5;3m[RouterExplorer] [39m[32mMapped {/api/categories/:id, PATCH} route[39m[38;5;3m +1ms[39m
[32m[Nest] 4169330  - [39m05/18/2026, 3:03:08 PM [32m    LOG[39m [38;5;3m[RouterExplorer] [39m[32mMapped {/api/categories/:id, DELETE} route[39m[38;5;3m +0ms[39m
[32m[Nest] 4169330  - [39m05/18/2026, 3:03:08 PM [32m    LOG[39m [38;5;3m[RoutesResolver] [39m[32mAssetsController {/api/assets}:[39m[38;5;3m +0ms[39m
[32m[Nest] 4169330  - [39m05/18/2026, 3:03:08 PM [32m    LOG[39m [38;5;3m[RouterExplorer] [39m[32mMapped {/api/assets, GET} route[39m[38;5;3m +1ms[39m
[32m[Nest] 4169330  - [39m05/18/2026, 3:03:08 PM [32m    LOG[39m [38;5;3m[RouterExplorer] [39m[32mMapped {/api/assets/summary, GET} route[39m[38;5;3m +0ms[39m
[32m[Nest] 4169330  - [39m05/18/2026, 3:03:08 PM [32m    LOG[39m [38;5;3m[RouterExplorer] [39m[32mMapped {/api/assets, POST} route[39m[38;5;3m +0ms[39m
[32m[Nest] 4169330  - [39m05/18/2026, 3:03:08 PM [32m    LOG[39m [38;5;3m[RouterExplorer] [39m[32mMapped {/api/assets/:id, GET} route[39m[38;5;3m +1ms[39m
[32m[Nest] 4169330  - [39m05/18/2026, 3:03:08 PM [32m    LOG[39m [38;5;3m[RouterExplorer] [39m[32mMapped {/api/assets/:id, PATCH} route[39m[38;5;3m +0ms[39m
[32m[Nest] 4169330  - [39m05/18/2026, 3:03:08 PM [32m    LOG[39m [38;5;3m[RouterExplorer] [39m[32mMapped {/api/assets/:id, DELETE} route[39m[38;5;3m +0ms[39m
[32m[Nest] 4169330  - [39m05/18/2026, 3:03:08 PM [32m    LOG[39m [38;5;3m[RoutesResolver] [39m[32mLiabilitiesController {/api/liabilities}:[39m[38;5;3m +0ms[39m
[32m[Nest] 4169330  - [39m05/18/2026, 3:03:08 PM [32m    LOG[39m [38;5;3m[RouterExplorer] [39m[32mMapped {/api/liabilities, GET} route[39m[38;5;3m +1ms[39m
[32m[Nest] 4169330  - [39m05/18/2026, 3:03:08 PM [32m    LOG[39m [38;5;3m[RouterExplorer] [39m[32mMapped {/api/liabilities, POST} route[39m[38;5;3m +0ms[39m
[32m[Nest] 4169330  - [39m05/18/2026, 3:03:08 PM [32m    LOG[39m [38;5;3m[RouterExplorer] [39m[32mMapped {/api/liabilities/:id, GET} route[39m[38;5;3m +0ms[39m
[32m[Nest] 4169330  - [39m05/18/2026, 3:03:08 PM [32m    LOG[39m [38;5;3m[RouterExplorer] [39m[32mMapped {/api/liabilities/:id/schedule, GET} route[39m[38;5;3m +1ms[39m
[32m[Nest] 4169330  - [39m05/18/2026, 3:03:08 PM [32m    LOG[39m [38;5;3m[RouterExplorer] [39m[32mMapped {/api/liabilities/:id, PATCH} route[39m[38;5;3m +0ms[39m
[32m[Nest] 4169330  - [39m05/18/2026, 3:03:08 PM [32m    LOG[39m [38;5;3m[RouterExplorer] [39m[32mMapped {/api/liabilities/:id, DELETE} route[39m[38;5;3m +0ms[39m
[32m[Nest] 4169330  - [39m05/18/2026, 3:03:08 PM [32m    LOG[39m [38;5;3m[RoutesResolver] [39m[32mTransactionsController {/api/transactions}:[39m[38;5;3m +0ms[39m
[32m[Nest] 4169330  - [39m05/18/2026, 3:03:08 PM [32m    LOG[39m [38;5;3m[RouterExplorer] [39m[32mMapped {/api/transactions, GET} route[39m[38;5;3m +1ms[39m
[32m[Nest] 4169330  - [39m05/18/2026, 3:03:08 PM [32m    LOG[39m [38;5;3m[RouterExplorer] [39m[32mMapped {/api/transactions/summary, GET} route[39m[38;5;3m +0ms[39m
[32m[Nest] 4169330  - [39m05/18/2026, 3:03:08 PM [32m    LOG[39m [38;5;3m[RouterExplorer] [39m[32mMapped {/api/transactions, POST} route[39m[38;5;3m +0ms[39m
[32m[Nest] 4169330  - [39m05/18/2026, 3:03:08 PM [32m    LOG[39m [38;5;3m[RouterExplorer] [39m[32mMapped {/api/transactions/:id, GET} route[39m[38;5;3m +0ms[39m
[32m[Nest] 4169330  - [39m05/18/2026, 3:03:08 PM [32m    LOG[39m [38;5;3m[RouterExplorer] [39m[32mMapped {/api/transactions/:id, PATCH} route[39m[38;5;3m +1ms[39m
[32m[Nest] 4169330  - [39m05/18/2026, 3:03:08 PM [32m    LOG[39m [38;5;3m[RouterExplorer] [39m[32mMapped {/api/transactions/:id, DELETE} route[39m[38;5;3m +0ms[39m
[32m[Nest] 4169330  - [39m05/18/2026, 3:03:08 PM [32m    LOG[39m [38;5;3m[RoutesResolver] [39m[32mForecastController {/api/forecast}:[39m[38;5;3m +0ms[39m
[32m[Nest] 4169330  - [39m05/18/2026, 3:03:08 PM [32m    LOG[39m [38;5;3m[RouterExplorer] [39m[32mMapped {/api/forecast/wacr, GET} route[39m[38;5;3m +0ms[39m
[32m[Nest] 4169330  - [39m05/18/2026, 3:03:08 PM [32m    LOG[39m [38;5;3m[RouterExplorer] [39m[32mMapped {/api/forecast/cashflow, POST} route[39m[38;5;3m +0ms[39m
[32m[Nest] 4169330  - [39m05/18/2026, 3:03:08 PM [32m    LOG[39m [38;5;3m[NestApplication] [39m[32mNest application successfully started[39m[38;5;3m +22ms[39m
[2J[3J[H[[90m3:03:21 PM[0m] File change detected. Starting incremental compilation...

[[90m3:03:21 PM[0m] Found 0 errors. Watching for file changes.

[32m[Nest] 4169466  - [39m05/18/2026, 3:03:22 PM [32m    LOG[39m [38;5;3m[NestFactory] [39m[32mStarting Nest application...[39m
[32m[Nest] 4169466  - [39m05/18/2026, 3:03:22 PM [32m    LOG[39m [38;5;3m[InstanceLoader] [39m[32mAppModule dependencies initialized[39m[38;5;3m +44ms[39m
[32m[Nest] 4169466  - [39m05/18/2026, 3:03:22 PM [32m    LOG[39m [38;5;3m[InstanceLoader] [39m[32mTypeOrmModule dependencies initialized[39m[38;5;3m +0ms[39m
[32m[Nest] 4169466  - [39m05/18/2026, 3:03:22 PM [32m    LOG[39m [38;5;3m[InstanceLoader] [39m[32mPassportModule dependencies initialized[39m[38;5;3m +0ms[39m
[32m[Nest] 4169466  - [39m05/18/2026, 3:03:22 PM [32m    LOG[39m [38;5;3m[InstanceLoader] [39m[32mConfigHostModule dependencies initialized[39m[38;5;3m +1ms[39m
[32m[Nest] 4169466  - [39m05/18/2026, 3:03:22 PM [32m    LOG[39m [38;5;3m[InstanceLoader] [39m[32mJwtModule dependencies initialized[39m[38;5;3m +0ms[39m
[32m[Nest] 4169466  - [39m05/18/2026, 3:03:22 PM [32m    LOG[39m [38;5;3m[InstanceLoader] [39m[32mDiscoveryModule dependencies initialized[39m[38;5;3m +1ms[39m
[32m[Nest] 4169466  - [39m05/18/2026, 3:03:22 PM [32m    LOG[39m [38;5;3m[InstanceLoader] [39m[32mConfigModule dependencies initialized[39m[38;5;3m +64ms[39m
[32m[Nest] 4169466  - [39m05/18/2026, 3:03:22 PM [32m    LOG[39m [38;5;3m[InstanceLoader] [39m[32mConfigModule dependencies initialized[39m[38;5;3m +0ms[39m
[32m[Nest] 4169466  - [39m05/18/2026, 3:03:22 PM [32m    LOG[39m [38;5;3m[InstanceLoader] [39m[32mScheduleModule dependencies initialized[39m[38;5;3m +0ms[39m
[32m[Nest] 4169466  - [39m05/18/2026, 3:03:22 PM [32m    LOG[39m [38;5;3m[InstanceLoader] [39m[32mEncryptionModule dependencies initialized[39m[38;5;3m +9ms[39m
[32m[Nest] 4169466  - [39m05/18/2026, 3:03:22 PM [32m    LOG[39m [38;5;3m[InstanceLoader] [39m[32mStockModule dependencies initialized[39m[38;5;3m +0ms[39m
[32m[Nest] 4169466  - [39m05/18/2026, 3:03:22 PM [32m    LOG[39m [38;5;3m[InstanceLoader] [39m[32mThrottlerModule dependencies initialized[39m[38;5;3m +0ms[39m
[32m[Nest] 4169466  - [39m05/18/2026, 3:03:22 PM [32m    LOG[39m [38;5;3m[InstanceLoader] [39m[32mTypeOrmCoreModule dependencies initialized[39m[38;5;3m +67ms[39m
[32m[Nest] 4169466  - [39m05/18/2026, 3:03:22 PM [32m    LOG[39m [38;5;3m[InstanceLoader] [39m[32mTypeOrmModule dependencies initialized[39m[38;5;3m +0ms[39m
[32m[Nest] 4169466  - [39m05/18/2026, 3:03:22 PM [32m    LOG[39m [38;5;3m[InstanceLoader] [39m[32mTypeOrmModule dependencies initialized[39m[38;5;3m +0ms[39m
[32m[Nest] 4169466  - [39m05/18/2026, 3:03:22 PM [32m    LOG[39m [38;5;3m[InstanceLoader] [39m[32mTypeOrmModule dependencies initialized[39m[38;5;3m +0ms[39m
[32m[Nest] 4169466  - [39m05/18/2026, 3:03:22 PM [32m    LOG[39m [38;5;3m[InstanceLoader] [39m[32mTypeOrmModule dependencies initialized[39m[38;5;3m +0ms[39m
[32m[Nest] 4169466  - [39m05/18/2026, 3:03:22 PM [32m    LOG[39m [38;5;3m[InstanceLoader] [39m[32mTypeOrmModule dependencies initialized[39m[38;5;3m +1ms[39m
[32m[Nest] 4169466  - [39m05/18/2026, 3:03:22 PM [32m    LOG[39m [38;5;3m[InstanceLoader] [39m[32mTypeOrmModule dependencies initialized[39m[38;5;3m +0ms[39m
[32m[Nest] 4169466  - [39m05/18/2026, 3:03:22 PM [32m    LOG[39m [38;5;3m[InstanceLoader] [39m[32mTypeOrmModule dependencies initialized[39m[38;5;3m +0ms[39m
[32m[Nest] 4169466  - [39m05/18/2026, 3:03:22 PM [32m    LOG[39m [38;5;3m[InstanceLoader] [39m[32mForecastModule dependencies initialized[39m[38;5;3m +0ms[39m
[32m[Nest] 4169466  - [39m05/18/2026, 3:03:22 PM [32m    LOG[39m [38;5;3m[InstanceLoader] [39m[32mUsersModule dependencies initialized[39m[38;5;3m +0ms[39m
[32m[Nest] 4169466  - [39m05/18/2026, 3:03:22 PM [32m    LOG[39m [38;5;3m[InstanceLoader] [39m[32mGoldModule dependencies initialized[39m[38;5;3m +1ms[39m
[32m[Nest] 4169466  - [39m05/18/2026, 3:03:22 PM [32m    LOG[39m [38;5;3m[InstanceLoader] [39m[32mAuthModule dependencies initialized[39m[38;5;3m +0ms[39m
[32m[Nest] 4169466  - [39m05/18/2026, 3:03:22 PM [32m    LOG[39m [38;5;3m[InstanceLoader] [39m[32mCategoriesModule dependencies initialized[39m[38;5;3m +1ms[39m
[32m[Nest] 4169466  - [39m05/18/2026, 3:03:22 PM [32m    LOG[39m [38;5;3m[InstanceLoader] [39m[32mLiabilitiesModule dependencies initialized[39m[38;5;3m +0ms[39m
[32m[Nest] 4169466  - [39m05/18/2026, 3:03:22 PM [32m    LOG[39m [38;5;3m[InstanceLoader] [39m[32mAssetsModule dependencies initialized[39m[38;5;3m +0ms[39m
[32m[Nest] 4169466  - [39m05/18/2026, 3:03:22 PM [32m    LOG[39m [38;5;3m[InstanceLoader] [39m[32mTransactionsModule dependencies initialized[39m[38;5;3m +0ms[39m
[32m[Nest] 4169466  - [39m05/18/2026, 3:03:22 PM [32m    LOG[39m [38;5;3m[RoutesResolver] [39m[32mAuthController {/api/auth}:[39m[38;5;3m +21ms[39m
[32m[Nest] 4169466  - [39m05/18/2026, 3:03:22 PM [32m    LOG[39m [38;5;3m[RouterExplorer] [39m[32mMapped {/api/auth/register, POST} route[39m[38;5;3m +4ms[39m
[32m[Nest] 4169466  - [39m05/18/2026, 3:03:22 PM [32m    LOG[39m [38;5;3m[RouterExplorer] [39m[32mMapped {/api/auth/login, POST} route[39m[38;5;3m +1ms[39m
[32m[Nest] 4169466  - [39m05/18/2026, 3:03:22 PM [32m    LOG[39m [38;5;3m[RouterExplorer] [39m[32mMapped {/api/auth/refresh, POST} route[39m[38;5;3m +1ms[39m
[32m[Nest] 4169466  - [39m05/18/2026, 3:03:22 PM [32m    LOG[39m [38;5;3m[RoutesResolver] [39m[32mGoldController {/api/gold}:[39m[38;5;3m +0ms[39m
[32m[Nest] 4169466  - [39m05/18/2026, 3:03:22 PM [32m    LOG[39m [38;5;3m[RouterExplorer] [39m[32mMapped {/api/gold/price, GET} route[39m[38;5;3m +0ms[39m
[32m[Nest] 4169466  - [39m05/18/2026, 3:03:22 PM [32m    LOG[39m [38;5;3m[RouterExplorer] [39m[32mMapped {/api/gold/history, GET} route[39m[38;5;3m +1ms[39m
[32m[Nest] 4169466  - [39m05/18/2026, 3:03:22 PM [32m    LOG[39m [38;5;3m[RouterExplorer] [39m[32mMapped {/api/gold/refresh, GET} route[39m[38;5;3m +0ms[39m
[32m[Nest] 4169466  - [39m05/18/2026, 3:03:22 PM [32m    LOG[39m [38;5;3m[RoutesResolver] [39m[32mCategoriesController {/api/categories}:[39m[38;5;3m +0ms[39m
[32m[Nest] 4169466  - [39m05/18/2026, 3:03:22 PM [32m    LOG[39m [38;5;3m[RouterExplorer] [39m[32mMapped {/api/categories, GET} route[39m[38;5;3m +1ms[39m
[32m[Nest] 4169466  - [39m05/18/2026, 3:03:22 PM [32m    LOG[39m [38;5;3m[RouterExplorer] [39m[32mMapped {/api/categories, POST} route[39m[38;5;3m +1ms[39m
[32m[Nest] 4169466  - [39m05/18/2026, 3:03:22 PM [32m    LOG[39m [38;5;3m[RouterExplorer] [39m[32mMapped {/api/categories/:id, PATCH} route[39m[38;5;3m +1ms[39m
[32m[Nest] 4169466  - [39m05/18/2026, 3:03:22 PM [32m    LOG[39m [38;5;3m[RouterExplorer] [39m[32mMapped {/api/categories/:id, DELETE} route[39m[38;5;3m +0ms[39m
[32m[Nest] 4169466  - [39m05/18/2026, 3:03:22 PM [32m    LOG[39m [38;5;3m[RoutesResolver] [39m[32mAssetsController {/api/assets}:[39m[38;5;3m +0ms[39m
[32m[Nest] 4169466  - [39m05/18/2026, 3:03:22 PM [32m    LOG[39m [38;5;3m[RouterExplorer] [39m[32mMapped {/api/assets, GET} route[39m[38;5;3m +1ms[39m
[32m[Nest] 4169466  - [39m05/18/2026, 3:03:22 PM [32m    LOG[39m [38;5;3m[RouterExplorer] [39m[32mMapped {/api/assets/summary, GET} route[39m[38;5;3m +0ms[39m
[32m[Nest] 4169466  - [39m05/18/2026, 3:03:22 PM [32m    LOG[39m [38;5;3m[RouterExplorer] [39m[32mMapped {/api/assets, POST} route[39m[38;5;3m +1ms[39m
[32m[Nest] 4169466  - [39m05/18/2026, 3:03:22 PM [32m    LOG[39m [38;5;3m[RouterExplorer] [39m[32mMapped {/api/assets/:id, GET} route[39m[38;5;3m +0ms[39m
[32m[Nest] 4169466  - [39m05/18/2026, 3:03:22 PM [32m    LOG[39m [38;5;3m[RouterExplorer] [39m[32mMapped {/api/assets/:id, PATCH} route[39m[38;5;3m +0ms[39m
[32m[Nest] 4169466  - [39m05/18/2026, 3:03:22 PM [32m    LOG[39m [38;5;3m[RouterExplorer] [39m[32mMapped {/api/assets/:id, DELETE} route[39m[38;5;3m +1ms[39m
[32m[Nest] 4169466  - [39m05/18/2026, 3:03:22 PM [32m    LOG[39m [38;5;3m[RoutesResolver] [39m[32mLiabilitiesController {/api/liabilities}:[39m[38;5;3m +0ms[39m
[32m[Nest] 4169466  - [39m05/18/2026, 3:03:22 PM [32m    LOG[39m [38;5;3m[RouterExplorer] [39m[32mMapped {/api/liabilities, GET} route[39m[38;5;3m +0ms[39m
[32m[Nest] 4169466  - [39m05/18/2026, 3:03:22 PM [32m    LOG[39m [38;5;3m[RouterExplorer] [39m[32mMapped {/api/liabilities, POST} route[39m[38;5;3m +0ms[39m
[32m[Nest] 4169466  - [39m05/18/2026, 3:03:22 PM [32m    LOG[39m [38;5;3m[RouterExplorer] [39m[32mMapped {/api/liabilities/:id, GET} route[39m[38;5;3m +1ms[39m
[32m[Nest] 4169466  - [39m05/18/2026, 3:03:22 PM [32m    LOG[39m [38;5;3m[RouterExplorer] [39m[32mMapped {/api/liabilities/:id/schedule, GET} route[39m[38;5;3m +0ms[39m
[32m[Nest] 4169466  - [39m05/18/2026, 3:03:22 PM [32m    LOG[39m [38;5;3m[RouterExplorer] [39m[32mMapped {/api/liabilities/:id, PATCH} route[39m[38;5;3m +0ms[39m
[32m[Nest] 4169466  - [39m05/18/2026, 3:03:22 PM [32m    LOG[39m [38;5;3m[RouterExplorer] [39m[32mMapped {/api/liabilities/:id, DELETE} route[39m[38;5;3m +0ms[39m
[32m[Nest] 4169466  - [39m05/18/2026, 3:03:22 PM [32m    LOG[39m [38;5;3m[RoutesResolver] [39m[32mTransactionsController {/api/transactions}:[39m[38;5;3m +1ms[39m
[32m[Nest] 4169466  - [39m05/18/2026, 3:03:22 PM [32m    LOG[39m [38;5;3m[RouterExplorer] [39m[32mMapped {/api/transactions, GET} route[39m[38;5;3m +0ms[39m
[32m[Nest] 4169466  - [39m05/18/2026, 3:03:22 PM [32m    LOG[39m [38;5;3m[RouterExplorer] [39m[32mMapped {/api/transactions/summary, GET} route[39m[38;5;3m +0ms[39m
[32m[Nest] 4169466  - [39m05/18/2026, 3:03:22 PM [32m    LOG[39m [38;5;3m[RouterExplorer] [39m[32mMapped {/api/transactions, POST} route[39m[38;5;3m +0ms[39m
[32m[Nest] 4169466  - [39m05/18/2026, 3:03:22 PM [32m    LOG[39m [38;5;3m[RouterExplorer] [39m[32mMapped {/api/transactions/:id, GET} route[39m[38;5;3m +1ms[39m
[32m[Nest] 4169466  - [39m05/18/2026, 3:03:22 PM [32m    LOG[39m [38;5;3m[RouterExplorer] [39m[32mMapped {/api/transactions/:id, PATCH} route[39m[38;5;3m +0ms[39m
[32m[Nest] 4169466  - [39m05/18/2026, 3:03:22 PM [32m    LOG[39m [38;5;3m[RouterExplorer] [39m[32mMapped {/api/transactions/:id, DELETE} route[39m[38;5;3m +0ms[39m
[32m[Nest] 4169466  - [39m05/18/2026, 3:03:22 PM [32m    LOG[39m [38;5;3m[RoutesResolver] [39m[32mForecastController {/api/forecast}:[39m[38;5;3m +0ms[39m
[32m[Nest] 4169466  - [39m05/18/2026, 3:03:22 PM [32m    LOG[39m [38;5;3m[RouterExplorer] [39m[32mMapped {/api/forecast/wacr, GET} route[39m[38;5;3m +0ms[39m
[32m[Nest] 4169466  - [39m05/18/2026, 3:03:22 PM [32m    LOG[39m [38;5;3m[RouterExplorer] [39m[32mMapped {/api/forecast/cashflow, POST} route[39m[38;5;3m +1ms[39m
[32m[Nest] 4169466  - [39m05/18/2026, 3:03:22 PM [32m    LOG[39m [38;5;3m[NestApplication] [39m[32mNest application successfully started[39m[38;5;3m +23ms[39m
[32m[Nest] 4169466  - [39m05/18/2026, 3:03:27 PM [32m    LOG[39m [38;5;3m[GoldService] [39m[32mUsing real-time exchange rate: 6.814[39m
[32m[Nest] 4169466  - [39m05/18/2026, 3:03:28 PM [32m    LOG[39m [38;5;3m[GoldService] [39m[32mGold price from sina_xau: 995.87 CNY/g[39m

> backend@0.0.1 start:dev
> nest start --watch

[2J[3J[H[[90m3:23:22 PM[0m] Starting compilation in watch mode...

[[90m3:23:28 PM[0m] Found 0 errors. Watching for file changes.

[32m[Nest] 4172292  - [39m05/18/2026, 3:23:29 PM [32m    LOG[39m [38;5;3m[NestFactory] [39m[32mStarting Nest application...[39m
[32m[Nest] 4172292  - [39m05/18/2026, 3:23:29 PM [32m    LOG[39m [38;5;3m[InstanceLoader] [39m[32mAppModule dependencies initialized[39m[38;5;3m +27ms[39m
[32m[Nest] 4172292  - [39m05/18/2026, 3:23:29 PM [32m    LOG[39m [38;5;3m[InstanceLoader] [39m[32mTypeOrmModule dependencies initialized[39m[38;5;3m +0ms[39m
[32m[Nest] 4172292  - [39m05/18/2026, 3:23:29 PM [32m    LOG[39m [38;5;3m[InstanceLoader] [39m[32mPassportModule dependencies initialized[39m[38;5;3m +0ms[39m
[32m[Nest] 4172292  - [39m05/18/2026, 3:23:29 PM [32m    LOG[39m [38;5;3m[InstanceLoader] [39m[32mConfigHostModule dependencies initialized[39m[38;5;3m +1ms[39m
[32m[Nest] 4172292  - [39m05/18/2026, 3:23:29 PM [32m    LOG[39m [38;5;3m[InstanceLoader] [39m[32mJwtModule dependencies initialized[39m[38;5;3m +0ms[39m
[32m[Nest] 4172292  - [39m05/18/2026, 3:23:29 PM [32m    LOG[39m [38;5;3m[InstanceLoader] [39m[32mDiscoveryModule dependencies initialized[39m[38;5;3m +0ms[39m
[32m[Nest] 4172292  - [39m05/18/2026, 3:23:29 PM [32m    LOG[39m [38;5;3m[InstanceLoader] [39m[32mConfigModule dependencies initialized[39m[38;5;3m +64ms[39m
[32m[Nest] 4172292  - [39m05/18/2026, 3:23:29 PM [32m    LOG[39m [38;5;3m[InstanceLoader] [39m[32mConfigModule dependencies initialized[39m[38;5;3m +0ms[39m
[32m[Nest] 4172292  - [39m05/18/2026, 3:23:29 PM [32m    LOG[39m [38;5;3m[InstanceLoader] [39m[32mScheduleModule dependencies initialized[39m[38;5;3m +1ms[39m
[32m[Nest] 4172292  - [39m05/18/2026, 3:23:29 PM [32m    LOG[39m [38;5;3m[InstanceLoader] [39m[32mEncryptionModule dependencies initialized[39m[38;5;3m +7ms[39m
[32m[Nest] 4172292  - [39m05/18/2026, 3:23:29 PM [32m    LOG[39m [38;5;3m[InstanceLoader] [39m[32mStockModule dependencies initialized[39m[38;5;3m +0ms[39m
[32m[Nest] 4172292  - [39m05/18/2026, 3:23:29 PM [32m    LOG[39m [38;5;3m[InstanceLoader] [39m[32mThrottlerModule dependencies initialized[39m[38;5;3m +0ms[39m
[32m[Nest] 4172292  - [39m05/18/2026, 3:23:29 PM [32m    LOG[39m [38;5;3m[InstanceLoader] [39m[32mTypeOrmCoreModule dependencies initialized[39m[38;5;3m +62ms[39m
[32m[Nest] 4172292  - [39m05/18/2026, 3:23:29 PM [32m    LOG[39m [38;5;3m[InstanceLoader] [39m[32mTypeOrmModule dependencies initialized[39m[38;5;3m +0ms[39m
[32m[Nest] 4172292  - [39m05/18/2026, 3:23:29 PM [32m    LOG[39m [38;5;3m[InstanceLoader] [39m[32mTypeOrmModule dependencies initialized[39m[38;5;3m +0ms[39m
[32m[Nest] 4172292  - [39m05/18/2026, 3:23:29 PM [32m    LOG[39m [38;5;3m[InstanceLoader] [39m[32mTypeOrmModule dependencies initialized[39m[38;5;3m +0ms[39m
[32m[Nest] 4172292  - [39m05/18/2026, 3:23:29 PM [32m    LOG[39m [38;5;3m[InstanceLoader] [39m[32mTypeOrmModule dependencies initialized[39m[38;5;3m +0ms[39m
[32m[Nest] 4172292  - [39m05/18/2026, 3:23:29 PM [32m    LOG[39m [38;5;3m[InstanceLoader] [39m[32mTypeOrmModule dependencies initialized[39m[38;5;3m +0ms[39m
[32m[Nest] 4172292  - [39m05/18/2026, 3:23:29 PM [32m    LOG[39m [38;5;3m[InstanceLoader] [39m[32mTypeOrmModule dependencies initialized[39m[38;5;3m +0ms[39m
[32m[Nest] 4172292  - [39m05/18/2026, 3:23:29 PM [32m    LOG[39m [38;5;3m[InstanceLoader] [39m[32mTypeOrmModule dependencies initialized[39m[38;5;3m +1ms[39m
[32m[Nest] 4172292  - [39m05/18/2026, 3:23:29 PM [32m    LOG[39m [38;5;3m[InstanceLoader] [39m[32mForecastModule dependencies initialized[39m[38;5;3m +0ms[39m
[32m[Nest] 4172292  - [39m05/18/2026, 3:23:29 PM [32m    LOG[39m [38;5;3m[InstanceLoader] [39m[32mUsersModule dependencies initialized[39m[38;5;3m +0ms[39m
[32m[Nest] 4172292  - [39m05/18/2026, 3:23:29 PM [32m    LOG[39m [38;5;3m[InstanceLoader] [39m[32mGoldModule dependencies initialized[39m[38;5;3m +1ms[39m
[32m[Nest] 4172292  - [39m05/18/2026, 3:23:29 PM [32m    LOG[39m [38;5;3m[InstanceLoader] [39m[32mAuthModule dependencies initialized[39m[38;5;3m +0ms[39m
[32m[Nest] 4172292  - [39m05/18/2026, 3:23:29 PM [32m    LOG[39m [38;5;3m[InstanceLoader] [39m[32mCategoriesModule dependencies initialized[39m[38;5;3m +1ms[39m
[32m[Nest] 4172292  - [39m05/18/2026, 3:23:29 PM [32m    LOG[39m [38;5;3m[InstanceLoader] [39m[32mLiabilitiesModule dependencies initialized[39m[38;5;3m +0ms[39m
[32m[Nest] 4172292  - [39m05/18/2026, 3:23:29 PM [32m    LOG[39m [38;5;3m[InstanceLoader] [39m[32mAssetsModule dependencies initialized[39m[38;5;3m +0ms[39m
[32m[Nest] 4172292  - [39m05/18/2026, 3:23:29 PM [32m    LOG[39m [38;5;3m[InstanceLoader] [39m[32mTransactionsModule dependencies initialized[39m[38;5;3m +0ms[39m
[32m[Nest] 4172292  - [39m05/18/2026, 3:23:29 PM [32m    LOG[39m [38;5;3m[RoutesResolver] [39m[32mAuthController {/api/auth}:[39m[38;5;3m +19ms[39m
[32m[Nest] 4172292  - [39m05/18/2026, 3:23:29 PM [32m    LOG[39m [38;5;3m[RouterExplorer] [39m[32mMapped {/api/auth/register, POST} route[39m[38;5;3m +4ms[39m
[32m[Nest] 4172292  - [39m05/18/2026, 3:23:29 PM [32m    LOG[39m [38;5;3m[RouterExplorer] [39m[32mMapped {/api/auth/login, POST} route[39m[38;5;3m +0ms[39m
[32m[Nest] 4172292  - [39m05/18/2026, 3:23:29 PM [32m    LOG[39m [38;5;3m[RouterExplorer] [39m[32mMapped {/api/auth/refresh, POST} route[39m[38;5;3m +1ms[39m
[32m[Nest] 4172292  - [39m05/18/2026, 3:23:29 PM [32m    LOG[39m [38;5;3m[RoutesResolver] [39m[32mGoldController {/api/gold}:[39m[38;5;3m +0ms[39m
[32m[Nest] 4172292  - [39m05/18/2026, 3:23:29 PM [32m    LOG[39m [38;5;3m[RouterExplorer] [39m[32mMapped {/api/gold/price, GET} route[39m[38;5;3m +1ms[39m
[32m[Nest] 4172292  - [39m05/18/2026, 3:23:29 PM [32m    LOG[39m [38;5;3m[RouterExplorer] [39m[32mMapped {/api/gold/history, GET} route[39m[38;5;3m +0ms[39m
[32m[Nest] 4172292  - [39m05/18/2026, 3:23:29 PM [32m    LOG[39m [38;5;3m[RouterExplorer] [39m[32mMapped {/api/gold/refresh, GET} route[39m[38;5;3m +0ms[39m
[32m[Nest] 4172292  - [39m05/18/2026, 3:23:29 PM [32m    LOG[39m [38;5;3m[RoutesResolver] [39m[32mCategoriesController {/api/categories}:[39m[38;5;3m +0ms[39m
[32m[Nest] 4172292  - [39m05/18/2026, 3:23:29 PM [32m    LOG[39m [38;5;3m[RouterExplorer] [39m[32mMapped {/api/categories, GET} route[39m[38;5;3m +1ms[39m
[32m[Nest] 4172292  - [39m05/18/2026, 3:23:29 PM [32m    LOG[39m [38;5;3m[RouterExplorer] [39m[32mMapped {/api/categories, POST} route[39m[38;5;3m +1ms[39m
[32m[Nest] 4172292  - [39m05/18/2026, 3:23:29 PM [32m    LOG[39m [38;5;3m[RouterExplorer] [39m[32mMapped {/api/categories/:id, PATCH} route[39m[38;5;3m +1ms[39m
[32m[Nest] 4172292  - [39m05/18/2026, 3:23:29 PM [32m    LOG[39m [38;5;3m[RouterExplorer] [39m[32mMapped {/api/categories/:id, DELETE} route[39m[38;5;3m +0ms[39m
[32m[Nest] 4172292  - [39m05/18/2026, 3:23:29 PM [32m    LOG[39m [38;5;3m[RoutesResolver] [39m[32mAssetsController {/api/assets}:[39m[38;5;3m +0ms[39m
[32m[Nest] 4172292  - [39m05/18/2026, 3:23:29 PM [32m    LOG[39m [38;5;3m[RouterExplorer] [39m[32mMapped {/api/assets, GET} route[39m[38;5;3m +1ms[39m
[32m[Nest] 4172292  - [39m05/18/2026, 3:23:29 PM [32m    LOG[39m [38;5;3m[RouterExplorer] [39m[32mMapped {/api/assets/summary, GET} route[39m[38;5;3m +0ms[39m
[32m[Nest] 4172292  - [39m05/18/2026, 3:23:29 PM [32m    LOG[39m [38;5;3m[RouterExplorer] [39m[32mMapped {/api/assets, POST} route[39m[38;5;3m +0ms[39m
[32m[Nest] 4172292  - [39m05/18/2026, 3:23:29 PM [32m    LOG[39m [38;5;3m[RouterExplorer] [39m[32mMapped {/api/assets/:id, GET} route[39m[38;5;3m +1ms[39m
[32m[Nest] 4172292  - [39m05/18/2026, 3:23:29 PM [32m    LOG[39m [38;5;3m[RouterExplorer] [39m[32mMapped {/api/assets/:id, PATCH} route[39m[38;5;3m +0ms[39m
[32m[Nest] 4172292  - [39m05/18/2026, 3:23:29 PM [32m    LOG[39m [38;5;3m[RouterExplorer] [39m[32mMapped {/api/assets/:id, DELETE} route[39m[38;5;3m +0ms[39m
[32m[Nest] 4172292  - [39m05/18/2026, 3:23:29 PM [32m    LOG[39m [38;5;3m[RoutesResolver] [39m[32mLiabilitiesController {/api/liabilities}:[39m[38;5;3m +0ms[39m
[32m[Nest] 4172292  - [39m05/18/2026, 3:23:29 PM [32m    LOG[39m [38;5;3m[RouterExplorer] [39m[32mMapped {/api/liabilities, GET} route[39m[38;5;3m +1ms[39m
[32m[Nest] 4172292  - [39m05/18/2026, 3:23:29 PM [32m    LOG[39m [38;5;3m[RouterExplorer] [39m[32mMapped {/api/liabilities, POST} route[39m[38;5;3m +0ms[39m
[32m[Nest] 4172292  - [39m05/18/2026, 3:23:29 PM [32m    LOG[39m [38;5;3m[RouterExplorer] [39m[32mMapped {/api/liabilities/:id, GET} route[39m[38;5;3m +0ms[39m
[32m[Nest] 4172292  - [39m05/18/2026, 3:23:29 PM [32m    LOG[39m [38;5;3m[RouterExplorer] [39m[32mMapped {/api/liabilities/:id/schedule, GET} route[39m[38;5;3m +1ms[39m
[32m[Nest] 4172292  - [39m05/18/2026, 3:23:29 PM [32m    LOG[39m [38;5;3m[RouterExplorer] [39m[32mMapped {/api/liabilities/:id, PATCH} route[39m[38;5;3m +0ms[39m
[32m[Nest] 4172292  - [39m05/18/2026, 3:23:29 PM [32m    LOG[39m [38;5;3m[RouterExplorer] [39m[32mMapped {/api/liabilities/:id, DELETE} route[39m[38;5;3m +0ms[39m
[32m[Nest] 4172292  - [39m05/18/2026, 3:23:29 PM [32m    LOG[39m [38;5;3m[RoutesResolver] [39m[32mTransactionsController {/api/transactions}:[39m[38;5;3m +0ms[39m
[32m[Nest] 4172292  - [39m05/18/2026, 3:23:29 PM [32m    LOG[39m [38;5;3m[RouterExplorer] [39m[32mMapped {/api/transactions, GET} route[39m[38;5;3m +1ms[39m
[32m[Nest] 4172292  - [39m05/18/2026, 3:23:29 PM [32m    LOG[39m [38;5;3m[RouterExplorer] [39m[32mMapped {/api/transactions/summary, GET} route[39m[38;5;3m +0ms[39m
[32m[Nest] 4172292  - [39m05/18/2026, 3:23:29 PM [32m    LOG[39m [38;5;3m[RouterExplorer] [39m[32mMapped {/api/transactions, POST} route[39m[38;5;3m +0ms[39m
[32m[Nest] 4172292  - [39m05/18/2026, 3:23:29 PM [32m    LOG[39m [38;5;3m[RouterExplorer] [39m[32mMapped {/api/transactions/:id, GET} route[39m[38;5;3m +0ms[39m
[32m[Nest] 4172292  - [39m05/18/2026, 3:23:29 PM [32m    LOG[39m [38;5;3m[RouterExplorer] [39m[32mMapped {/api/transactions/:id, PATCH} route[39m[38;5;3m +1ms[39m
[32m[Nest] 4172292  - [39m05/18/2026, 3:23:29 PM [32m    LOG[39m [38;5;3m[RouterExplorer] [39m[32mMapped {/api/transactions/:id, DELETE} route[39m[38;5;3m +0ms[39m
[32m[Nest] 4172292  - [39m05/18/2026, 3:23:29 PM [32m    LOG[39m [38;5;3m[RoutesResolver] [39m[32mForecastController {/api/forecast}:[39m[38;5;3m +0ms[39m
[32m[Nest] 4172292  - [39m05/18/2026, 3:23:29 PM [32m    LOG[39m [38;5;3m[RouterExplorer] [39m[32mMapped {/api/forecast/wacr, GET} route[39m[38;5;3m +0ms[39m
[32m[Nest] 4172292  - [39m05/18/2026, 3:23:29 PM [32m    LOG[39m [38;5;3m[RouterExplorer] [39m[32mMapped {/api/forecast/cashflow, POST} route[39m[38;5;3m +0ms[39m
[32m[Nest] 4172292  - [39m05/18/2026, 3:23:29 PM [32m    LOG[39m [38;5;3m[NestApplication] [39m[32mNest application successfully started[39m[38;5;3m +22ms[39m
[31m[Nest] 4172292  - [39m05/18/2026, 3:23:29 PM [31m  ERROR[39m [38;5;3m[NestApplication] [39m[31mError: listen EADDRINUSE: address already in use :::3000[39m[38;5;3m +2ms[39m
node:net:1908
    const ex = new UVExceptionWithHostPort(err, 'listen', address, port);
               ^

Error: listen EADDRINUSE: address already in use :::3000
    at Server.setupListenHandle [as _listen2] (node:net:1908:16)
    at listenInCluster (node:net:1965:12)
    at Server.listen (node:net:2067:7)
    at ExpressAdapter.listen (/home/kyrie/workspace/elevate-life/backend/node_modules/@nestjs/platform-express/adapters/express-adapter.js:115:32)
    at /home/kyrie/workspace/elevate-life/backend/node_modules/@nestjs/core/nest-application.js:188:30
    at new Promise (<anonymous>)
    at NestApplication.listen (/home/kyrie/workspace/elevate-life/backend/node_modules/@nestjs/core/nest-application.js:178:16)
    at async bootstrap (/home/kyrie/workspace/elevate-life/backend/src/main.ts:20:3) {
  code: 'EADDRINUSE',
  errno: -98,
  syscall: 'listen',
  address: '::',
  port: 3000
}

Node.js v20.20.0
[95m[Nest] 4169466  - [39m05/18/2026, 3:23:55 PM [95m  DEBUG[39m [38;5;3m[GoldService] [39m[95mToday already has gold price data, skipping fetch[39m
[95m[Nest] 4169466  - [39m05/18/2026, 9:00:00 PM [95m  DEBUG[39m [38;5;3m[GoldService] [39m[95mToday already has gold price data, skipping fetch[39m
[2J[3J[H[[90m12:40:22 PM[0m] File change detected. Starting incremental compilation...

[[90m12:40:23 PM[0m] Found 0 errors. Watching for file changes.

[32m[Nest] 112859  - [39m05/19/2026, 12:40:24 PM [32m    LOG[39m [38;5;3m[NestFactory] [39m[32mStarting Nest application...[39m
[32m[Nest] 112859  - [39m05/19/2026, 12:40:24 PM [32m    LOG[39m [38;5;3m[InstanceLoader] [39m[32mAppModule dependencies initialized[39m[38;5;3m +41ms[39m
[32m[Nest] 112859  - [39m05/19/2026, 12:40:24 PM [32m    LOG[39m [38;5;3m[InstanceLoader] [39m[32mTypeOrmModule dependencies initialized[39m[38;5;3m +0ms[39m
[32m[Nest] 112859  - [39m05/19/2026, 12:40:24 PM [32m    LOG[39m [38;5;3m[InstanceLoader] [39m[32mPassportModule dependencies initialized[39m[38;5;3m +0ms[39m
[32m[Nest] 112859  - [39m05/19/2026, 12:40:24 PM [32m    LOG[39m [38;5;3m[InstanceLoader] [39m[32mConfigHostModule dependencies initialized[39m[38;5;3m +1ms[39m
[32m[Nest] 112859  - [39m05/19/2026, 12:40:24 PM [32m    LOG[39m [38;5;3m[InstanceLoader] [39m[32mJwtModule dependencies initialized[39m[38;5;3m +0ms[39m
[32m[Nest] 112859  - [39m05/19/2026, 12:40:24 PM [32m    LOG[39m [38;5;3m[InstanceLoader] [39m[32mDiscoveryModule dependencies initialized[39m[38;5;3m +0ms[39m
[32m[Nest] 112859  - [39m05/19/2026, 12:40:24 PM [32m    LOG[39m [38;5;3m[InstanceLoader] [39m[32mConfigModule dependencies initialized[39m[38;5;3m +67ms[39m
[32m[Nest] 112859  - [39m05/19/2026, 12:40:24 PM [32m    LOG[39m [38;5;3m[InstanceLoader] [39m[32mConfigModule dependencies initialized[39m[38;5;3m +0ms[39m
[32m[Nest] 112859  - [39m05/19/2026, 12:40:24 PM [32m    LOG[39m [38;5;3m[InstanceLoader] [39m[32mScheduleModule dependencies initialized[39m[38;5;3m +0ms[39m
[32m[Nest] 112859  - [39m05/19/2026, 12:40:24 PM [32m    LOG[39m [38;5;3m[InstanceLoader] [39m[32mEncryptionModule dependencies initialized[39m[38;5;3m +14ms[39m
[32m[Nest] 112859  - [39m05/19/2026, 12:40:24 PM [32m    LOG[39m [38;5;3m[InstanceLoader] [39m[32mStockModule dependencies initialized[39m[38;5;3m +0ms[39m
[32m[Nest] 112859  - [39m05/19/2026, 12:40:24 PM [32m    LOG[39m [38;5;3m[InstanceLoader] [39m[32mThrottlerModule dependencies initialized[39m[38;5;3m +1ms[39m
[32m[Nest] 112859  - [39m05/19/2026, 12:40:24 PM [32m    LOG[39m [38;5;3m[InstanceLoader] [39m[32mTypeOrmCoreModule dependencies initialized[39m[38;5;3m +113ms[39m
[32m[Nest] 112859  - [39m05/19/2026, 12:40:24 PM [32m    LOG[39m [38;5;3m[InstanceLoader] [39m[32mTypeOrmModule dependencies initialized[39m[38;5;3m +1ms[39m
[32m[Nest] 112859  - [39m05/19/2026, 12:40:24 PM [32m    LOG[39m [38;5;3m[InstanceLoader] [39m[32mTypeOrmModule dependencies initialized[39m[38;5;3m +0ms[39m
[32m[Nest] 112859  - [39m05/19/2026, 12:40:24 PM [32m    LOG[39m [38;5;3m[InstanceLoader] [39m[32mTypeOrmModule dependencies initialized[39m[38;5;3m +0ms[39m
[32m[Nest] 112859  - [39m05/19/2026, 12:40:24 PM [32m    LOG[39m [38;5;3m[InstanceLoader] [39m[32mTypeOrmModule dependencies initialized[39m[38;5;3m +1ms[39m
[32m[Nest] 112859  - [39m05/19/2026, 12:40:24 PM [32m    LOG[39m [38;5;3m[InstanceLoader] [39m[32mTypeOrmModule dependencies initialized[39m[38;5;3m +0ms[39m
[32m[Nest] 112859  - [39m05/19/2026, 12:40:24 PM [32m    LOG[39m [38;5;3m[InstanceLoader] [39m[32mTypeOrmModule dependencies initialized[39m[38;5;3m +0ms[39m
[32m[Nest] 112859  - [39m05/19/2026, 12:40:24 PM [32m    LOG[39m [38;5;3m[InstanceLoader] [39m[32mTypeOrmModule dependencies initialized[39m[38;5;3m +0ms[39m
[32m[Nest] 112859  - [39m05/19/2026, 12:40:24 PM [32m    LOG[39m [38;5;3m[InstanceLoader] [39m[32mForecastModule dependencies initialized[39m[38;5;3m +1ms[39m
[32m[Nest] 112859  - [39m05/19/2026, 12:40:24 PM [32m    LOG[39m [38;5;3m[InstanceLoader] [39m[32mUsersModule dependencies initialized[39m[38;5;3m +0ms[39m
[32m[Nest] 112859  - [39m05/19/2026, 12:40:24 PM [32m    LOG[39m [38;5;3m[InstanceLoader] [39m[32mGoldModule dependencies initialized[39m[38;5;3m +2ms[39m
[32m[Nest] 112859  - [39m05/19/2026, 12:40:24 PM [32m    LOG[39m [38;5;3m[InstanceLoader] [39m[32mAuthModule dependencies initialized[39m[38;5;3m +0ms[39m
[32m[Nest] 112859  - [39m05/19/2026, 12:40:24 PM [32m    LOG[39m [38;5;3m[InstanceLoader] [39m[32mCategoriesModule dependencies initialized[39m[38;5;3m +1ms[39m
[32m[Nest] 112859  - [39m05/19/2026, 12:40:24 PM [32m    LOG[39m [38;5;3m[InstanceLoader] [39m[32mLiabilitiesModule dependencies initialized[39m[38;5;3m +0ms[39m
[32m[Nest] 112859  - [39m05/19/2026, 12:40:24 PM [32m    LOG[39m [38;5;3m[InstanceLoader] [39m[32mAssetsModule dependencies initialized[39m[38;5;3m +0ms[39m
[32m[Nest] 112859  - [39m05/19/2026, 12:40:24 PM [32m    LOG[39m [38;5;3m[InstanceLoader] [39m[32mTransactionsModule dependencies initialized[39m[38;5;3m +0ms[39m
[32m[Nest] 112859  - [39m05/19/2026, 12:40:24 PM [32m    LOG[39m [38;5;3m[RoutesResolver] [39m[32mAuthController {/api/auth}:[39m[38;5;3m +30ms[39m
[32m[Nest] 112859  - [39m05/19/2026, 12:40:24 PM [32m    LOG[39m [38;5;3m[RouterExplorer] [39m[32mMapped {/api/auth/register, POST} route[39m[38;5;3m +5ms[39m
[32m[Nest] 112859  - [39m05/19/2026, 12:40:24 PM [32m    LOG[39m [38;5;3m[RouterExplorer] [39m[32mMapped {/api/auth/login, POST} route[39m[38;5;3m +1ms[39m
[32m[Nest] 112859  - [39m05/19/2026, 12:40:24 PM [32m    LOG[39m [38;5;3m[RouterExplorer] [39m[32mMapped {/api/auth/refresh, POST} route[39m[38;5;3m +1ms[39m
[32m[Nest] 112859  - [39m05/19/2026, 12:40:24 PM [32m    LOG[39m [38;5;3m[RoutesResolver] [39m[32mGoldController {/api/gold}:[39m[38;5;3m +0ms[39m
[32m[Nest] 112859  - [39m05/19/2026, 12:40:24 PM [32m    LOG[39m [38;5;3m[RouterExplorer] [39m[32mMapped {/api/gold/price, GET} route[39m[38;5;3m +1ms[39m
[32m[Nest] 112859  - [39m05/19/2026, 12:40:24 PM [32m    LOG[39m [38;5;3m[RouterExplorer] [39m[32mMapped {/api/gold/history, GET} route[39m[38;5;3m +1ms[39m
[32m[Nest] 112859  - [39m05/19/2026, 12:40:24 PM [32m    LOG[39m [38;5;3m[RouterExplorer] [39m[32mMapped {/api/gold/refresh, GET} route[39m[38;5;3m +0ms[39m
[32m[Nest] 112859  - [39m05/19/2026, 12:40:24 PM [32m    LOG[39m [38;5;3m[RoutesResolver] [39m[32mCategoriesController {/api/categories}:[39m[38;5;3m +1ms[39m
[32m[Nest] 112859  - [39m05/19/2026, 12:40:24 PM [32m    LOG[39m [38;5;3m[RouterExplorer] [39m[32mMapped {/api/categories, GET} route[39m[38;5;3m +1ms[39m
[32m[Nest] 112859  - [39m05/19/2026, 12:40:24 PM [32m    LOG[39m [38;5;3m[RouterExplorer] [39m[32mMapped {/api/categories, POST} route[39m[38;5;3m +0ms[39m
[32m[Nest] 112859  - [39m05/19/2026, 12:40:24 PM [32m    LOG[39m [38;5;3m[RouterExplorer] [39m[32mMapped {/api/categories/:id, PATCH} route[39m[38;5;3m +2ms[39m
[32m[Nest] 112859  - [39m05/19/2026, 12:40:24 PM [32m    LOG[39m [38;5;3m[RouterExplorer] [39m[32mMapped {/api/categories/:id, DELETE} route[39m[38;5;3m +0ms[39m
[32m[Nest] 112859  - [39m05/19/2026, 12:40:24 PM [32m    LOG[39m [38;5;3m[RoutesResolver] [39m[32mAssetsController {/api/assets}:[39m[38;5;3m +0ms[39m
[32m[Nest] 112859  - [39m05/19/2026, 12:40:24 PM [32m    LOG[39m [38;5;3m[RouterExplorer] [39m[32mMapped {/api/assets, GET} route[39m[38;5;3m +1ms[39m
[32m[Nest] 112859  - [39m05/19/2026, 12:40:24 PM [32m    LOG[39m [38;5;3m[RouterExplorer] [39m[32mMapped {/api/assets/summary, GET} route[39m[38;5;3m +0ms[39m
[32m[Nest] 112859  - [39m05/19/2026, 12:40:24 PM [32m    LOG[39m [38;5;3m[RouterExplorer] [39m[32mMapped {/api/assets, POST} route[39m[38;5;3m +1ms[39m
[32m[Nest] 112859  - [39m05/19/2026, 12:40:24 PM [32m    LOG[39m [38;5;3m[RouterExplorer] [39m[32mMapped {/api/assets/:id, GET} route[39m[38;5;3m +0ms[39m
[32m[Nest] 112859  - [39m05/19/2026, 12:40:24 PM [32m    LOG[39m [38;5;3m[RouterExplorer] [39m[32mMapped {/api/assets/:id, PATCH} route[39m[38;5;3m +0ms[39m
[32m[Nest] 112859  - [39m05/19/2026, 12:40:24 PM [32m    LOG[39m [38;5;3m[RouterExplorer] [39m[32mMapped {/api/assets/:id, DELETE} route[39m[38;5;3m +1ms[39m
[32m[Nest] 112859  - [39m05/19/2026, 12:40:24 PM [32m    LOG[39m [38;5;3m[RoutesResolver] [39m[32mLiabilitiesController {/api/liabilities}:[39m[38;5;3m +0ms[39m
[32m[Nest] 112859  - [39m05/19/2026, 12:40:24 PM [32m    LOG[39m [38;5;3m[RouterExplorer] [39m[32mMapped {/api/liabilities, GET} route[39m[38;5;3m +0ms[39m
[32m[Nest] 112859  - [39m05/19/2026, 12:40:24 PM [32m    LOG[39m [38;5;3m[RouterExplorer] [39m[32mMapped {/api/liabilities, POST} route[39m[38;5;3m +0ms[39m
[32m[Nest] 112859  - [39m05/19/2026, 12:40:24 PM [32m    LOG[39m [38;5;3m[RouterExplorer] [39m[32mMapped {/api/liabilities/:id, GET} route[39m[38;5;3m +0ms[39m
[32m[Nest] 112859  - [39m05/19/2026, 12:40:24 PM [32m    LOG[39m [38;5;3m[RouterExplorer] [39m[32mMapped {/api/liabilities/:id/schedule, GET} route[39m[38;5;3m +1ms[39m
[32m[Nest] 112859  - [39m05/19/2026, 12:40:24 PM [32m    LOG[39m [38;5;3m[RouterExplorer] [39m[32mMapped {/api/liabilities/:id, PATCH} route[39m[38;5;3m +0ms[39m
[32m[Nest] 112859  - [39m05/19/2026, 12:40:24 PM [32m    LOG[39m [38;5;3m[RouterExplorer] [39m[32mMapped {/api/liabilities/:id, DELETE} route[39m[38;5;3m +0ms[39m
[32m[Nest] 112859  - [39m05/19/2026, 12:40:24 PM [32m    LOG[39m [38;5;3m[RoutesResolver] [39m[32mTransactionsController {/api/transactions}:[39m[38;5;3m +0ms[39m
[32m[Nest] 112859  - [39m05/19/2026, 12:40:24 PM [32m    LOG[39m [38;5;3m[RouterExplorer] [39m[32mMapped {/api/transactions, GET} route[39m[38;5;3m +1ms[39m
[32m[Nest] 112859  - [39m05/19/2026, 12:40:24 PM [32m    LOG[39m [38;5;3m[RouterExplorer] [39m[32mMapped {/api/transactions/summary, GET} route[39m[38;5;3m +0ms[39m
[32m[Nest] 112859  - [39m05/19/2026, 12:40:24 PM [32m    LOG[39m [38;5;3m[RouterExplorer] [39m[32mMapped {/api/transactions, POST} route[39m[38;5;3m +0ms[39m
[32m[Nest] 112859  - [39m05/19/2026, 12:40:24 PM [32m    LOG[39m [38;5;3m[RouterExplorer] [39m[32mMapped {/api/transactions/:id, GET} route[39m[38;5;3m +0ms[39m
[32m[Nest] 112859  - [39m05/19/2026, 12:40:24 PM [32m    LOG[39m [38;5;3m[RouterExplorer] [39m[32mMapped {/api/transactions/:id, PATCH} route[39m[38;5;3m +1ms[39m
[32m[Nest] 112859  - [39m05/19/2026, 12:40:24 PM [32m    LOG[39m [38;5;3m[RouterExplorer] [39m[32mMapped {/api/transactions/:id, DELETE} route[39m[38;5;3m +0ms[39m
[32m[Nest] 112859  - [39m05/19/2026, 12:40:24 PM [32m    LOG[39m [38;5;3m[RoutesResolver] [39m[32mForecastController {/api/forecast}:[39m[38;5;3m +0ms[39m
[32m[Nest] 112859  - [39m05/19/2026, 12:40:24 PM [32m    LOG[39m [38;5;3m[RouterExplorer] [39m[32mMapped {/api/forecast/wacr, GET} route[39m[38;5;3m +0ms[39m
[32m[Nest] 112859  - [39m05/19/2026, 12:40:24 PM [32m    LOG[39m [38;5;3m[RouterExplorer] [39m[32mMapped {/api/forecast/cashflow, POST} route[39m[38;5;3m +1ms[39m
[32m[Nest] 112859  - [39m05/19/2026, 12:40:24 PM [32m    LOG[39m [38;5;3m[NestApplication] [39m[32mNest application successfully started[39m[38;5;3m +25ms[39m
[31m[Nest] 112859  - [39m05/19/2026, 12:40:24 PM [31m  ERROR[39m [38;5;3m[NestApplication] [39m[31mError: listen EADDRINUSE: address already in use :::3000[39m[38;5;3m +3ms[39m
node:net:1908
    const ex = new UVExceptionWithHostPort(err, 'listen', address, port);
               ^

Error: listen EADDRINUSE: address already in use :::3000
    at Server.setupListenHandle [as _listen2] (node:net:1908:16)
    at listenInCluster (node:net:1965:12)
    at Server.listen (node:net:2067:7)
    at ExpressAdapter.listen (/home/kyrie/workspace/elevate-life/backend/node_modules/@nestjs/platform-express/adapters/express-adapter.js:115:32)
    at /home/kyrie/workspace/elevate-life/backend/node_modules/@nestjs/core/nest-application.js:188:30
    at new Promise (<anonymous>)
    at NestApplication.listen (/home/kyrie/workspace/elevate-life/backend/node_modules/@nestjs/core/nest-application.js:178:16)
    at async bootstrap (/home/kyrie/workspace/elevate-life/backend/src/main.ts:20:3) {
  code: 'EADDRINUSE',
  errno: -98,
  syscall: 'listen',
  address: '::',
  port: 3000
}

Node.js v20.20.0

> backend@0.0.1 start:dev
> nest start --watch

[2J[3J[H[[90m1:29:49 PM[0m] Starting compilation in watch mode...

[[90m1:29:54 PM[0m] Found 0 errors. Watching for file changes.

[32m[Nest] 122843  - [39m05/19/2026, 1:29:55 PM [32m    LOG[39m [38;5;3m[NestFactory] [39m[32mStarting Nest application...[39m
[32m[Nest] 122843  - [39m05/19/2026, 1:29:55 PM [32m    LOG[39m [38;5;3m[InstanceLoader] [39m[32mAppModule dependencies initialized[39m[38;5;3m +31ms[39m
[32m[Nest] 122843  - [39m05/19/2026, 1:29:55 PM [32m    LOG[39m [38;5;3m[InstanceLoader] [39m[32mTypeOrmModule dependencies initialized[39m[38;5;3m +0ms[39m
[32m[Nest] 122843  - [39m05/19/2026, 1:29:55 PM [32m    LOG[39m [38;5;3m[InstanceLoader] [39m[32mPassportModule dependencies initialized[39m[38;5;3m +0ms[39m
[32m[Nest] 122843  - [39m05/19/2026, 1:29:55 PM [32m    LOG[39m [38;5;3m[InstanceLoader] [39m[32mConfigHostModule dependencies initialized[39m[38;5;3m +1ms[39m
[32m[Nest] 122843  - [39m05/19/2026, 1:29:55 PM [32m    LOG[39m [38;5;3m[InstanceLoader] [39m[32mJwtModule dependencies initialized[39m[38;5;3m +0ms[39m
[32m[Nest] 122843  - [39m05/19/2026, 1:29:55 PM [32m    LOG[39m [38;5;3m[InstanceLoader] [39m[32mDiscoveryModule dependencies initialized[39m[38;5;3m +1ms[39m
[32m[Nest] 122843  - [39m05/19/2026, 1:29:55 PM [32m    LOG[39m [38;5;3m[InstanceLoader] [39m[32mConfigModule dependencies initialized[39m[38;5;3m +63ms[39m
[32m[Nest] 122843  - [39m05/19/2026, 1:29:55 PM [32m    LOG[39m [38;5;3m[InstanceLoader] [39m[32mConfigModule dependencies initialized[39m[38;5;3m +1ms[39m
[32m[Nest] 122843  - [39m05/19/2026, 1:29:55 PM [32m    LOG[39m [38;5;3m[InstanceLoader] [39m[32mScheduleModule dependencies initialized[39m[38;5;3m +0ms[39m
[32m[Nest] 122843  - [39m05/19/2026, 1:29:55 PM [32m    LOG[39m [38;5;3m[InstanceLoader] [39m[32mEncryptionModule dependencies initialized[39m[38;5;3m +25ms[39m
[32m[Nest] 122843  - [39m05/19/2026, 1:29:55 PM [32m    LOG[39m [38;5;3m[InstanceLoader] [39m[32mStockModule dependencies initialized[39m[38;5;3m +1ms[39m
[32m[Nest] 122843  - [39m05/19/2026, 1:29:55 PM [32m    LOG[39m [38;5;3m[InstanceLoader] [39m[32mThrottlerModule dependencies initialized[39m[38;5;3m +0ms[39m
[32m[Nest] 122843  - [39m05/19/2026, 1:29:55 PM [32m    LOG[39m [38;5;3m[InstanceLoader] [39m[32mTypeOrmCoreModule dependencies initialized[39m[38;5;3m +64ms[39m
[32m[Nest] 122843  - [39m05/19/2026, 1:29:55 PM [32m    LOG[39m [38;5;3m[InstanceLoader] [39m[32mTypeOrmModule dependencies initialized[39m[38;5;3m +1ms[39m
[32m[Nest] 122843  - [39m05/19/2026, 1:29:55 PM [32m    LOG[39m [38;5;3m[InstanceLoader] [39m[32mTypeOrmModule dependencies initialized[39m[38;5;3m +0ms[39m
[32m[Nest] 122843  - [39m05/19/2026, 1:29:55 PM [32m    LOG[39m [38;5;3m[InstanceLoader] [39m[32mTypeOrmModule dependencies initialized[39m[38;5;3m +0ms[39m
[32m[Nest] 122843  - [39m05/19/2026, 1:29:55 PM [32m    LOG[39m [38;5;3m[InstanceLoader] [39m[32mTypeOrmModule dependencies initialized[39m[38;5;3m +0ms[39m
[32m[Nest] 122843  - [39m05/19/2026, 1:29:55 PM [32m    LOG[39m [38;5;3m[InstanceLoader] [39m[32mTypeOrmModule dependencies initialized[39m[38;5;3m +0ms[39m
[32m[Nest] 122843  - [39m05/19/2026, 1:29:55 PM [32m    LOG[39m [38;5;3m[InstanceLoader] [39m[32mTypeOrmModule dependencies initialized[39m[38;5;3m +0ms[39m
[32m[Nest] 122843  - [39m05/19/2026, 1:29:55 PM [32m    LOG[39m [38;5;3m[InstanceLoader] [39m[32mTypeOrmModule dependencies initialized[39m[38;5;3m +0ms[39m
[32m[Nest] 122843  - [39m05/19/2026, 1:29:55 PM [32m    LOG[39m [38;5;3m[InstanceLoader] [39m[32mForecastModule dependencies initialized[39m[38;5;3m +1ms[39m
[32m[Nest] 122843  - [39m05/19/2026, 1:29:55 PM [32m    LOG[39m [38;5;3m[InstanceLoader] [39m[32mUsersModule dependencies initialized[39m[38;5;3m +0ms[39m
[32m[Nest] 122843  - [39m05/19/2026, 1:29:55 PM [32m    LOG[39m [38;5;3m[InstanceLoader] [39m[32mGoldModule dependencies initialized[39m[38;5;3m +1ms[39m
[32m[Nest] 122843  - [39m05/19/2026, 1:29:55 PM [32m    LOG[39m [38;5;3m[InstanceLoader] [39m[32mAuthModule dependencies initialized[39m[38;5;3m +0ms[39m
[32m[Nest] 122843  - [39m05/19/2026, 1:29:55 PM [32m    LOG[39m [38;5;3m[InstanceLoader] [39m[32mCategoriesModule dependencies initialized[39m[38;5;3m +1ms[39m
[32m[Nest] 122843  - [39m05/19/2026, 1:29:55 PM [32m    LOG[39m [38;5;3m[InstanceLoader] [39m[32mLiabilitiesModule dependencies initialized[39m[38;5;3m +0ms[39m
[32m[Nest] 122843  - [39m05/19/2026, 1:29:55 PM [32m    LOG[39m [38;5;3m[InstanceLoader] [39m[32mAssetsModule dependencies initialized[39m[38;5;3m +0ms[39m
[32m[Nest] 122843  - [39m05/19/2026, 1:29:55 PM [32m    LOG[39m [38;5;3m[InstanceLoader] [39m[32mTransactionsModule dependencies initialized[39m[38;5;3m +0ms[39m
[32m[Nest] 122843  - [39m05/19/2026, 1:29:55 PM [32m    LOG[39m [38;5;3m[RoutesResolver] [39m[32mAuthController {/api/auth}:[39m[38;5;3m +22ms[39m
[32m[Nest] 122843  - [39m05/19/2026, 1:29:55 PM [32m    LOG[39m [38;5;3m[RouterExplorer] [39m[32mMapped {/api/auth/register, POST} route[39m[38;5;3m +4ms[39m
[32m[Nest] 122843  - [39m05/19/2026, 1:29:55 PM [32m    LOG[39m [38;5;3m[RouterExplorer] [39m[32mMapped {/api/auth/login, POST} route[39m[38;5;3m +1ms[39m
[32m[Nest] 122843  - [39m05/19/2026, 1:29:55 PM [32m    LOG[39m [38;5;3m[RouterExplorer] [39m[32mMapped {/api/auth/refresh, POST} route[39m[38;5;3m +0ms[39m
[32m[Nest] 122843  - [39m05/19/2026, 1:29:55 PM [32m    LOG[39m [38;5;3m[RoutesResolver] [39m[32mGoldController {/api/gold}:[39m[38;5;3m +0ms[39m
[32m[Nest] 122843  - [39m05/19/2026, 1:29:55 PM [32m    LOG[39m [38;5;3m[RouterExplorer] [39m[32mMapped {/api/gold/price, GET} route[39m[38;5;3m +1ms[39m
[32m[Nest] 122843  - [39m05/19/2026, 1:29:55 PM [32m    LOG[39m [38;5;3m[RouterExplorer] [39m[32mMapped {/api/gold/history, GET} route[39m[38;5;3m +1ms[39m
[32m[Nest] 122843  - [39m05/19/2026, 1:29:55 PM [32m    LOG[39m [38;5;3m[RouterExplorer] [39m[32mMapped {/api/gold/refresh, GET} route[39m[38;5;3m +0ms[39m
[32m[Nest] 122843  - [39m05/19/2026, 1:29:55 PM [32m    LOG[39m [38;5;3m[RoutesResolver] [39m[32mCategoriesController {/api/categories}:[39m[38;5;3m +0ms[39m
[32m[Nest] 122843  - [39m05/19/2026, 1:29:55 PM [32m    LOG[39m [38;5;3m[RouterExplorer] [39m[32mMapped {/api/categories, GET} route[39m[38;5;3m +1ms[39m
[32m[Nest] 122843  - [39m05/19/2026, 1:29:55 PM [32m    LOG[39m [38;5;3m[RouterExplorer] [39m[32mMapped {/api/categories, POST} route[39m[38;5;3m +0ms[39m
[32m[Nest] 122843  - [39m05/19/2026, 1:29:55 PM [32m    LOG[39m [38;5;3m[RouterExplorer] [39m[32mMapped {/api/categories/:id, PATCH} route[39m[38;5;3m +2ms[39m
[32m[Nest] 122843  - [39m05/19/2026, 1:29:55 PM [32m    LOG[39m [38;5;3m[RouterExplorer] [39m[32mMapped {/api/categories/:id, DELETE} route[39m[38;5;3m +1ms[39m
[32m[Nest] 122843  - [39m05/19/2026, 1:29:55 PM [32m    LOG[39m [38;5;3m[RoutesResolver] [39m[32mAssetsController {/api/assets}:[39m[38;5;3m +0ms[39m
[32m[Nest] 122843  - [39m05/19/2026, 1:29:55 PM [32m    LOG[39m [38;5;3m[RouterExplorer] [39m[32mMapped {/api/assets, GET} route[39m[38;5;3m +0ms[39m
[32m[Nest] 122843  - [39m05/19/2026, 1:29:55 PM [32m    LOG[39m [38;5;3m[RouterExplorer] [39m[32mMapped {/api/assets/summary, GET} route[39m[38;5;3m +1ms[39m
[32m[Nest] 122843  - [39m05/19/2026, 1:29:55 PM [32m    LOG[39m [38;5;3m[RouterExplorer] [39m[32mMapped {/api/assets, POST} route[39m[38;5;3m +0ms[39m
[32m[Nest] 122843  - [39m05/19/2026, 1:29:55 PM [32m    LOG[39m [38;5;3m[RouterExplorer] [39m[32mMapped {/api/assets/:id, GET} route[39m[38;5;3m +1ms[39m
[32m[Nest] 122843  - [39m05/19/2026, 1:29:55 PM [32m    LOG[39m [38;5;3m[RouterExplorer] [39m[32mMapped {/api/assets/:id, PATCH} route[39m[38;5;3m +0ms[39m
[32m[Nest] 122843  - [39m05/19/2026, 1:29:55 PM [32m    LOG[39m [38;5;3m[RouterExplorer] [39m[32mMapped {/api/assets/:id, DELETE} route[39m[38;5;3m +0ms[39m
[32m[Nest] 122843  - [39m05/19/2026, 1:29:55 PM [32m    LOG[39m [38;5;3m[RoutesResolver] [39m[32mLiabilitiesController {/api/liabilities}:[39m[38;5;3m +0ms[39m
[32m[Nest] 122843  - [39m05/19/2026, 1:29:55 PM [32m    LOG[39m [38;5;3m[RouterExplorer] [39m[32mMapped {/api/liabilities, GET} route[39m[38;5;3m +1ms[39m
[32m[Nest] 122843  - [39m05/19/2026, 1:29:55 PM [32m    LOG[39m [38;5;3m[RouterExplorer] [39m[32mMapped {/api/liabilities, POST} route[39m[38;5;3m +0ms[39m
[32m[Nest] 122843  - [39m05/19/2026, 1:29:55 PM [32m    LOG[39m [38;5;3m[RouterExplorer] [39m[32mMapped {/api/liabilities/:id, GET} route[39m[38;5;3m +0ms[39m
[32m[Nest] 122843  - [39m05/19/2026, 1:29:55 PM [32m    LOG[39m [38;5;3m[RouterExplorer] [39m[32mMapped {/api/liabilities/:id/schedule, GET} route[39m[38;5;3m +0ms[39m
[32m[Nest] 122843  - [39m05/19/2026, 1:29:55 PM [32m    LOG[39m [38;5;3m[RouterExplorer] [39m[32mMapped {/api/liabilities/:id, PATCH} route[39m[38;5;3m +1ms[39m
[32m[Nest] 122843  - [39m05/19/2026, 1:29:55 PM [32m    LOG[39m [38;5;3m[RouterExplorer] [39m[32mMapped {/api/liabilities/:id, DELETE} route[39m[38;5;3m +0ms[39m
[32m[Nest] 122843  - [39m05/19/2026, 1:29:55 PM [32m    LOG[39m [38;5;3m[RoutesResolver] [39m[32mTransactionsController {/api/transactions}:[39m[38;5;3m +0ms[39m
[32m[Nest] 122843  - [39m05/19/2026, 1:29:55 PM [32m    LOG[39m [38;5;3m[RouterExplorer] [39m[32mMapped {/api/transactions, GET} route[39m[38;5;3m +1ms[39m
[32m[Nest] 122843  - [39m05/19/2026, 1:29:55 PM [32m    LOG[39m [38;5;3m[RouterExplorer] [39m[32mMapped {/api/transactions/summary, GET} route[39m[38;5;3m +0ms[39m
[32m[Nest] 122843  - [39m05/19/2026, 1:29:55 PM [32m    LOG[39m [38;5;3m[RouterExplorer] [39m[32mMapped {/api/transactions, POST} route[39m[38;5;3m +0ms[39m
[32m[Nest] 122843  - [39m05/19/2026, 1:29:55 PM [32m    LOG[39m [38;5;3m[RouterExplorer] [39m[32mMapped {/api/transactions/:id, GET} route[39m[38;5;3m +0ms[39m
[32m[Nest] 122843  - [39m05/19/2026, 1:29:55 PM [32m    LOG[39m [38;5;3m[RouterExplorer] [39m[32mMapped {/api/transactions/:id, PATCH} route[39m[38;5;3m +1ms[39m
[32m[Nest] 122843  - [39m05/19/2026, 1:29:55 PM [32m    LOG[39m [38;5;3m[RouterExplorer] [39m[32mMapped {/api/transactions/:id, DELETE} route[39m[38;5;3m +0ms[39m
[32m[Nest] 122843  - [39m05/19/2026, 1:29:55 PM [32m    LOG[39m [38;5;3m[RoutesResolver] [39m[32mForecastController {/api/forecast}:[39m[38;5;3m +0ms[39m
[32m[Nest] 122843  - [39m05/19/2026, 1:29:55 PM [32m    LOG[39m [38;5;3m[RouterExplorer] [39m[32mMapped {/api/forecast/wacr, GET} route[39m[38;5;3m +0ms[39m
[32m[Nest] 122843  - [39m05/19/2026, 1:29:55 PM [32m    LOG[39m [38;5;3m[RouterExplorer] [39m[32mMapped {/api/forecast/cashflow, POST} route[39m[38;5;3m +1ms[39m
[32m[Nest] 122843  - [39m05/19/2026, 1:29:55 PM [32m    LOG[39m [38;5;3m[NestApplication] [39m[32mNest application successfully started[39m[38;5;3m +24ms[39m
[31m[Nest] 122843  - [39m05/19/2026, 1:29:55 PM [31m  ERROR[39m [38;5;3m[NestApplication] [39m[31mError: listen EADDRINUSE: address already in use :::3000[39m[38;5;3m +3ms[39m
node:net:1908
    const ex = new UVExceptionWithHostPort(err, 'listen', address, port);
               ^

Error: listen EADDRINUSE: address already in use :::3000
    at Server.setupListenHandle [as _listen2] (node:net:1908:16)
    at listenInCluster (node:net:1965:12)
    at Server.listen (node:net:2067:7)
    at ExpressAdapter.listen (/home/kyrie/workspace/elevate-life/backend/node_modules/@nestjs/platform-express/adapters/express-adapter.js:115:32)
    at /home/kyrie/workspace/elevate-life/backend/node_modules/@nestjs/core/nest-application.js:188:30
    at new Promise (<anonymous>)
    at NestApplication.listen (/home/kyrie/workspace/elevate-life/backend/node_modules/@nestjs/core/nest-application.js:178:16)
    at async bootstrap (/home/kyrie/workspace/elevate-life/backend/src/main.ts:20:3) {
  code: 'EADDRINUSE',
  errno: -98,
  syscall: 'listen',
  address: '::',
  port: 3000
}

Node.js v20.20.0
[32m[Nest] 4169466  - [39m05/19/2026, 1:30:13 PM [32m    LOG[39m [38;5;3m[GoldService] [39m[32mUsing real-time exchange rate: 6.7995[39m
[32m[Nest] 4169466  - [39m05/19/2026, 1:30:14 PM [32m    LOG[39m [38;5;3m[GoldService] [39m[32mGold price from sina_xau: 991.29 CNY/g[39m
[2J[3J[H[[90m1:39:30 PM[0m] File change detected. Starting incremental compilation...

[[90m1:39:31 PM[0m] Found 0 errors. Watching for file changes.

[32m[Nest] 124356  - [39m05/19/2026, 1:39:32 PM [32m    LOG[39m [38;5;3m[NestFactory] [39m[32mStarting Nest application...[39m
[32m[Nest] 124356  - [39m05/19/2026, 1:39:32 PM [32m    LOG[39m [38;5;3m[InstanceLoader] [39m[32mAppModule dependencies initialized[39m[38;5;3m +51ms[39m
[32m[Nest] 124356  - [39m05/19/2026, 1:39:32 PM [32m    LOG[39m [38;5;3m[InstanceLoader] [39m[32mTypeOrmModule dependencies initialized[39m[38;5;3m +1ms[39m
[32m[Nest] 124356  - [39m05/19/2026, 1:39:32 PM [32m    LOG[39m [38;5;3m[InstanceLoader] [39m[32mPassportModule dependencies initialized[39m[38;5;3m +0ms[39m
[32m[Nest] 124356  - [39m05/19/2026, 1:39:32 PM [32m    LOG[39m [38;5;3m[InstanceLoader] [39m[32mConfigHostModule dependencies initialized[39m[38;5;3m +1ms[39m
[32m[Nest] 124356  - [39m05/19/2026, 1:39:32 PM [32m    LOG[39m [38;5;3m[InstanceLoader] [39m[32mJwtModule dependencies initialized[39m[38;5;3m +1ms[39m
[32m[Nest] 124356  - [39m05/19/2026, 1:39:32 PM [32m    LOG[39m [38;5;3m[InstanceLoader] [39m[32mDiscoveryModule dependencies initialized[39m[38;5;3m +0ms[39m
[32m[Nest] 124356  - [39m05/19/2026, 1:39:32 PM [32m    LOG[39m [38;5;3m[InstanceLoader] [39m[32mConfigModule dependencies initialized[39m[38;5;3m +66ms[39m
[32m[Nest] 124356  - [39m05/19/2026, 1:39:32 PM [32m    LOG[39m [38;5;3m[InstanceLoader] [39m[32mConfigModule dependencies initialized[39m[38;5;3m +0ms[39m
[32m[Nest] 124356  - [39m05/19/2026, 1:39:32 PM [32m    LOG[39m [38;5;3m[InstanceLoader] [39m[32mScheduleModule dependencies initialized[39m[38;5;3m +0ms[39m
[32m[Nest] 124356  - [39m05/19/2026, 1:39:32 PM [32m    LOG[39m [38;5;3m[InstanceLoader] [39m[32mEncryptionModule dependencies initialized[39m[38;5;3m +13ms[39m
[32m[Nest] 124356  - [39m05/19/2026, 1:39:32 PM [32m    LOG[39m [38;5;3m[InstanceLoader] [39m[32mStockModule dependencies initialized[39m[38;5;3m +0ms[39m
[32m[Nest] 124356  - [39m05/19/2026, 1:39:32 PM [32m    LOG[39m [38;5;3m[InstanceLoader] [39m[32mThrottlerModule dependencies initialized[39m[38;5;3m +1ms[39m
[32m[Nest] 124356  - [39m05/19/2026, 1:39:32 PM [32m    LOG[39m [38;5;3m[InstanceLoader] [39m[32mTypeOrmCoreModule dependencies initialized[39m[38;5;3m +105ms[39m
[32m[Nest] 124356  - [39m05/19/2026, 1:39:32 PM [32m    LOG[39m [38;5;3m[InstanceLoader] [39m[32mTypeOrmModule dependencies initialized[39m[38;5;3m +1ms[39m
[32m[Nest] 124356  - [39m05/19/2026, 1:39:32 PM [32m    LOG[39m [38;5;3m[InstanceLoader] [39m[32mTypeOrmModule dependencies initialized[39m[38;5;3m +0ms[39m
[32m[Nest] 124356  - [39m05/19/2026, 1:39:32 PM [32m    LOG[39m [38;5;3m[InstanceLoader] [39m[32mTypeOrmModule dependencies initialized[39m[38;5;3m +0ms[39m
[32m[Nest] 124356  - [39m05/19/2026, 1:39:32 PM [32m    LOG[39m [38;5;3m[InstanceLoader] [39m[32mTypeOrmModule dependencies initialized[39m[38;5;3m +0ms[39m
[32m[Nest] 124356  - [39m05/19/2026, 1:39:32 PM [32m    LOG[39m [38;5;3m[InstanceLoader] [39m[32mTypeOrmModule dependencies initialized[39m[38;5;3m +0ms[39m
[32m[Nest] 124356  - [39m05/19/2026, 1:39:32 PM [32m    LOG[39m [38;5;3m[InstanceLoader] [39m[32mTypeOrmModule dependencies initialized[39m[38;5;3m +0ms[39m
[32m[Nest] 124356  - [39m05/19/2026, 1:39:32 PM [32m    LOG[39m [38;5;3m[InstanceLoader] [39m[32mTypeOrmModule dependencies initialized[39m[38;5;3m +0ms[39m
[32m[Nest] 124356  - [39m05/19/2026, 1:39:32 PM [32m    LOG[39m [38;5;3m[InstanceLoader] [39m[32mForecastModule dependencies initialized[39m[38;5;3m +1ms[39m
[32m[Nest] 124356  - [39m05/19/2026, 1:39:32 PM [32m    LOG[39m [38;5;3m[InstanceLoader] [39m[32mUsersModule dependencies initialized[39m[38;5;3m +0ms[39m
[32m[Nest] 124356  - [39m05/19/2026, 1:39:32 PM [32m    LOG[39m [38;5;3m[InstanceLoader] [39m[32mGoldModule dependencies initialized[39m[38;5;3m +1ms[39m
[32m[Nest] 124356  - [39m05/19/2026, 1:39:32 PM [32m    LOG[39m [38;5;3m[InstanceLoader] [39m[32mAuthModule dependencies initialized[39m[38;5;3m +0ms[39m
[32m[Nest] 124356  - [39m05/19/2026, 1:39:32 PM [32m    LOG[39m [38;5;3m[InstanceLoader] [39m[32mCategoriesModule dependencies initialized[39m[38;5;3m +0ms[39m
[32m[Nest] 124356  - [39m05/19/2026, 1:39:32 PM [32m    LOG[39m [38;5;3m[InstanceLoader] [39m[32mLiabilitiesModule dependencies initialized[39m[38;5;3m +0ms[39m
[32m[Nest] 124356  - [39m05/19/2026, 1:39:32 PM [32m    LOG[39m [38;5;3m[InstanceLoader] [39m[32mAssetsModule dependencies initialized[39m[38;5;3m +1ms[39m
[32m[Nest] 124356  - [39m05/19/2026, 1:39:32 PM [32m    LOG[39m [38;5;3m[InstanceLoader] [39m[32mTransactionsModule dependencies initialized[39m[38;5;3m +0ms[39m
[32m[Nest] 124356  - [39m05/19/2026, 1:39:32 PM [32m    LOG[39m [38;5;3m[RoutesResolver] [39m[32mAuthController {/api/auth}:[39m[38;5;3m +18ms[39m
[32m[Nest] 124356  - [39m05/19/2026, 1:39:32 PM [32m    LOG[39m [38;5;3m[RouterExplorer] [39m[32mMapped {/api/auth/register, POST} route[39m[38;5;3m +4ms[39m
[32m[Nest] 124356  - [39m05/19/2026, 1:39:32 PM [32m    LOG[39m [38;5;3m[RouterExplorer] [39m[32mMapped {/api/auth/login, POST} route[39m[38;5;3m +1ms[39m
[32m[Nest] 124356  - [39m05/19/2026, 1:39:32 PM [32m    LOG[39m [38;5;3m[RouterExplorer] [39m[32mMapped {/api/auth/refresh, POST} route[39m[38;5;3m +0ms[39m
[32m[Nest] 124356  - [39m05/19/2026, 1:39:32 PM [32m    LOG[39m [38;5;3m[RoutesResolver] [39m[32mGoldController {/api/gold}:[39m[38;5;3m +0ms[39m
[32m[Nest] 124356  - [39m05/19/2026, 1:39:32 PM [32m    LOG[39m [38;5;3m[RouterExplorer] [39m[32mMapped {/api/gold/price, GET} route[39m[38;5;3m +1ms[39m
[32m[Nest] 124356  - [39m05/19/2026, 1:39:32 PM [32m    LOG[39m [38;5;3m[RouterExplorer] [39m[32mMapped {/api/gold/history, GET} route[39m[38;5;3m +0ms[39m
[32m[Nest] 124356  - [39m05/19/2026, 1:39:32 PM [32m    LOG[39m [38;5;3m[RouterExplorer] [39m[32mMapped {/api/gold/refresh, GET} route[39m[38;5;3m +1ms[39m
[32m[Nest] 124356  - [39m05/19/2026, 1:39:32 PM [32m    LOG[39m [38;5;3m[RoutesResolver] [39m[32mCategoriesController {/api/categories}:[39m[38;5;3m +0ms[39m
[32m[Nest] 124356  - [39m05/19/2026, 1:39:32 PM [32m    LOG[39m [38;5;3m[RouterExplorer] [39m[32mMapped {/api/categories, GET} route[39m[38;5;3m +1ms[39m
[32m[Nest] 124356  - [39m05/19/2026, 1:39:32 PM [32m    LOG[39m [38;5;3m[RouterExplorer] [39m[32mMapped {/api/categories, POST} route[39m[38;5;3m +0ms[39m
[32m[Nest] 124356  - [39m05/19/2026, 1:39:32 PM [32m    LOG[39m [38;5;3m[RouterExplorer] [39m[32mMapped {/api/categories/:id, PATCH} route[39m[38;5;3m +2ms[39m
[32m[Nest] 124356  - [39m05/19/2026, 1:39:32 PM [32m    LOG[39m [38;5;3m[RouterExplorer] [39m[32mMapped {/api/categories/:id, DELETE} route[39m[38;5;3m +0ms[39m
[32m[Nest] 124356  - [39m05/19/2026, 1:39:32 PM [32m    LOG[39m [38;5;3m[RoutesResolver] [39m[32mAssetsController {/api/assets}:[39m[38;5;3m +0ms[39m
[32m[Nest] 124356  - [39m05/19/2026, 1:39:32 PM [32m    LOG[39m [38;5;3m[RouterExplorer] [39m[32mMapped {/api/assets, GET} route[39m[38;5;3m +1ms[39m
[32m[Nest] 124356  - [39m05/19/2026, 1:39:32 PM [32m    LOG[39m [38;5;3m[RouterExplorer] [39m[32mMapped {/api/assets/summary, GET} route[39m[38;5;3m +0ms[39m
[32m[Nest] 124356  - [39m05/19/2026, 1:39:32 PM [32m    LOG[39m [38;5;3m[RouterExplorer] [39m[32mMapped {/api/assets, POST} route[39m[38;5;3m +0ms[39m
[32m[Nest] 124356  - [39m05/19/2026, 1:39:32 PM [32m    LOG[39m [38;5;3m[RouterExplorer] [39m[32mMapped {/api/assets/:id, GET} route[39m[38;5;3m +1ms[39m
[32m[Nest] 124356  - [39m05/19/2026, 1:39:32 PM [32m    LOG[39m [38;5;3m[RouterExplorer] [39m[32mMapped {/api/assets/:id, PATCH} route[39m[38;5;3m +0ms[39m
[32m[Nest] 124356  - [39m05/19/2026, 1:39:32 PM [32m    LOG[39m [38;5;3m[RouterExplorer] [39m[32mMapped {/api/assets/:id, DELETE} route[39m[38;5;3m +0ms[39m
[32m[Nest] 124356  - [39m05/19/2026, 1:39:32 PM [32m    LOG[39m [38;5;3m[RoutesResolver] [39m[32mLiabilitiesController {/api/liabilities}:[39m[38;5;3m +1ms[39m
[32m[Nest] 124356  - [39m05/19/2026, 1:39:32 PM [32m    LOG[39m [38;5;3m[RouterExplorer] [39m[32mMapped {/api/liabilities, GET} route[39m[38;5;3m +0ms[39m
[32m[Nest] 124356  - [39m05/19/2026, 1:39:32 PM [32m    LOG[39m [38;5;3m[RouterExplorer] [39m[32mMapped {/api/liabilities, POST} route[39m[38;5;3m +0ms[39m
[32m[Nest] 124356  - [39m05/19/2026, 1:39:32 PM [32m    LOG[39m [38;5;3m[RouterExplorer] [39m[32mMapped {/api/liabilities/:id, GET} route[39m[38;5;3m +0ms[39m
[32m[Nest] 124356  - [39m05/19/2026, 1:39:32 PM [32m    LOG[39m [38;5;3m[RouterExplorer] [39m[32mMapped {/api/liabilities/:id/schedule, GET} route[39m[38;5;3m +1ms[39m
[32m[Nest] 124356  - [39m05/19/2026, 1:39:32 PM [32m    LOG[39m [38;5;3m[RouterExplorer] [39m[32mMapped {/api/liabilities/:id, PATCH} route[39m[38;5;3m +0ms[39m
[32m[Nest] 124356  - [39m05/19/2026, 1:39:32 PM [32m    LOG[39m [38;5;3m[RouterExplorer] [39m[32mMapped {/api/liabilities/:id, DELETE} route[39m[38;5;3m +0ms[39m
[32m[Nest] 124356  - [39m05/19/2026, 1:39:32 PM [32m    LOG[39m [38;5;3m[RoutesResolver] [39m[32mTransactionsController {/api/transactions}:[39m[38;5;3m +0ms[39m
[32m[Nest] 124356  - [39m05/19/2026, 1:39:32 PM [32m    LOG[39m [38;5;3m[RouterExplorer] [39m[32mMapped {/api/transactions, GET} route[39m[38;5;3m +1ms[39m
[32m[Nest] 124356  - [39m05/19/2026, 1:39:32 PM [32m    LOG[39m [38;5;3m[RouterExplorer] [39m[32mMapped {/api/transactions/summary, GET} route[39m[38;5;3m +0ms[39m
[32m[Nest] 124356  - [39m05/19/2026, 1:39:32 PM [32m    LOG[39m [38;5;3m[RouterExplorer] [39m[32mMapped {/api/transactions, POST} route[39m[38;5;3m +0ms[39m
[32m[Nest] 124356  - [39m05/19/2026, 1:39:32 PM [32m    LOG[39m [38;5;3m[RouterExplorer] [39m[32mMapped {/api/transactions/:id, GET} route[39m[38;5;3m +0ms[39m
[32m[Nest] 124356  - [39m05/19/2026, 1:39:32 PM [32m    LOG[39m [38;5;3m[RouterExplorer] [39m[32mMapped {/api/transactions/:id, PATCH} route[39m[38;5;3m +1ms[39m
[32m[Nest] 124356  - [39m05/19/2026, 1:39:32 PM [32m    LOG[39m [38;5;3m[RouterExplorer] [39m[32mMapped {/api/transactions/:id, DELETE} route[39m[38;5;3m +0ms[39m
[32m[Nest] 124356  - [39m05/19/2026, 1:39:32 PM [32m    LOG[39m [38;5;3m[RoutesResolver] [39m[32mForecastController {/api/forecast}:[39m[38;5;3m +0ms[39m
[32m[Nest] 124356  - [39m05/19/2026, 1:39:32 PM [32m    LOG[39m [38;5;3m[RouterExplorer] [39m[32mMapped {/api/forecast/wacr, GET} route[39m[38;5;3m +0ms[39m
[32m[Nest] 124356  - [39m05/19/2026, 1:39:32 PM [32m    LOG[39m [38;5;3m[RouterExplorer] [39m[32mMapped {/api/forecast/cashflow, POST} route[39m[38;5;3m +1ms[39m
[32m[Nest] 124356  - [39m05/19/2026, 1:39:32 PM [32m    LOG[39m [38;5;3m[NestApplication] [39m[32mNest application successfully started[39m[38;5;3m +23ms[39m
[31m[Nest] 124356  - [39m05/19/2026, 1:39:32 PM [31m  ERROR[39m [38;5;3m[NestApplication] [39m[31mError: listen EADDRINUSE: address already in use :::3000[39m[38;5;3m +3ms[39m
node:net:1908
    const ex = new UVExceptionWithHostPort(err, 'listen', address, port);
               ^

Error: listen EADDRINUSE: address already in use :::3000
    at Server.setupListenHandle [as _listen2] (node:net:1908:16)
    at listenInCluster (node:net:1965:12)
    at Server.listen (node:net:2067:7)
    at ExpressAdapter.listen (/home/kyrie/workspace/elevate-life/backend/node_modules/@nestjs/platform-express/adapters/express-adapter.js:115:32)
    at /home/kyrie/workspace/elevate-life/backend/node_modules/@nestjs/core/nest-application.js:188:30
    at new Promise (<anonymous>)
    at NestApplication.listen (/home/kyrie/workspace/elevate-life/backend/node_modules/@nestjs/core/nest-application.js:178:16)
    at async bootstrap (/home/kyrie/workspace/elevate-life/backend/src/main.ts:20:3) {
  code: 'EADDRINUSE',
  errno: -98,
  syscall: 'listen',
  address: '::',
  port: 3000
}

Node.js v20.20.0
[2J[3J[H[[90m1:39:41 PM[0m] File change detected. Starting incremental compilation...

[[90m1:39:41 PM[0m] Found 0 errors. Watching for file changes.

[32m[Nest] 124394  - [39m05/19/2026, 1:39:42 PM [32m    LOG[39m [38;5;3m[NestFactory] [39m[32mStarting Nest application...[39m
[32m[Nest] 124394  - [39m05/19/2026, 1:39:42 PM [32m    LOG[39m [38;5;3m[InstanceLoader] [39m[32mAppModule dependencies initialized[39m[38;5;3m +56ms[39m
[32m[Nest] 124394  - [39m05/19/2026, 1:39:42 PM [32m    LOG[39m [38;5;3m[InstanceLoader] [39m[32mTypeOrmModule dependencies initialized[39m[38;5;3m +1ms[39m
[32m[Nest] 124394  - [39m05/19/2026, 1:39:42 PM [32m    LOG[39m [38;5;3m[InstanceLoader] [39m[32mPassportModule dependencies initialized[39m[38;5;3m +0ms[39m
[32m[Nest] 124394  - [39m05/19/2026, 1:39:42 PM [32m    LOG[39m [38;5;3m[InstanceLoader] [39m[32mConfigHostModule dependencies initialized[39m[38;5;3m +1ms[39m
[32m[Nest] 124394  - [39m05/19/2026, 1:39:42 PM [32m    LOG[39m [38;5;3m[InstanceLoader] [39m[32mJwtModule dependencies initialized[39m[38;5;3m +1ms[39m
[32m[Nest] 124394  - [39m05/19/2026, 1:39:42 PM [32m    LOG[39m [38;5;3m[InstanceLoader] [39m[32mDiscoveryModule dependencies initialized[39m[38;5;3m +0ms[39m
[32m[Nest] 124394  - [39m05/19/2026, 1:39:42 PM [32m    LOG[39m [38;5;3m[InstanceLoader] [39m[32mConfigModule dependencies initialized[39m[38;5;3m +67ms[39m
[32m[Nest] 124394  - [39m05/19/2026, 1:39:42 PM [32m    LOG[39m [38;5;3m[InstanceLoader] [39m[32mConfigModule dependencies initialized[39m[38;5;3m +0ms[39m
[32m[Nest] 124394  - [39m05/19/2026, 1:39:42 PM [32m    LOG[39m [38;5;3m[InstanceLoader] [39m[32mScheduleModule dependencies initialized[39m[38;5;3m +1ms[39m
[32m[Nest] 124394  - [39m05/19/2026, 1:39:42 PM [32m    LOG[39m [38;5;3m[InstanceLoader] [39m[32mEncryptionModule dependencies initialized[39m[38;5;3m +12ms[39m
[32m[Nest] 124394  - [39m05/19/2026, 1:39:42 PM [32m    LOG[39m [38;5;3m[InstanceLoader] [39m[32mStockModule dependencies initialized[39m[38;5;3m +1ms[39m
[32m[Nest] 124394  - [39m05/19/2026, 1:39:42 PM [32m    LOG[39m [38;5;3m[InstanceLoader] [39m[32mThrottlerModule dependencies initialized[39m[38;5;3m +0ms[39m
[32m[Nest] 124394  - [39m05/19/2026, 1:39:42 PM [32m    LOG[39m [38;5;3m[InstanceLoader] [39m[32mTypeOrmCoreModule dependencies initialized[39m[38;5;3m +104ms[39m
[32m[Nest] 124394  - [39m05/19/2026, 1:39:42 PM [32m    LOG[39m [38;5;3m[InstanceLoader] [39m[32mTypeOrmModule dependencies initialized[39m[38;5;3m +1ms[39m
[32m[Nest] 124394  - [39m05/19/2026, 1:39:42 PM [32m    LOG[39m [38;5;3m[InstanceLoader] [39m[32mTypeOrmModule dependencies initialized[39m[38;5;3m +0ms[39m
[32m[Nest] 124394  - [39m05/19/2026, 1:39:42 PM [32m    LOG[39m [38;5;3m[InstanceLoader] [39m[32mTypeOrmModule dependencies initialized[39m[38;5;3m +0ms[39m
[32m[Nest] 124394  - [39m05/19/2026, 1:39:42 PM [32m    LOG[39m [38;5;3m[InstanceLoader] [39m[32mTypeOrmModule dependencies initialized[39m[38;5;3m +0ms[39m
[32m[Nest] 124394  - [39m05/19/2026, 1:39:42 PM [32m    LOG[39m [38;5;3m[InstanceLoader] [39m[32mTypeOrmModule dependencies initialized[39m[38;5;3m +0ms[39m
[32m[Nest] 124394  - [39m05/19/2026, 1:39:42 PM [32m    LOG[39m [38;5;3m[InstanceLoader] [39m[32mTypeOrmModule dependencies initialized[39m[38;5;3m +0ms[39m
[32m[Nest] 124394  - [39m05/19/2026, 1:39:42 PM [32m    LOG[39m [38;5;3m[InstanceLoader] [39m[32mTypeOrmModule dependencies initialized[39m[38;5;3m +0ms[39m
[32m[Nest] 124394  - [39m05/19/2026, 1:39:42 PM [32m    LOG[39m [38;5;3m[InstanceLoader] [39m[32mForecastModule dependencies initialized[39m[38;5;3m +1ms[39m
[32m[Nest] 124394  - [39m05/19/2026, 1:39:42 PM [32m    LOG[39m [38;5;3m[InstanceLoader] [39m[32mUsersModule dependencies initialized[39m[38;5;3m +0ms[39m
[32m[Nest] 124394  - [39m05/19/2026, 1:39:42 PM [32m    LOG[39m [38;5;3m[InstanceLoader] [39m[32mGoldModule dependencies initialized[39m[38;5;3m +1ms[39m
[32m[Nest] 124394  - [39m05/19/2026, 1:39:42 PM [32m    LOG[39m [38;5;3m[InstanceLoader] [39m[32mAuthModule dependencies initialized[39m[38;5;3m +0ms[39m
[32m[Nest] 124394  - [39m05/19/2026, 1:39:42 PM [32m    LOG[39m [38;5;3m[InstanceLoader] [39m[32mCategoriesModule dependencies initialized[39m[38;5;3m +1ms[39m
[32m[Nest] 124394  - [39m05/19/2026, 1:39:42 PM [32m    LOG[39m [38;5;3m[InstanceLoader] [39m[32mLiabilitiesModule dependencies initialized[39m[38;5;3m +0ms[39m
[32m[Nest] 124394  - [39m05/19/2026, 1:39:42 PM [32m    LOG[39m [38;5;3m[InstanceLoader] [39m[32mAssetsModule dependencies initialized[39m[38;5;3m +0ms[39m
[32m[Nest] 124394  - [39m05/19/2026, 1:39:42 PM [32m    LOG[39m [38;5;3m[InstanceLoader] [39m[32mTransactionsModule dependencies initialized[39m[38;5;3m +0ms[39m
[32m[Nest] 124394  - [39m05/19/2026, 1:39:42 PM [32m    LOG[39m [38;5;3m[RoutesResolver] [39m[32mAuthController {/api/auth}:[39m[38;5;3m +18ms[39m
[32m[Nest] 124394  - [39m05/19/2026, 1:39:42 PM [32m    LOG[39m [38;5;3m[RouterExplorer] [39m[32mMapped {/api/auth/register, POST} route[39m[38;5;3m +4ms[39m
[32m[Nest] 124394  - [39m05/19/2026, 1:39:42 PM [32m    LOG[39m [38;5;3m[RouterExplorer] [39m[32mMapped {/api/auth/login, POST} route[39m[38;5;3m +1ms[39m
[32m[Nest] 124394  - [39m05/19/2026, 1:39:42 PM [32m    LOG[39m [38;5;3m[RouterExplorer] [39m[32mMapped {/api/auth/refresh, POST} route[39m[38;5;3m +0ms[39m
[32m[Nest] 124394  - [39m05/19/2026, 1:39:42 PM [32m    LOG[39m [38;5;3m[RoutesResolver] [39m[32mGoldController {/api/gold}:[39m[38;5;3m +1ms[39m
[32m[Nest] 124394  - [39m05/19/2026, 1:39:42 PM [32m    LOG[39m [38;5;3m[RouterExplorer] [39m[32mMapped {/api/gold/price, GET} route[39m[38;5;3m +0ms[39m
[32m[Nest] 124394  - [39m05/19/2026, 1:39:42 PM [32m    LOG[39m [38;5;3m[RouterExplorer] [39m[32mMapped {/api/gold/history, GET} route[39m[38;5;3m +1ms[39m
[32m[Nest] 124394  - [39m05/19/2026, 1:39:42 PM [32m    LOG[39m [38;5;3m[RouterExplorer] [39m[32mMapped {/api/gold/refresh, GET} route[39m[38;5;3m +1ms[39m
[32m[Nest] 124394  - [39m05/19/2026, 1:39:42 PM [32m    LOG[39m [38;5;3m[RoutesResolver] [39m[32mCategoriesController {/api/categories}:[39m[38;5;3m +0ms[39m
[32m[Nest] 124394  - [39m05/19/2026, 1:39:42 PM [32m    LOG[39m [38;5;3m[RouterExplorer] [39m[32mMapped {/api/categories, GET} route[39m[38;5;3m +1ms[39m
[32m[Nest] 124394  - [39m05/19/2026, 1:39:42 PM [32m    LOG[39m [38;5;3m[RouterExplorer] [39m[32mMapped {/api/categories, POST} route[39m[38;5;3m +0ms[39m
[32m[Nest] 124394  - [39m05/19/2026, 1:39:42 PM [32m    LOG[39m [38;5;3m[RouterExplorer] [39m[32mMapped {/api/categories/:id, PATCH} route[39m[38;5;3m +1ms[39m
[32m[Nest] 124394  - [39m05/19/2026, 1:39:42 PM [32m    LOG[39m [38;5;3m[RouterExplorer] [39m[32mMapped {/api/categories/:id, DELETE} route[39m[38;5;3m +1ms[39m
[32m[Nest] 124394  - [39m05/19/2026, 1:39:42 PM [32m    LOG[39m [38;5;3m[RoutesResolver] [39m[32mAssetsController {/api/assets}:[39m[38;5;3m +0ms[39m
[32m[Nest] 124394  - [39m05/19/2026, 1:39:42 PM [32m    LOG[39m [38;5;3m[RouterExplorer] [39m[32mMapped {/api/assets, GET} route[39m[38;5;3m +1ms[39m
[32m[Nest] 124394  - [39m05/19/2026, 1:39:42 PM [32m    LOG[39m [38;5;3m[RouterExplorer] [39m[32mMapped {/api/assets/summary, GET} route[39m[38;5;3m +0ms[39m
[32m[Nest] 124394  - [39m05/19/2026, 1:39:42 PM [32m    LOG[39m [38;5;3m[RouterExplorer] [39m[32mMapped {/api/assets, POST} route[39m[38;5;3m +0ms[39m
[32m[Nest] 124394  - [39m05/19/2026, 1:39:42 PM [32m    LOG[39m [38;5;3m[RouterExplorer] [39m[32mMapped {/api/assets/:id, GET} route[39m[38;5;3m +1ms[39m
[32m[Nest] 124394  - [39m05/19/2026, 1:39:42 PM [32m    LOG[39m [38;5;3m[RouterExplorer] [39m[32mMapped {/api/assets/:id, PATCH} route[39m[38;5;3m +0ms[39m
[32m[Nest] 124394  - [39m05/19/2026, 1:39:42 PM [32m    LOG[39m [38;5;3m[RouterExplorer] [39m[32mMapped {/api/assets/:id, DELETE} route[39m[38;5;3m +0ms[39m
[32m[Nest] 124394  - [39m05/19/2026, 1:39:42 PM [32m    LOG[39m [38;5;3m[RoutesResolver] [39m[32mLiabilitiesController {/api/liabilities}:[39m[38;5;3m +0ms[39m
[32m[Nest] 124394  - [39m05/19/2026, 1:39:42 PM [32m    LOG[39m [38;5;3m[RouterExplorer] [39m[32mMapped {/api/liabilities, GET} route[39m[38;5;3m +1ms[39m
[32m[Nest] 124394  - [39m05/19/2026, 1:39:42 PM [32m    LOG[39m [38;5;3m[RouterExplorer] [39m[32mMapped {/api/liabilities, POST} route[39m[38;5;3m +0ms[39m
[32m[Nest] 124394  - [39m05/19/2026, 1:39:42 PM [32m    LOG[39m [38;5;3m[RouterExplorer] [39m[32mMapped {/api/liabilities/:id, GET} route[39m[38;5;3m +0ms[39m
[32m[Nest] 124394  - [39m05/19/2026, 1:39:42 PM [32m    LOG[39m [38;5;3m[RouterExplorer] [39m[32mMapped {/api/liabilities/:id/schedule, GET} route[39m[38;5;3m +1ms[39m
[32m[Nest] 124394  - [39m05/19/2026, 1:39:42 PM [32m    LOG[39m [38;5;3m[RouterExplorer] [39m[32mMapped {/api/liabilities/:id, PATCH} route[39m[38;5;3m +0ms[39m
[32m[Nest] 124394  - [39m05/19/2026, 1:39:42 PM [32m    LOG[39m [38;5;3m[RouterExplorer] [39m[32mMapped {/api/liabilities/:id, DELETE} route[39m[38;5;3m +0ms[39m
[32m[Nest] 124394  - [39m05/19/2026, 1:39:42 PM [32m    LOG[39m [38;5;3m[RoutesResolver] [39m[32mTransactionsController {/api/transactions}:[39m[38;5;3m +0ms[39m
[32m[Nest] 124394  - [39m05/19/2026, 1:39:42 PM [32m    LOG[39m [38;5;3m[RouterExplorer] [39m[32mMapped {/api/transactions, GET} route[39m[38;5;3m +1ms[39m
[32m[Nest] 124394  - [39m05/19/2026, 1:39:42 PM [32m    LOG[39m [38;5;3m[RouterExplorer] [39m[32mMapped {/api/transactions/summary, GET} route[39m[38;5;3m +0ms[39m
[32m[Nest] 124394  - [39m05/19/2026, 1:39:42 PM [32m    LOG[39m [38;5;3m[RouterExplorer] [39m[32mMapped {/api/transactions, POST} route[39m[38;5;3m +0ms[39m
[32m[Nest] 124394  - [39m05/19/2026, 1:39:42 PM [32m    LOG[39m [38;5;3m[RouterExplorer] [39m[32mMapped {/api/transactions/:id, GET} route[39m[38;5;3m +0ms[39m
[32m[Nest] 124394  - [39m05/19/2026, 1:39:42 PM [32m    LOG[39m [38;5;3m[RouterExplorer] [39m[32mMapped {/api/transactions/:id, PATCH} route[39m[38;5;3m +1ms[39m
[32m[Nest] 124394  - [39m05/19/2026, 1:39:42 PM [32m    LOG[39m [38;5;3m[RouterExplorer] [39m[32mMapped {/api/transactions/:id, DELETE} route[39m[38;5;3m +0ms[39m
[32m[Nest] 124394  - [39m05/19/2026, 1:39:42 PM [32m    LOG[39m [38;5;3m[RoutesResolver] [39m[32mForecastController {/api/forecast}:[39m[38;5;3m +0ms[39m
[32m[Nest] 124394  - [39m05/19/2026, 1:39:42 PM [32m    LOG[39m [38;5;3m[RouterExplorer] [39m[32mMapped {/api/forecast/wacr, GET} route[39m[38;5;3m +0ms[39m
[32m[Nest] 124394  - [39m05/19/2026, 1:39:42 PM [32m    LOG[39m [38;5;3m[RouterExplorer] [39m[32mMapped {/api/forecast/cashflow, POST} route[39m[38;5;3m +0ms[39m
[32m[Nest] 124394  - [39m05/19/2026, 1:39:42 PM [32m    LOG[39m [38;5;3m[NestApplication] [39m[32mNest application successfully started[39m[38;5;3m +24ms[39m
[31m[Nest] 124394  - [39m05/19/2026, 1:39:42 PM [31m  ERROR[39m [38;5;3m[NestApplication] [39m[31mError: listen EADDRINUSE: address already in use :::3000[39m[38;5;3m +3ms[39m
node:net:1908
    const ex = new UVExceptionWithHostPort(err, 'listen', address, port);
               ^

Error: listen EADDRINUSE: address already in use :::3000
    at Server.setupListenHandle [as _listen2] (node:net:1908:16)
    at listenInCluster (node:net:1965:12)
    at Server.listen (node:net:2067:7)
    at ExpressAdapter.listen (/home/kyrie/workspace/elevate-life/backend/node_modules/@nestjs/platform-express/adapters/express-adapter.js:115:32)
    at /home/kyrie/workspace/elevate-life/backend/node_modules/@nestjs/core/nest-application.js:188:30
    at new Promise (<anonymous>)
    at NestApplication.listen (/home/kyrie/workspace/elevate-life/backend/node_modules/@nestjs/core/nest-application.js:178:16)
    at async bootstrap (/home/kyrie/workspace/elevate-life/backend/src/main.ts:20:3) {
  code: 'EADDRINUSE',
  errno: -98,
  syscall: 'listen',
  address: '::',
  port: 3000
}

Node.js v20.20.0
[2J[3J[H[[90m1:39:51 PM[0m] File change detected. Starting incremental compilation...

[[90m1:39:51 PM[0m] Found 0 errors. Watching for file changes.

[32m[Nest] 124423  - [39m05/19/2026, 1:39:52 PM [32m    LOG[39m [38;5;3m[NestFactory] [39m[32mStarting Nest application...[39m
[32m[Nest] 124423  - [39m05/19/2026, 1:39:52 PM [32m    LOG[39m [38;5;3m[InstanceLoader] [39m[32mAppModule dependencies initialized[39m[38;5;3m +51ms[39m
[32m[Nest] 124423  - [39m05/19/2026, 1:39:52 PM [32m    LOG[39m [38;5;3m[InstanceLoader] [39m[32mTypeOrmModule dependencies initialized[39m[38;5;3m +0ms[39m
[32m[Nest] 124423  - [39m05/19/2026, 1:39:52 PM [32m    LOG[39m [38;5;3m[InstanceLoader] [39m[32mPassportModule dependencies initialized[39m[38;5;3m +1ms[39m
[32m[Nest] 124423  - [39m05/19/2026, 1:39:52 PM [32m    LOG[39m [38;5;3m[InstanceLoader] [39m[32mConfigHostModule dependencies initialized[39m[38;5;3m +1ms[39m
[32m[Nest] 124423  - [39m05/19/2026, 1:39:52 PM [32m    LOG[39m [38;5;3m[InstanceLoader] [39m[32mJwtModule dependencies initialized[39m[38;5;3m +1ms[39m
[32m[Nest] 124423  - [39m05/19/2026, 1:39:52 PM [32m    LOG[39m [38;5;3m[InstanceLoader] [39m[32mDiscoveryModule dependencies initialized[39m[38;5;3m +0ms[39m
[32m[Nest] 124423  - [39m05/19/2026, 1:39:52 PM [32m    LOG[39m [38;5;3m[InstanceLoader] [39m[32mConfigModule dependencies initialized[39m[38;5;3m +68ms[39m
[32m[Nest] 124423  - [39m05/19/2026, 1:39:52 PM [32m    LOG[39m [38;5;3m[InstanceLoader] [39m[32mConfigModule dependencies initialized[39m[38;5;3m +1ms[39m
[32m[Nest] 124423  - [39m05/19/2026, 1:39:52 PM [32m    LOG[39m [38;5;3m[InstanceLoader] [39m[32mScheduleModule dependencies initialized[39m[38;5;3m +0ms[39m
[32m[Nest] 124423  - [39m05/19/2026, 1:39:52 PM [32m    LOG[39m [38;5;3m[InstanceLoader] [39m[32mEncryptionModule dependencies initialized[39m[38;5;3m +13ms[39m
[32m[Nest] 124423  - [39m05/19/2026, 1:39:52 PM [32m    LOG[39m [38;5;3m[InstanceLoader] [39m[32mStockModule dependencies initialized[39m[38;5;3m +1ms[39m
[32m[Nest] 124423  - [39m05/19/2026, 1:39:52 PM [32m    LOG[39m [38;5;3m[InstanceLoader] [39m[32mThrottlerModule dependencies initialized[39m[38;5;3m +0ms[39m
[32m[Nest] 124423  - [39m05/19/2026, 1:39:52 PM [32m    LOG[39m [38;5;3m[InstanceLoader] [39m[32mTypeOrmCoreModule dependencies initialized[39m[38;5;3m +112ms[39m
[32m[Nest] 124423  - [39m05/19/2026, 1:39:52 PM [32m    LOG[39m [38;5;3m[InstanceLoader] [39m[32mTypeOrmModule dependencies initialized[39m[38;5;3m +0ms[39m
[32m[Nest] 124423  - [39m05/19/2026, 1:39:52 PM [32m    LOG[39m [38;5;3m[InstanceLoader] [39m[32mTypeOrmModule dependencies initialized[39m[38;5;3m +0ms[39m
[32m[Nest] 124423  - [39m05/19/2026, 1:39:52 PM [32m    LOG[39m [38;5;3m[InstanceLoader] [39m[32mTypeOrmModule dependencies initialized[39m[38;5;3m +1ms[39m
[32m[Nest] 124423  - [39m05/19/2026, 1:39:52 PM [32m    LOG[39m [38;5;3m[InstanceLoader] [39m[32mTypeOrmModule dependencies initialized[39m[38;5;3m +0ms[39m
[32m[Nest] 124423  - [39m05/19/2026, 1:39:52 PM [32m    LOG[39m [38;5;3m[InstanceLoader] [39m[32mTypeOrmModule dependencies initialized[39m[38;5;3m +0ms[39m
[32m[Nest] 124423  - [39m05/19/2026, 1:39:52 PM [32m    LOG[39m [38;5;3m[InstanceLoader] [39m[32mTypeOrmModule dependencies initialized[39m[38;5;3m +0ms[39m
[32m[Nest] 124423  - [39m05/19/2026, 1:39:52 PM [32m    LOG[39m [38;5;3m[InstanceLoader] [39m[32mTypeOrmModule dependencies initialized[39m[38;5;3m +0ms[39m
[32m[Nest] 124423  - [39m05/19/2026, 1:39:52 PM [32m    LOG[39m [38;5;3m[InstanceLoader] [39m[32mForecastModule dependencies initialized[39m[38;5;3m +1ms[39m
[32m[Nest] 124423  - [39m05/19/2026, 1:39:52 PM [32m    LOG[39m [38;5;3m[InstanceLoader] [39m[32mUsersModule dependencies initialized[39m[38;5;3m +0ms[39m
[32m[Nest] 124423  - [39m05/19/2026, 1:39:52 PM [32m    LOG[39m [38;5;3m[InstanceLoader] [39m[32mGoldModule dependencies initialized[39m[38;5;3m +1ms[39m
[32m[Nest] 124423  - [39m05/19/2026, 1:39:52 PM [32m    LOG[39m [38;5;3m[InstanceLoader] [39m[32mAuthModule dependencies initialized[39m[38;5;3m +0ms[39m
[32m[Nest] 124423  - [39m05/19/2026, 1:39:52 PM [32m    LOG[39m [38;5;3m[InstanceLoader] [39m[32mCategoriesModule dependencies initialized[39m[38;5;3m +0ms[39m
[32m[Nest] 124423  - [39m05/19/2026, 1:39:52 PM [32m    LOG[39m [38;5;3m[InstanceLoader] [39m[32mLiabilitiesModule dependencies initialized[39m[38;5;3m +1ms[39m
[32m[Nest] 124423  - [39m05/19/2026, 1:39:52 PM [32m    LOG[39m [38;5;3m[InstanceLoader] [39m[32mAssetsModule dependencies initialized[39m[38;5;3m +0ms[39m
[32m[Nest] 124423  - [39m05/19/2026, 1:39:52 PM [32m    LOG[39m [38;5;3m[InstanceLoader] [39m[32mTransactionsModule dependencies initialized[39m[38;5;3m +0ms[39m
[32m[Nest] 124423  - [39m05/19/2026, 1:39:52 PM [32m    LOG[39m [38;5;3m[RoutesResolver] [39m[32mAuthController {/api/auth}:[39m[38;5;3m +18ms[39m
[32m[Nest] 124423  - [39m05/19/2026, 1:39:52 PM [32m    LOG[39m [38;5;3m[RouterExplorer] [39m[32mMapped {/api/auth/register, POST} route[39m[38;5;3m +4ms[39m
[32m[Nest] 124423  - [39m05/19/2026, 1:39:52 PM [32m    LOG[39m [38;5;3m[RouterExplorer] [39m[32mMapped {/api/auth/login, POST} route[39m[38;5;3m +1ms[39m
[32m[Nest] 124423  - [39m05/19/2026, 1:39:52 PM [32m    LOG[39m [38;5;3m[RouterExplorer] [39m[32mMapped {/api/auth/refresh, POST} route[39m[38;5;3m +0ms[39m
[32m[Nest] 124423  - [39m05/19/2026, 1:39:52 PM [32m    LOG[39m [38;5;3m[RoutesResolver] [39m[32mGoldController {/api/gold}:[39m[38;5;3m +0ms[39m
[32m[Nest] 124423  - [39m05/19/2026, 1:39:52 PM [32m    LOG[39m [38;5;3m[RouterExplorer] [39m[32mMapped {/api/gold/price, GET} route[39m[38;5;3m +1ms[39m
[32m[Nest] 124423  - [39m05/19/2026, 1:39:52 PM [32m    LOG[39m [38;5;3m[RouterExplorer] [39m[32mMapped {/api/gold/history, GET} route[39m[38;5;3m +1ms[39m
[32m[Nest] 124423  - [39m05/19/2026, 1:39:52 PM [32m    LOG[39m [38;5;3m[RouterExplorer] [39m[32mMapped {/api/gold/refresh, GET} route[39m[38;5;3m +0ms[39m
[32m[Nest] 124423  - [39m05/19/2026, 1:39:52 PM [32m    LOG[39m [38;5;3m[RoutesResolver] [39m[32mCategoriesController {/api/categories}:[39m[38;5;3m +0ms[39m
[32m[Nest] 124423  - [39m05/19/2026, 1:39:52 PM [32m    LOG[39m [38;5;3m[RouterExplorer] [39m[32mMapped {/api/categories, GET} route[39m[38;5;3m +1ms[39m
[32m[Nest] 124423  - [39m05/19/2026, 1:39:52 PM [32m    LOG[39m [38;5;3m[RouterExplorer] [39m[32mMapped {/api/categories, POST} route[39m[38;5;3m +0ms[39m
[32m[Nest] 124423  - [39m05/19/2026, 1:39:52 PM [32m    LOG[39m [38;5;3m[RouterExplorer] [39m[32mMapped {/api/categories/:id, PATCH} route[39m[38;5;3m +2ms[39m
[32m[Nest] 124423  - [39m05/19/2026, 1:39:52 PM [32m    LOG[39m [38;5;3m[RouterExplorer] [39m[32mMapped {/api/categories/:id, DELETE} route[39m[38;5;3m +1ms[39m
[32m[Nest] 124423  - [39m05/19/2026, 1:39:52 PM [32m    LOG[39m [38;5;3m[RoutesResolver] [39m[32mAssetsController {/api/assets}:[39m[38;5;3m +0ms[39m
[32m[Nest] 124423  - [39m05/19/2026, 1:39:52 PM [32m    LOG[39m [38;5;3m[RouterExplorer] [39m[32mMapped {/api/assets, GET} route[39m[38;5;3m +1ms[39m
[32m[Nest] 124423  - [39m05/19/2026, 1:39:52 PM [32m    LOG[39m [38;5;3m[RouterExplorer] [39m[32mMapped {/api/assets/summary, GET} route[39m[38;5;3m +0ms[39m
[32m[Nest] 124423  - [39m05/19/2026, 1:39:52 PM [32m    LOG[39m [38;5;3m[RouterExplorer] [39m[32mMapped {/api/assets, POST} route[39m[38;5;3m +0ms[39m
[32m[Nest] 124423  - [39m05/19/2026, 1:39:52 PM [32m    LOG[39m [38;5;3m[RouterExplorer] [39m[32mMapped {/api/assets/:id, GET} route[39m[38;5;3m +1ms[39m
[32m[Nest] 124423  - [39m05/19/2026, 1:39:52 PM [32m    LOG[39m [38;5;3m[RouterExplorer] [39m[32mMapped {/api/assets/:id, PATCH} route[39m[38;5;3m +0ms[39m
[32m[Nest] 124423  - [39m05/19/2026, 1:39:52 PM [32m    LOG[39m [38;5;3m[RouterExplorer] [39m[32mMapped {/api/assets/:id, DELETE} route[39m[38;5;3m +0ms[39m
[32m[Nest] 124423  - [39m05/19/2026, 1:39:52 PM [32m    LOG[39m [38;5;3m[RoutesResolver] [39m[32mLiabilitiesController {/api/liabilities}:[39m[38;5;3m +0ms[39m
[32m[Nest] 124423  - [39m05/19/2026, 1:39:52 PM [32m    LOG[39m [38;5;3m[RouterExplorer] [39m[32mMapped {/api/liabilities, GET} route[39m[38;5;3m +1ms[39m
[32m[Nest] 124423  - [39m05/19/2026, 1:39:52 PM [32m    LOG[39m [38;5;3m[RouterExplorer] [39m[32mMapped {/api/liabilities, POST} route[39m[38;5;3m +0ms[39m
[32m[Nest] 124423  - [39m05/19/2026, 1:39:52 PM [32m    LOG[39m [38;5;3m[RouterExplorer] [39m[32mMapped {/api/liabilities/:id, GET} route[39m[38;5;3m +0ms[39m
[32m[Nest] 124423  - [39m05/19/2026, 1:39:52 PM [32m    LOG[39m [38;5;3m[RouterExplorer] [39m[32mMapped {/api/liabilities/:id/schedule, GET} route[39m[38;5;3m +0ms[39m
[32m[Nest] 124423  - [39m05/19/2026, 1:39:52 PM [32m    LOG[39m [38;5;3m[RouterExplorer] [39m[32mMapped {/api/liabilities/:id, PATCH} route[39m[38;5;3m +1ms[39m
[32m[Nest] 124423  - [39m05/19/2026, 1:39:52 PM [32m    LOG[39m [38;5;3m[RouterExplorer] [39m[32mMapped {/api/liabilities/:id, DELETE} route[39m[38;5;3m +0ms[39m
[32m[Nest] 124423  - [39m05/19/2026, 1:39:52 PM [32m    LOG[39m [38;5;3m[RoutesResolver] [39m[32mTransactionsController {/api/transactions}:[39m[38;5;3m +1ms[39m
[32m[Nest] 124423  - [39m05/19/2026, 1:39:52 PM [32m    LOG[39m [38;5;3m[RouterExplorer] [39m[32mMapped {/api/transactions, GET} route[39m[38;5;3m +0ms[39m
[32m[Nest] 124423  - [39m05/19/2026, 1:39:52 PM [32m    LOG[39m [38;5;3m[RouterExplorer] [39m[32mMapped {/api/transactions/summary, GET} route[39m[38;5;3m +0ms[39m
[32m[Nest] 124423  - [39m05/19/2026, 1:39:52 PM [32m    LOG[39m [38;5;3m[RouterExplorer] [39m[32mMapped {/api/transactions, POST} route[39m[38;5;3m +0ms[39m
[32m[Nest] 124423  - [39m05/19/2026, 1:39:52 PM [32m    LOG[39m [38;5;3m[RouterExplorer] [39m[32mMapped {/api/transactions/:id, GET} route[39m[38;5;3m +1ms[39m
[32m[Nest] 124423  - [39m05/19/2026, 1:39:52 PM [32m    LOG[39m [38;5;3m[RouterExplorer] [39m[32mMapped {/api/transactions/:id, PATCH} route[39m[38;5;3m +0ms[39m
[32m[Nest] 124423  - [39m05/19/2026, 1:39:52 PM [32m    LOG[39m [38;5;3m[RouterExplorer] [39m[32mMapped {/api/transactions/:id, DELETE} route[39m[38;5;3m +0ms[39m
[32m[Nest] 124423  - [39m05/19/2026, 1:39:52 PM [32m    LOG[39m [38;5;3m[RoutesResolver] [39m[32mForecastController {/api/forecast}:[39m[38;5;3m +0ms[39m
[32m[Nest] 124423  - [39m05/19/2026, 1:39:52 PM [32m    LOG[39m [38;5;3m[RouterExplorer] [39m[32mMapped {/api/forecast/wacr, GET} route[39m[38;5;3m +0ms[39m
[32m[Nest] 124423  - [39m05/19/2026, 1:39:52 PM [32m    LOG[39m [38;5;3m[RouterExplorer] [39m[32mMapped {/api/forecast/cashflow, POST} route[39m[38;5;3m +1ms[39m
[32m[Nest] 124423  - [39m05/19/2026, 1:39:52 PM [32m    LOG[39m [38;5;3m[NestApplication] [39m[32mNest application successfully started[39m[38;5;3m +23ms[39m
[31m[Nest] 124423  - [39m05/19/2026, 1:39:52 PM [31m  ERROR[39m [38;5;3m[NestApplication] [39m[31mError: listen EADDRINUSE: address already in use :::3000[39m[38;5;3m +3ms[39m
node:net:1908
    const ex = new UVExceptionWithHostPort(err, 'listen', address, port);
               ^

Error: listen EADDRINUSE: address already in use :::3000
    at Server.setupListenHandle [as _listen2] (node:net:1908:16)
    at listenInCluster (node:net:1965:12)
    at Server.listen (node:net:2067:7)
    at ExpressAdapter.listen (/home/kyrie/workspace/elevate-life/backend/node_modules/@nestjs/platform-express/adapters/express-adapter.js:115:32)
    at /home/kyrie/workspace/elevate-life/backend/node_modules/@nestjs/core/nest-application.js:188:30
    at new Promise (<anonymous>)
    at NestApplication.listen (/home/kyrie/workspace/elevate-life/backend/node_modules/@nestjs/core/nest-application.js:178:16)
    at async bootstrap (/home/kyrie/workspace/elevate-life/backend/src/main.ts:20:3) {
  code: 'EADDRINUSE',
  errno: -98,
  syscall: 'listen',
  address: '::',
  port: 3000
}

Node.js v20.20.0
[2J[3J[H[[90m1:40:00 PM[0m] File change detected. Starting incremental compilation...

[[90m1:40:00 PM[0m] Found 0 errors. Watching for file changes.

[32m[Nest] 124459  - [39m05/19/2026, 1:40:01 PM [32m    LOG[39m [38;5;3m[NestFactory] [39m[32mStarting Nest application...[39m
[32m[Nest] 124459  - [39m05/19/2026, 1:40:01 PM [32m    LOG[39m [38;5;3m[InstanceLoader] [39m[32mAppModule dependencies initialized[39m[38;5;3m +36ms[39m
[32m[Nest] 124459  - [39m05/19/2026, 1:40:01 PM [32m    LOG[39m [38;5;3m[InstanceLoader] [39m[32mTypeOrmModule dependencies initialized[39m[38;5;3m +1ms[39m
[32m[Nest] 124459  - [39m05/19/2026, 1:40:01 PM [32m    LOG[39m [38;5;3m[InstanceLoader] [39m[32mPassportModule dependencies initialized[39m[38;5;3m +0ms[39m
[32m[Nest] 124459  - [39m05/19/2026, 1:40:01 PM [32m    LOG[39m [38;5;3m[InstanceLoader] [39m[32mConfigHostModule dependencies initialized[39m[38;5;3m +1ms[39m
[32m[Nest] 124459  - [39m05/19/2026, 1:40:01 PM [32m    LOG[39m [38;5;3m[InstanceLoader] [39m[32mJwtModule dependencies initialized[39m[38;5;3m +0ms[39m
[32m[Nest] 124459  - [39m05/19/2026, 1:40:01 PM [32m    LOG[39m [38;5;3m[InstanceLoader] [39m[32mDiscoveryModule dependencies initialized[39m[38;5;3m +0ms[39m
[32m[Nest] 124459  - [39m05/19/2026, 1:40:01 PM [32m    LOG[39m [38;5;3m[InstanceLoader] [39m[32mConfigModule dependencies initialized[39m[38;5;3m +64ms[39m
[32m[Nest] 124459  - [39m05/19/2026, 1:40:01 PM [32m    LOG[39m [38;5;3m[InstanceLoader] [39m[32mConfigModule dependencies initialized[39m[38;5;3m +0ms[39m
[32m[Nest] 124459  - [39m05/19/2026, 1:40:01 PM [32m    LOG[39m [38;5;3m[InstanceLoader] [39m[32mScheduleModule dependencies initialized[39m[38;5;3m +0ms[39m
[32m[Nest] 124459  - [39m05/19/2026, 1:40:02 PM [32m    LOG[39m [38;5;3m[InstanceLoader] [39m[32mEncryptionModule dependencies initialized[39m[38;5;3m +10ms[39m
[32m[Nest] 124459  - [39m05/19/2026, 1:40:02 PM [32m    LOG[39m [38;5;3m[InstanceLoader] [39m[32mStockModule dependencies initialized[39m[38;5;3m +0ms[39m
[32m[Nest] 124459  - [39m05/19/2026, 1:40:02 PM [32m    LOG[39m [38;5;3m[InstanceLoader] [39m[32mThrottlerModule dependencies initialized[39m[38;5;3m +1ms[39m
[32m[Nest] 124459  - [39m05/19/2026, 1:40:02 PM [32m    LOG[39m [38;5;3m[InstanceLoader] [39m[32mTypeOrmCoreModule dependencies initialized[39m[38;5;3m +94ms[39m
[32m[Nest] 124459  - [39m05/19/2026, 1:40:02 PM [32m    LOG[39m [38;5;3m[InstanceLoader] [39m[32mTypeOrmModule dependencies initialized[39m[38;5;3m +0ms[39m
[32m[Nest] 124459  - [39m05/19/2026, 1:40:02 PM [32m    LOG[39m [38;5;3m[InstanceLoader] [39m[32mTypeOrmModule dependencies initialized[39m[38;5;3m +0ms[39m
[32m[Nest] 124459  - [39m05/19/2026, 1:40:02 PM [32m    LOG[39m [38;5;3m[InstanceLoader] [39m[32mTypeOrmModule dependencies initialized[39m[38;5;3m +1ms[39m
[32m[Nest] 124459  - [39m05/19/2026, 1:40:02 PM [32m    LOG[39m [38;5;3m[InstanceLoader] [39m[32mTypeOrmModule dependencies initialized[39m[38;5;3m +0ms[39m
[32m[Nest] 124459  - [39m05/19/2026, 1:40:02 PM [32m    LOG[39m [38;5;3m[InstanceLoader] [39m[32mTypeOrmModule dependencies initialized[39m[38;5;3m +0ms[39m
[32m[Nest] 124459  - [39m05/19/2026, 1:40:02 PM [32m    LOG[39m [38;5;3m[InstanceLoader] [39m[32mTypeOrmModule dependencies initialized[39m[38;5;3m +0ms[39m
[32m[Nest] 124459  - [39m05/19/2026, 1:40:02 PM [32m    LOG[39m [38;5;3m[InstanceLoader] [39m[32mTypeOrmModule dependencies initialized[39m[38;5;3m +0ms[39m
[32m[Nest] 124459  - [39m05/19/2026, 1:40:02 PM [32m    LOG[39m [38;5;3m[InstanceLoader] [39m[32mForecastModule dependencies initialized[39m[38;5;3m +0ms[39m
[32m[Nest] 124459  - [39m05/19/2026, 1:40:02 PM [32m    LOG[39m [38;5;3m[InstanceLoader] [39m[32mUsersModule dependencies initialized[39m[38;5;3m +0ms[39m
[32m[Nest] 124459  - [39m05/19/2026, 1:40:02 PM [32m    LOG[39m [38;5;3m[InstanceLoader] [39m[32mGoldModule dependencies initialized[39m[38;5;3m +1ms[39m
[32m[Nest] 124459  - [39m05/19/2026, 1:40:02 PM [32m    LOG[39m [38;5;3m[InstanceLoader] [39m[32mAuthModule dependencies initialized[39m[38;5;3m +1ms[39m
[32m[Nest] 124459  - [39m05/19/2026, 1:40:02 PM [32m    LOG[39m [38;5;3m[InstanceLoader] [39m[32mCategoriesModule dependencies initialized[39m[38;5;3m +0ms[39m
[32m[Nest] 124459  - [39m05/19/2026, 1:40:02 PM [32m    LOG[39m [38;5;3m[InstanceLoader] [39m[32mLiabilitiesModule dependencies initialized[39m[38;5;3m +0ms[39m
[32m[Nest] 124459  - [39m05/19/2026, 1:40:02 PM [32m    LOG[39m [38;5;3m[InstanceLoader] [39m[32mAssetsModule dependencies initialized[39m[38;5;3m +0ms[39m
[32m[Nest] 124459  - [39m05/19/2026, 1:40:02 PM [32m    LOG[39m [38;5;3m[InstanceLoader] [39m[32mTransactionsModule dependencies initialized[39m[38;5;3m +0ms[39m
[32m[Nest] 124459  - [39m05/19/2026, 1:40:02 PM [32m    LOG[39m [38;5;3m[RoutesResolver] [39m[32mAuthController {/api/auth}:[39m[38;5;3m +18ms[39m
[32m[Nest] 124459  - [39m05/19/2026, 1:40:02 PM [32m    LOG[39m [38;5;3m[RouterExplorer] [39m[32mMapped {/api/auth/register, POST} route[39m[38;5;3m +4ms[39m
[32m[Nest] 124459  - [39m05/19/2026, 1:40:02 PM [32m    LOG[39m [38;5;3m[RouterExplorer] [39m[32mMapped {/api/auth/login, POST} route[39m[38;5;3m +1ms[39m
[32m[Nest] 124459  - [39m05/19/2026, 1:40:02 PM [32m    LOG[39m [38;5;3m[RouterExplorer] [39m[32mMapped {/api/auth/refresh, POST} route[39m[38;5;3m +0ms[39m
[32m[Nest] 124459  - [39m05/19/2026, 1:40:02 PM [32m    LOG[39m [38;5;3m[RoutesResolver] [39m[32mGoldController {/api/gold}:[39m[38;5;3m +1ms[39m
[32m[Nest] 124459  - [39m05/19/2026, 1:40:02 PM [32m    LOG[39m [38;5;3m[RouterExplorer] [39m[32mMapped {/api/gold/price, GET} route[39m[38;5;3m +0ms[39m
[32m[Nest] 124459  - [39m05/19/2026, 1:40:02 PM [32m    LOG[39m [38;5;3m[RouterExplorer] [39m[32mMapped {/api/gold/history, GET} route[39m[38;5;3m +1ms[39m
[32m[Nest] 124459  - [39m05/19/2026, 1:40:02 PM [32m    LOG[39m [38;5;3m[RouterExplorer] [39m[32mMapped {/api/gold/refresh, GET} route[39m[38;5;3m +0ms[39m
[32m[Nest] 124459  - [39m05/19/2026, 1:40:02 PM [32m    LOG[39m [38;5;3m[RoutesResolver] [39m[32mCategoriesController {/api/categories}:[39m[38;5;3m +0ms[39m
[32m[Nest] 124459  - [39m05/19/2026, 1:40:02 PM [32m    LOG[39m [38;5;3m[RouterExplorer] [39m[32mMapped {/api/categories, GET} route[39m[38;5;3m +1ms[39m
[32m[Nest] 124459  - [39m05/19/2026, 1:40:02 PM [32m    LOG[39m [38;5;3m[RouterExplorer] [39m[32mMapped {/api/categories, POST} route[39m[38;5;3m +0ms[39m
[32m[Nest] 124459  - [39m05/19/2026, 1:40:02 PM [32m    LOG[39m [38;5;3m[RouterExplorer] [39m[32mMapped {/api/categories/:id, PATCH} route[39m[38;5;3m +2ms[39m
[32m[Nest] 124459  - [39m05/19/2026, 1:40:02 PM [32m    LOG[39m [38;5;3m[RouterExplorer] [39m[32mMapped {/api/categories/:id, DELETE} route[39m[38;5;3m +0ms[39m
[32m[Nest] 124459  - [39m05/19/2026, 1:40:02 PM [32m    LOG[39m [38;5;3m[RoutesResolver] [39m[32mAssetsController {/api/assets}:[39m[38;5;3m +1ms[39m
[32m[Nest] 124459  - [39m05/19/2026, 1:40:02 PM [32m    LOG[39m [38;5;3m[RouterExplorer] [39m[32mMapped {/api/assets, GET} route[39m[38;5;3m +0ms[39m
[32m[Nest] 124459  - [39m05/19/2026, 1:40:02 PM [32m    LOG[39m [38;5;3m[RouterExplorer] [39m[32mMapped {/api/assets/summary, GET} route[39m[38;5;3m +0ms[39m
[32m[Nest] 124459  - [39m05/19/2026, 1:40:02 PM [32m    LOG[39m [38;5;3m[RouterExplorer] [39m[32mMapped {/api/assets, POST} route[39m[38;5;3m +1ms[39m
[32m[Nest] 124459  - [39m05/19/2026, 1:40:02 PM [32m    LOG[39m [38;5;3m[RouterExplorer] [39m[32mMapped {/api/assets/:id, GET} route[39m[38;5;3m +0ms[39m
[32m[Nest] 124459  - [39m05/19/2026, 1:40:02 PM [32m    LOG[39m [38;5;3m[RouterExplorer] [39m[32mMapped {/api/assets/:id, PATCH} route[39m[38;5;3m +0ms[39m
[32m[Nest] 124459  - [39m05/19/2026, 1:40:02 PM [32m    LOG[39m [38;5;3m[RouterExplorer] [39m[32mMapped {/api/assets/:id, DELETE} route[39m[38;5;3m +1ms[39m
[32m[Nest] 124459  - [39m05/19/2026, 1:40:02 PM [32m    LOG[39m [38;5;3m[RoutesResolver] [39m[32mLiabilitiesController {/api/liabilities}:[39m[38;5;3m +0ms[39m
[32m[Nest] 124459  - [39m05/19/2026, 1:40:02 PM [32m    LOG[39m [38;5;3m[RouterExplorer] [39m[32mMapped {/api/liabilities, GET} route[39m[38;5;3m +0ms[39m
[32m[Nest] 124459  - [39m05/19/2026, 1:40:02 PM [32m    LOG[39m [38;5;3m[RouterExplorer] [39m[32mMapped {/api/liabilities, POST} route[39m[38;5;3m +0ms[39m
[32m[Nest] 124459  - [39m05/19/2026, 1:40:02 PM [32m    LOG[39m [38;5;3m[RouterExplorer] [39m[32mMapped {/api/liabilities/:id, GET} route[39m[38;5;3m +1ms[39m
[32m[Nest] 124459  - [39m05/19/2026, 1:40:02 PM [32m    LOG[39m [38;5;3m[RouterExplorer] [39m[32mMapped {/api/liabilities/:id/schedule, GET} route[39m[38;5;3m +0ms[39m
[32m[Nest] 124459  - [39m05/19/2026, 1:40:02 PM [32m    LOG[39m [38;5;3m[RouterExplorer] [39m[32mMapped {/api/liabilities/:id, PATCH} route[39m[38;5;3m +0ms[39m
[32m[Nest] 124459  - [39m05/19/2026, 1:40:02 PM [32m    LOG[39m [38;5;3m[RouterExplorer] [39m[32mMapped {/api/liabilities/:id, DELETE} route[39m[38;5;3m +1ms[39m
[32m[Nest] 124459  - [39m05/19/2026, 1:40:02 PM [32m    LOG[39m [38;5;3m[RoutesResolver] [39m[32mTransactionsController {/api/transactions}:[39m[38;5;3m +0ms[39m
[32m[Nest] 124459  - [39m05/19/2026, 1:40:02 PM [32m    LOG[39m [38;5;3m[RouterExplorer] [39m[32mMapped {/api/transactions, GET} route[39m[38;5;3m +0ms[39m
[32m[Nest] 124459  - [39m05/19/2026, 1:40:02 PM [32m    LOG[39m [38;5;3m[RouterExplorer] [39m[32mMapped {/api/transactions/summary, GET} route[39m[38;5;3m +0ms[39m
[32m[Nest] 124459  - [39m05/19/2026, 1:40:02 PM [32m    LOG[39m [38;5;3m[RouterExplorer] [39m[32mMapped {/api/transactions, POST} route[39m[38;5;3m +0ms[39m
[32m[Nest] 124459  - [39m05/19/2026, 1:40:02 PM [32m    LOG[39m [38;5;3m[RouterExplorer] [39m[32mMapped {/api/transactions/:id, GET} route[39m[38;5;3m +1ms[39m
[32m[Nest] 124459  - [39m05/19/2026, 1:40:02 PM [32m    LOG[39m [38;5;3m[RouterExplorer] [39m[32mMapped {/api/transactions/:id, PATCH} route[39m[38;5;3m +0ms[39m
[32m[Nest] 124459  - [39m05/19/2026, 1:40:02 PM [32m    LOG[39m [38;5;3m[RouterExplorer] [39m[32mMapped {/api/transactions/:id, DELETE} route[39m[38;5;3m +0ms[39m
[32m[Nest] 124459  - [39m05/19/2026, 1:40:02 PM [32m    LOG[39m [38;5;3m[RoutesResolver] [39m[32mForecastController {/api/forecast}:[39m[38;5;3m +0ms[39m
[32m[Nest] 124459  - [39m05/19/2026, 1:40:02 PM [32m    LOG[39m [38;5;3m[RouterExplorer] [39m[32mMapped {/api/forecast/wacr, GET} route[39m[38;5;3m +0ms[39m
[32m[Nest] 124459  - [39m05/19/2026, 1:40:02 PM [32m    LOG[39m [38;5;3m[RouterExplorer] [39m[32mMapped {/api/forecast/cashflow, POST} route[39m[38;5;3m +1ms[39m
[32m[Nest] 124459  - [39m05/19/2026, 1:40:02 PM [32m    LOG[39m [38;5;3m[NestApplication] [39m[32mNest application successfully started[39m[38;5;3m +23ms[39m
[31m[Nest] 124459  - [39m05/19/2026, 1:40:02 PM [31m  ERROR[39m [38;5;3m[NestApplication] [39m[31mError: listen EADDRINUSE: address already in use :::3000[39m[38;5;3m +2ms[39m
node:net:1908
    const ex = new UVExceptionWithHostPort(err, 'listen', address, port);
               ^

Error: listen EADDRINUSE: address already in use :::3000
    at Server.setupListenHandle [as _listen2] (node:net:1908:16)
    at listenInCluster (node:net:1965:12)
    at Server.listen (node:net:2067:7)
    at ExpressAdapter.listen (/home/kyrie/workspace/elevate-life/backend/node_modules/@nestjs/platform-express/adapters/express-adapter.js:115:32)
    at /home/kyrie/workspace/elevate-life/backend/node_modules/@nestjs/core/nest-application.js:188:30
    at new Promise (<anonymous>)
    at NestApplication.listen (/home/kyrie/workspace/elevate-life/backend/node_modules/@nestjs/core/nest-application.js:178:16)
    at async bootstrap (/home/kyrie/workspace/elevate-life/backend/src/main.ts:20:3) {
  code: 'EADDRINUSE',
  errno: -98,
  syscall: 'listen',
  address: '::',
  port: 3000
}

Node.js v20.20.0
[2J[3J[H[[90m1:40:12 PM[0m] File change detected. Starting incremental compilation...

[[90m1:40:12 PM[0m] Found 0 errors. Watching for file changes.

[32m[Nest] 124498  - [39m05/19/2026, 1:40:13 PM [32m    LOG[39m [38;5;3m[NestFactory] [39m[32mStarting Nest application...[39m
[32m[Nest] 124498  - [39m05/19/2026, 1:40:13 PM [32m    LOG[39m [38;5;3m[InstanceLoader] [39m[32mAppModule dependencies initialized[39m[38;5;3m +35ms[39m
[32m[Nest] 124498  - [39m05/19/2026, 1:40:13 PM [32m    LOG[39m [38;5;3m[InstanceLoader] [39m[32mTypeOrmModule dependencies initialized[39m[38;5;3m +0ms[39m
[32m[Nest] 124498  - [39m05/19/2026, 1:40:13 PM [32m    LOG[39m [38;5;3m[InstanceLoader] [39m[32mPassportModule dependencies initialized[39m[38;5;3m +0ms[39m
[32m[Nest] 124498  - [39m05/19/2026, 1:40:13 PM [32m    LOG[39m [38;5;3m[InstanceLoader] [39m[32mConfigHostModule dependencies initialized[39m[38;5;3m +1ms[39m
[32m[Nest] 124498  - [39m05/19/2026, 1:40:13 PM [32m    LOG[39m [38;5;3m[InstanceLoader] [39m[32mJwtModule dependencies initialized[39m[38;5;3m +0ms[39m
[32m[Nest] 124498  - [39m05/19/2026, 1:40:13 PM [32m    LOG[39m [38;5;3m[InstanceLoader] [39m[32mDiscoveryModule dependencies initialized[39m[38;5;3m +1ms[39m
[32m[Nest] 124498  - [39m05/19/2026, 1:40:13 PM [32m    LOG[39m [38;5;3m[InstanceLoader] [39m[32mConfigModule dependencies initialized[39m[38;5;3m +64ms[39m
[32m[Nest] 124498  - [39m05/19/2026, 1:40:13 PM [32m    LOG[39m [38;5;3m[InstanceLoader] [39m[32mConfigModule dependencies initialized[39m[38;5;3m +0ms[39m
[32m[Nest] 124498  - [39m05/19/2026, 1:40:13 PM [32m    LOG[39m [38;5;3m[InstanceLoader] [39m[32mScheduleModule dependencies initialized[39m[38;5;3m +0ms[39m
[32m[Nest] 124498  - [39m05/19/2026, 1:40:13 PM [32m    LOG[39m [38;5;3m[InstanceLoader] [39m[32mEncryptionModule dependencies initialized[39m[38;5;3m +9ms[39m
[32m[Nest] 124498  - [39m05/19/2026, 1:40:13 PM [32m    LOG[39m [38;5;3m[InstanceLoader] [39m[32mStockModule dependencies initialized[39m[38;5;3m +1ms[39m
[32m[Nest] 124498  - [39m05/19/2026, 1:40:13 PM [32m    LOG[39m [38;5;3m[InstanceLoader] [39m[32mThrottlerModule dependencies initialized[39m[38;5;3m +0ms[39m
[32m[Nest] 124498  - [39m05/19/2026, 1:40:13 PM [32m    LOG[39m [38;5;3m[InstanceLoader] [39m[32mTypeOrmCoreModule dependencies initialized[39m[38;5;3m +89ms[39m
[32m[Nest] 124498  - [39m05/19/2026, 1:40:13 PM [32m    LOG[39m [38;5;3m[InstanceLoader] [39m[32mTypeOrmModule dependencies initialized[39m[38;5;3m +0ms[39m
[32m[Nest] 124498  - [39m05/19/2026, 1:40:13 PM [32m    LOG[39m [38;5;3m[InstanceLoader] [39m[32mTypeOrmModule dependencies initialized[39m[38;5;3m +0ms[39m
[32m[Nest] 124498  - [39m05/19/2026, 1:40:13 PM [32m    LOG[39m [38;5;3m[InstanceLoader] [39m[32mTypeOrmModule dependencies initialized[39m[38;5;3m +1ms[39m
[32m[Nest] 124498  - [39m05/19/2026, 1:40:13 PM [32m    LOG[39m [38;5;3m[InstanceLoader] [39m[32mTypeOrmModule dependencies initialized[39m[38;5;3m +0ms[39m
[32m[Nest] 124498  - [39m05/19/2026, 1:40:13 PM [32m    LOG[39m [38;5;3m[InstanceLoader] [39m[32mTypeOrmModule dependencies initialized[39m[38;5;3m +0ms[39m
[32m[Nest] 124498  - [39m05/19/2026, 1:40:13 PM [32m    LOG[39m [38;5;3m[InstanceLoader] [39m[32mTypeOrmModule dependencies initialized[39m[38;5;3m +0ms[39m
[32m[Nest] 124498  - [39m05/19/2026, 1:40:13 PM [32m    LOG[39m [38;5;3m[InstanceLoader] [39m[32mTypeOrmModule dependencies initialized[39m[38;5;3m +0ms[39m
[32m[Nest] 124498  - [39m05/19/2026, 1:40:13 PM [32m    LOG[39m [38;5;3m[InstanceLoader] [39m[32mForecastModule dependencies initialized[39m[38;5;3m +0ms[39m
[32m[Nest] 124498  - [39m05/19/2026, 1:40:13 PM [32m    LOG[39m [38;5;3m[InstanceLoader] [39m[32mUsersModule dependencies initialized[39m[38;5;3m +1ms[39m
[32m[Nest] 124498  - [39m05/19/2026, 1:40:13 PM [32m    LOG[39m [38;5;3m[InstanceLoader] [39m[32mGoldModule dependencies initialized[39m[38;5;3m +0ms[39m
[32m[Nest] 124498  - [39m05/19/2026, 1:40:13 PM [32m    LOG[39m [38;5;3m[InstanceLoader] [39m[32mAuthModule dependencies initialized[39m[38;5;3m +1ms[39m
[32m[Nest] 124498  - [39m05/19/2026, 1:40:13 PM [32m    LOG[39m [38;5;3m[InstanceLoader] [39m[32mCategoriesModule dependencies initialized[39m[38;5;3m +0ms[39m
[32m[Nest] 124498  - [39m05/19/2026, 1:40:13 PM [32m    LOG[39m [38;5;3m[InstanceLoader] [39m[32mLiabilitiesModule dependencies initialized[39m[38;5;3m +0ms[39m
[32m[Nest] 124498  - [39m05/19/2026, 1:40:13 PM [32m    LOG[39m [38;5;3m[InstanceLoader] [39m[32mAssetsModule dependencies initialized[39m[38;5;3m +0ms[39m
[32m[Nest] 124498  - [39m05/19/2026, 1:40:13 PM [32m    LOG[39m [38;5;3m[InstanceLoader] [39m[32mTransactionsModule dependencies initialized[39m[38;5;3m +0ms[39m
[32m[Nest] 124498  - [39m05/19/2026, 1:40:13 PM [32m    LOG[39m [38;5;3m[RoutesResolver] [39m[32mAuthController {/api/auth}:[39m[38;5;3m +22ms[39m
[32m[Nest] 124498  - [39m05/19/2026, 1:40:13 PM [32m    LOG[39m [38;5;3m[RouterExplorer] [39m[32mMapped {/api/auth/register, POST} route[39m[38;5;3m +4ms[39m
[32m[Nest] 124498  - [39m05/19/2026, 1:40:13 PM [32m    LOG[39m [38;5;3m[RouterExplorer] [39m[32mMapped {/api/auth/login, POST} route[39m[38;5;3m +1ms[39m
[32m[Nest] 124498  - [39m05/19/2026, 1:40:13 PM [32m    LOG[39m [38;5;3m[RouterExplorer] [39m[32mMapped {/api/auth/refresh, POST} route[39m[38;5;3m +0ms[39m
[32m[Nest] 124498  - [39m05/19/2026, 1:40:13 PM [32m    LOG[39m [38;5;3m[RoutesResolver] [39m[32mGoldController {/api/gold}:[39m[38;5;3m +0ms[39m
[32m[Nest] 124498  - [39m05/19/2026, 1:40:13 PM [32m    LOG[39m [38;5;3m[RouterExplorer] [39m[32mMapped {/api/gold/price, GET} route[39m[38;5;3m +1ms[39m
[32m[Nest] 124498  - [39m05/19/2026, 1:40:13 PM [32m    LOG[39m [38;5;3m[RouterExplorer] [39m[32mMapped {/api/gold/history, GET} route[39m[38;5;3m +1ms[39m
[32m[Nest] 124498  - [39m05/19/2026, 1:40:13 PM [32m    LOG[39m [38;5;3m[RouterExplorer] [39m[32mMapped {/api/gold/refresh, GET} route[39m[38;5;3m +0ms[39m
[32m[Nest] 124498  - [39m05/19/2026, 1:40:13 PM [32m    LOG[39m [38;5;3m[RoutesResolver] [39m[32mCategoriesController {/api/categories}:[39m[38;5;3m +0ms[39m
[32m[Nest] 124498  - [39m05/19/2026, 1:40:13 PM [32m    LOG[39m [38;5;3m[RouterExplorer] [39m[32mMapped {/api/categories, GET} route[39m[38;5;3m +1ms[39m
[32m[Nest] 124498  - [39m05/19/2026, 1:40:13 PM [32m    LOG[39m [38;5;3m[RouterExplorer] [39m[32mMapped {/api/categories, POST} route[39m[38;5;3m +0ms[39m
[32m[Nest] 124498  - [39m05/19/2026, 1:40:13 PM [32m    LOG[39m [38;5;3m[RouterExplorer] [39m[32mMapped {/api/categories/:id, PATCH} route[39m[38;5;3m +2ms[39m
[32m[Nest] 124498  - [39m05/19/2026, 1:40:13 PM [32m    LOG[39m [38;5;3m[RouterExplorer] [39m[32mMapped {/api/categories/:id, DELETE} route[39m[38;5;3m +0ms[39m
[32m[Nest] 124498  - [39m05/19/2026, 1:40:13 PM [32m    LOG[39m [38;5;3m[RoutesResolver] [39m[32mAssetsController {/api/assets}:[39m[38;5;3m +0ms[39m
[32m[Nest] 124498  - [39m05/19/2026, 1:40:13 PM [32m    LOG[39m [38;5;3m[RouterExplorer] [39m[32mMapped {/api/assets, GET} route[39m[38;5;3m +1ms[39m
[32m[Nest] 124498  - [39m05/19/2026, 1:40:13 PM [32m    LOG[39m [38;5;3m[RouterExplorer] [39m[32mMapped {/api/assets/summary, GET} route[39m[38;5;3m +0ms[39m
[32m[Nest] 124498  - [39m05/19/2026, 1:40:13 PM [32m    LOG[39m [38;5;3m[RouterExplorer] [39m[32mMapped {/api/assets, POST} route[39m[38;5;3m +0ms[39m
[32m[Nest] 124498  - [39m05/19/2026, 1:40:13 PM [32m    LOG[39m [38;5;3m[RouterExplorer] [39m[32mMapped {/api/assets/:id, GET} route[39m[38;5;3m +1ms[39m
[32m[Nest] 124498  - [39m05/19/2026, 1:40:13 PM [32m    LOG[39m [38;5;3m[RouterExplorer] [39m[32mMapped {/api/assets/:id, PATCH} route[39m[38;5;3m +0ms[39m
[32m[Nest] 124498  - [39m05/19/2026, 1:40:13 PM [32m    LOG[39m [38;5;3m[RouterExplorer] [39m[32mMapped {/api/assets/:id, DELETE} route[39m[38;5;3m +0ms[39m
[32m[Nest] 124498  - [39m05/19/2026, 1:40:13 PM [32m    LOG[39m [38;5;3m[RoutesResolver] [39m[32mLiabilitiesController {/api/liabilities}:[39m[38;5;3m +0ms[39m
[32m[Nest] 124498  - [39m05/19/2026, 1:40:13 PM [32m    LOG[39m [38;5;3m[RouterExplorer] [39m[32mMapped {/api/liabilities, GET} route[39m[38;5;3m +1ms[39m
[32m[Nest] 124498  - [39m05/19/2026, 1:40:13 PM [32m    LOG[39m [38;5;3m[RouterExplorer] [39m[32mMapped {/api/liabilities, POST} route[39m[38;5;3m +0ms[39m
[32m[Nest] 124498  - [39m05/19/2026, 1:40:13 PM [32m    LOG[39m [38;5;3m[RouterExplorer] [39m[32mMapped {/api/liabilities/:id, GET} route[39m[38;5;3m +0ms[39m
[32m[Nest] 124498  - [39m05/19/2026, 1:40:13 PM [32m    LOG[39m [38;5;3m[RouterExplorer] [39m[32mMapped {/api/liabilities/:id/schedule, GET} route[39m[38;5;3m +0ms[39m
[32m[Nest] 124498  - [39m05/19/2026, 1:40:13 PM [32m    LOG[39m [38;5;3m[RouterExplorer] [39m[32mMapped {/api/liabilities/:id, PATCH} route[39m[38;5;3m +1ms[39m
[32m[Nest] 124498  - [39m05/19/2026, 1:40:13 PM [32m    LOG[39m [38;5;3m[RouterExplorer] [39m[32mMapped {/api/liabilities/:id, DELETE} route[39m[38;5;3m +0ms[39m
[32m[Nest] 124498  - [39m05/19/2026, 1:40:13 PM [32m    LOG[39m [38;5;3m[RoutesResolver] [39m[32mTransactionsController {/api/transactions}:[39m[38;5;3m +0ms[39m
[32m[Nest] 124498  - [39m05/19/2026, 1:40:13 PM [32m    LOG[39m [38;5;3m[RouterExplorer] [39m[32mMapped {/api/transactions, GET} route[39m[38;5;3m +1ms[39m
[32m[Nest] 124498  - [39m05/19/2026, 1:40:13 PM [32m    LOG[39m [38;5;3m[RouterExplorer] [39m[32mMapped {/api/transactions/summary, GET} route[39m[38;5;3m +0ms[39m
[32m[Nest] 124498  - [39m05/19/2026, 1:40:13 PM [32m    LOG[39m [38;5;3m[RouterExplorer] [39m[32mMapped {/api/transactions, POST} route[39m[38;5;3m +0ms[39m
[32m[Nest] 124498  - [39m05/19/2026, 1:40:13 PM [32m    LOG[39m [38;5;3m[RouterExplorer] [39m[32mMapped {/api/transactions/:id, GET} route[39m[38;5;3m +0ms[39m
[32m[Nest] 124498  - [39m05/19/2026, 1:40:13 PM [32m    LOG[39m [38;5;3m[RouterExplorer] [39m[32mMapped {/api/transactions/:id, PATCH} route[39m[38;5;3m +1ms[39m
[32m[Nest] 124498  - [39m05/19/2026, 1:40:13 PM [32m    LOG[39m [38;5;3m[RouterExplorer] [39m[32mMapped {/api/transactions/:id, DELETE} route[39m[38;5;3m +0ms[39m
[32m[Nest] 124498  - [39m05/19/2026, 1:40:13 PM [32m    LOG[39m [38;5;3m[RoutesResolver] [39m[32mForecastController {/api/forecast}:[39m[38;5;3m +0ms[39m
[32m[Nest] 124498  - [39m05/19/2026, 1:40:13 PM [32m    LOG[39m [38;5;3m[RouterExplorer] [39m[32mMapped {/api/forecast/wacr, GET} route[39m[38;5;3m +0ms[39m
[32m[Nest] 124498  - [39m05/19/2026, 1:40:13 PM [32m    LOG[39m [38;5;3m[RouterExplorer] [39m[32mMapped {/api/forecast/cashflow, POST} route[39m[38;5;3m +0ms[39m
[32m[Nest] 124498  - [39m05/19/2026, 1:40:13 PM [32m    LOG[39m [38;5;3m[NestApplication] [39m[32mNest application successfully started[39m[38;5;3m +24ms[39m
[31m[Nest] 124498  - [39m05/19/2026, 1:40:13 PM [31m  ERROR[39m [38;5;3m[NestApplication] [39m[31mError: listen EADDRINUSE: address already in use :::3000[39m[38;5;3m +3ms[39m
node:net:1908
    const ex = new UVExceptionWithHostPort(err, 'listen', address, port);
               ^

Error: listen EADDRINUSE: address already in use :::3000
    at Server.setupListenHandle [as _listen2] (node:net:1908:16)
    at listenInCluster (node:net:1965:12)
    at Server.listen (node:net:2067:7)
    at ExpressAdapter.listen (/home/kyrie/workspace/elevate-life/backend/node_modules/@nestjs/platform-express/adapters/express-adapter.js:115:32)
    at /home/kyrie/workspace/elevate-life/backend/node_modules/@nestjs/core/nest-application.js:188:30
    at new Promise (<anonymous>)
    at NestApplication.listen (/home/kyrie/workspace/elevate-life/backend/node_modules/@nestjs/core/nest-application.js:178:16)
    at async bootstrap (/home/kyrie/workspace/elevate-life/backend/src/main.ts:20:3) {
  code: 'EADDRINUSE',
  errno: -98,
  syscall: 'listen',
  address: '::',
  port: 3000
}

Node.js v20.20.0
[2J[3J[H[[90m1:40:28 PM[0m] File change detected. Starting incremental compilation...

[[90m1:40:28 PM[0m] Found 0 errors. Watching for file changes.

[32m[Nest] 124540  - [39m05/19/2026, 1:40:29 PM [32m    LOG[39m [38;5;3m[NestFactory] [39m[32mStarting Nest application...[39m
[32m[Nest] 124540  - [39m05/19/2026, 1:40:29 PM [32m    LOG[39m [38;5;3m[InstanceLoader] [39m[32mAppModule dependencies initialized[39m[38;5;3m +26ms[39m
[32m[Nest] 124540  - [39m05/19/2026, 1:40:29 PM [32m    LOG[39m [38;5;3m[InstanceLoader] [39m[32mTypeOrmModule dependencies initialized[39m[38;5;3m +0ms[39m
[32m[Nest] 124540  - [39m05/19/2026, 1:40:29 PM [32m    LOG[39m [38;5;3m[InstanceLoader] [39m[32mPassportModule dependencies initialized[39m[38;5;3m +0ms[39m
[32m[Nest] 124540  - [39m05/19/2026, 1:40:29 PM [32m    LOG[39m [38;5;3m[InstanceLoader] [39m[32mConfigHostModule dependencies initialized[39m[38;5;3m +1ms[39m
[32m[Nest] 124540  - [39m05/19/2026, 1:40:29 PM [32m    LOG[39m [38;5;3m[InstanceLoader] [39m[32mJwtModule dependencies initialized[39m[38;5;3m +0ms[39m
[32m[Nest] 124540  - [39m05/19/2026, 1:40:29 PM [32m    LOG[39m [38;5;3m[InstanceLoader] [39m[32mDiscoveryModule dependencies initialized[39m[38;5;3m +0ms[39m
[32m[Nest] 124540  - [39m05/19/2026, 1:40:29 PM [32m    LOG[39m [38;5;3m[InstanceLoader] [39m[32mConfigModule dependencies initialized[39m[38;5;3m +65ms[39m
[32m[Nest] 124540  - [39m05/19/2026, 1:40:29 PM [32m    LOG[39m [38;5;3m[InstanceLoader] [39m[32mConfigModule dependencies initialized[39m[38;5;3m +0ms[39m
[32m[Nest] 124540  - [39m05/19/2026, 1:40:29 PM [32m    LOG[39m [38;5;3m[InstanceLoader] [39m[32mScheduleModule dependencies initialized[39m[38;5;3m +0ms[39m
[32m[Nest] 124540  - [39m05/19/2026, 1:40:29 PM [32m    LOG[39m [38;5;3m[InstanceLoader] [39m[32mEncryptionModule dependencies initialized[39m[38;5;3m +7ms[39m
[32m[Nest] 124540  - [39m05/19/2026, 1:40:29 PM [32m    LOG[39m [38;5;3m[InstanceLoader] [39m[32mStockModule dependencies initialized[39m[38;5;3m +1ms[39m
[32m[Nest] 124540  - [39m05/19/2026, 1:40:29 PM [32m    LOG[39m [38;5;3m[InstanceLoader] [39m[32mThrottlerModule dependencies initialized[39m[38;5;3m +0ms[39m
[32m[Nest] 124540  - [39m05/19/2026, 1:40:29 PM [32m    LOG[39m [38;5;3m[InstanceLoader] [39m[32mTypeOrmCoreModule dependencies initialized[39m[38;5;3m +56ms[39m
[32m[Nest] 124540  - [39m05/19/2026, 1:40:29 PM [32m    LOG[39m [38;5;3m[InstanceLoader] [39m[32mTypeOrmModule dependencies initialized[39m[38;5;3m +0ms[39m
[32m[Nest] 124540  - [39m05/19/2026, 1:40:29 PM [32m    LOG[39m [38;5;3m[InstanceLoader] [39m[32mTypeOrmModule dependencies initialized[39m[38;5;3m +0ms[39m
[32m[Nest] 124540  - [39m05/19/2026, 1:40:29 PM [32m    LOG[39m [38;5;3m[InstanceLoader] [39m[32mTypeOrmModule dependencies initialized[39m[38;5;3m +0ms[39m
[32m[Nest] 124540  - [39m05/19/2026, 1:40:29 PM [32m    LOG[39m [38;5;3m[InstanceLoader] [39m[32mTypeOrmModule dependencies initialized[39m[38;5;3m +0ms[39m
[32m[Nest] 124540  - [39m05/19/2026, 1:40:29 PM [32m    LOG[39m [38;5;3m[InstanceLoader] [39m[32mTypeOrmModule dependencies initialized[39m[38;5;3m +1ms[39m
[32m[Nest] 124540  - [39m05/19/2026, 1:40:29 PM [32m    LOG[39m [38;5;3m[InstanceLoader] [39m[32mTypeOrmModule dependencies initialized[39m[38;5;3m +0ms[39m
[32m[Nest] 124540  - [39m05/19/2026, 1:40:29 PM [32m    LOG[39m [38;5;3m[InstanceLoader] [39m[32mTypeOrmModule dependencies initialized[39m[38;5;3m +0ms[39m
[32m[Nest] 124540  - [39m05/19/2026, 1:40:29 PM [32m    LOG[39m [38;5;3m[InstanceLoader] [39m[32mForecastModule dependencies initialized[39m[38;5;3m +0ms[39m
[32m[Nest] 124540  - [39m05/19/2026, 1:40:29 PM [32m    LOG[39m [38;5;3m[InstanceLoader] [39m[32mUsersModule dependencies initialized[39m[38;5;3m +0ms[39m
[32m[Nest] 124540  - [39m05/19/2026, 1:40:29 PM [32m    LOG[39m [38;5;3m[InstanceLoader] [39m[32mGoldModule dependencies initialized[39m[38;5;3m +1ms[39m
[32m[Nest] 124540  - [39m05/19/2026, 1:40:29 PM [32m    LOG[39m [38;5;3m[InstanceLoader] [39m[32mAuthModule dependencies initialized[39m[38;5;3m +0ms[39m
[32m[Nest] 124540  - [39m05/19/2026, 1:40:29 PM [32m    LOG[39m [38;5;3m[InstanceLoader] [39m[32mCategoriesModule dependencies initialized[39m[38;5;3m +1ms[39m
[32m[Nest] 124540  - [39m05/19/2026, 1:40:29 PM [32m    LOG[39m [38;5;3m[InstanceLoader] [39m[32mLiabilitiesModule dependencies initialized[39m[38;5;3m +0ms[39m
[32m[Nest] 124540  - [39m05/19/2026, 1:40:29 PM [32m    LOG[39m [38;5;3m[InstanceLoader] [39m[32mAssetsModule dependencies initialized[39m[38;5;3m +0ms[39m
[32m[Nest] 124540  - [39m05/19/2026, 1:40:29 PM [32m    LOG[39m [38;5;3m[InstanceLoader] [39m[32mTransactionsModule dependencies initialized[39m[38;5;3m +0ms[39m
[32m[Nest] 124540  - [39m05/19/2026, 1:40:29 PM [32m    LOG[39m [38;5;3m[RoutesResolver] [39m[32mAuthController {/api/auth}:[39m[38;5;3m +19ms[39m
[32m[Nest] 124540  - [39m05/19/2026, 1:40:29 PM [32m    LOG[39m [38;5;3m[RouterExplorer] [39m[32mMapped {/api/auth/register, POST} route[39m[38;5;3m +4ms[39m
[32m[Nest] 124540  - [39m05/19/2026, 1:40:29 PM [32m    LOG[39m [38;5;3m[RouterExplorer] [39m[32mMapped {/api/auth/login, POST} route[39m[38;5;3m +1ms[39m
[32m[Nest] 124540  - [39m05/19/2026, 1:40:29 PM [32m    LOG[39m [38;5;3m[RouterExplorer] [39m[32mMapped {/api/auth/refresh, POST} route[39m[38;5;3m +1ms[39m
[32m[Nest] 124540  - [39m05/19/2026, 1:40:29 PM [32m    LOG[39m [38;5;3m[RoutesResolver] [39m[32mGoldController {/api/gold}:[39m[38;5;3m +0ms[39m
[32m[Nest] 124540  - [39m05/19/2026, 1:40:29 PM [32m    LOG[39m [38;5;3m[RouterExplorer] [39m[32mMapped {/api/gold/price, GET} route[39m[38;5;3m +0ms[39m
[32m[Nest] 124540  - [39m05/19/2026, 1:40:29 PM [32m    LOG[39m [38;5;3m[RouterExplorer] [39m[32mMapped {/api/gold/history, GET} route[39m[38;5;3m +1ms[39m
[32m[Nest] 124540  - [39m05/19/2026, 1:40:29 PM [32m    LOG[39m [38;5;3m[RouterExplorer] [39m[32mMapped {/api/gold/refresh, GET} route[39m[38;5;3m +0ms[39m
[32m[Nest] 124540  - [39m05/19/2026, 1:40:29 PM [32m    LOG[39m [38;5;3m[RoutesResolver] [39m[32mCategoriesController {/api/categories}:[39m[38;5;3m +0ms[39m
[32m[Nest] 124540  - [39m05/19/2026, 1:40:29 PM [32m    LOG[39m [38;5;3m[RouterExplorer] [39m[32mMapped {/api/categories, GET} route[39m[38;5;3m +1ms[39m
[32m[Nest] 124540  - [39m05/19/2026, 1:40:29 PM [32m    LOG[39m [38;5;3m[RouterExplorer] [39m[32mMapped {/api/categories, POST} route[39m[38;5;3m +0ms[39m
[32m[Nest] 124540  - [39m05/19/2026, 1:40:29 PM [32m    LOG[39m [38;5;3m[RouterExplorer] [39m[32mMapped {/api/categories/:id, PATCH} route[39m[38;5;3m +2ms[39m
[32m[Nest] 124540  - [39m05/19/2026, 1:40:29 PM [32m    LOG[39m [38;5;3m[RouterExplorer] [39m[32mMapped {/api/categories/:id, DELETE} route[39m[38;5;3m +0ms[39m
[32m[Nest] 124540  - [39m05/19/2026, 1:40:29 PM [32m    LOG[39m [38;5;3m[RoutesResolver] [39m[32mAssetsController {/api/assets}:[39m[38;5;3m +0ms[39m
[32m[Nest] 124540  - [39m05/19/2026, 1:40:29 PM [32m    LOG[39m [38;5;3m[RouterExplorer] [39m[32mMapped {/api/assets, GET} route[39m[38;5;3m +1ms[39m
[32m[Nest] 124540  - [39m05/19/2026, 1:40:29 PM [32m    LOG[39m [38;5;3m[RouterExplorer] [39m[32mMapped {/api/assets/summary, GET} route[39m[38;5;3m +0ms[39m
[32m[Nest] 124540  - [39m05/19/2026, 1:40:29 PM [32m    LOG[39m [38;5;3m[RouterExplorer] [39m[32mMapped {/api/assets, POST} route[39m[38;5;3m +0ms[39m
[32m[Nest] 124540  - [39m05/19/2026, 1:40:29 PM [32m    LOG[39m [38;5;3m[RouterExplorer] [39m[32mMapped {/api/assets/:id, GET} route[39m[38;5;3m +1ms[39m
[32m[Nest] 124540  - [39m05/19/2026, 1:40:29 PM [32m    LOG[39m [38;5;3m[RouterExplorer] [39m[32mMapped {/api/assets/:id, PATCH} route[39m[38;5;3m +0ms[39m
[32m[Nest] 124540  - [39m05/19/2026, 1:40:29 PM [32m    LOG[39m [38;5;3m[RouterExplorer] [39m[32mMapped {/api/assets/:id, DELETE} route[39m[38;5;3m +0ms[39m
[32m[Nest] 124540  - [39m05/19/2026, 1:40:29 PM [32m    LOG[39m [38;5;3m[RoutesResolver] [39m[32mLiabilitiesController {/api/liabilities}:[39m[38;5;3m +0ms[39m
[32m[Nest] 124540  - [39m05/19/2026, 1:40:29 PM [32m    LOG[39m [38;5;3m[RouterExplorer] [39m[32mMapped {/api/liabilities, GET} route[39m[38;5;3m +1ms[39m
[32m[Nest] 124540  - [39m05/19/2026, 1:40:29 PM [32m    LOG[39m [38;5;3m[RouterExplorer] [39m[32mMapped {/api/liabilities, POST} route[39m[38;5;3m +0ms[39m
[32m[Nest] 124540  - [39m05/19/2026, 1:40:29 PM [32m    LOG[39m [38;5;3m[RouterExplorer] [39m[32mMapped {/api/liabilities/:id, GET} route[39m[38;5;3m +0ms[39m
[32m[Nest] 124540  - [39m05/19/2026, 1:40:29 PM [32m    LOG[39m [38;5;3m[RouterExplorer] [39m[32mMapped {/api/liabilities/:id/schedule, GET} route[39m[38;5;3m +1ms[39m
[32m[Nest] 124540  - [39m05/19/2026, 1:40:29 PM [32m    LOG[39m [38;5;3m[RouterExplorer] [39m[32mMapped {/api/liabilities/:id, PATCH} route[39m[38;5;3m +0ms[39m
[32m[Nest] 124540  - [39m05/19/2026, 1:40:29 PM [32m    LOG[39m [38;5;3m[RouterExplorer] [39m[32mMapped {/api/liabilities/:id, DELETE} route[39m[38;5;3m +0ms[39m
[32m[Nest] 124540  - [39m05/19/2026, 1:40:29 PM [32m    LOG[39m [38;5;3m[RoutesResolver] [39m[32mTransactionsController {/api/transactions}:[39m[38;5;3m +0ms[39m
[32m[Nest] 124540  - [39m05/19/2026, 1:40:29 PM [32m    LOG[39m [38;5;3m[RouterExplorer] [39m[32mMapped {/api/transactions, GET} route[39m[38;5;3m +1ms[39m
[32m[Nest] 124540  - [39m05/19/2026, 1:40:29 PM [32m    LOG[39m [38;5;3m[RouterExplorer] [39m[32mMapped {/api/transactions/summary, GET} route[39m[38;5;3m +0ms[39m
[32m[Nest] 124540  - [39m05/19/2026, 1:40:29 PM [32m    LOG[39m [38;5;3m[RouterExplorer] [39m[32mMapped {/api/transactions, POST} route[39m[38;5;3m +0ms[39m
[32m[Nest] 124540  - [39m05/19/2026, 1:40:29 PM [32m    LOG[39m [38;5;3m[RouterExplorer] [39m[32mMapped {/api/transactions/:id, GET} route[39m[38;5;3m +0ms[39m
[32m[Nest] 124540  - [39m05/19/2026, 1:40:29 PM [32m    LOG[39m [38;5;3m[RouterExplorer] [39m[32mMapped {/api/transactions/:id, PATCH} route[39m[38;5;3m +1ms[39m
[32m[Nest] 124540  - [39m05/19/2026, 1:40:29 PM [32m    LOG[39m [38;5;3m[RouterExplorer] [39m[32mMapped {/api/transactions/:id, DELETE} route[39m[38;5;3m +0ms[39m
[32m[Nest] 124540  - [39m05/19/2026, 1:40:29 PM [32m    LOG[39m [38;5;3m[RoutesResolver] [39m[32mForecastController {/api/forecast}:[39m[38;5;3m +0ms[39m
[32m[Nest] 124540  - [39m05/19/2026, 1:40:29 PM [32m    LOG[39m [38;5;3m[RouterExplorer] [39m[32mMapped {/api/forecast/wacr, GET} route[39m[38;5;3m +0ms[39m
[32m[Nest] 124540  - [39m05/19/2026, 1:40:29 PM [32m    LOG[39m [38;5;3m[RouterExplorer] [39m[32mMapped {/api/forecast/cashflow, POST} route[39m[38;5;3m +0ms[39m
[32m[Nest] 124540  - [39m05/19/2026, 1:40:29 PM [32m    LOG[39m [38;5;3m[NestApplication] [39m[32mNest application successfully started[39m[38;5;3m +28ms[39m
[31m[Nest] 124540  - [39m05/19/2026, 1:40:29 PM [31m  ERROR[39m [38;5;3m[NestApplication] [39m[31mError: listen EADDRINUSE: address already in use :::3000[39m[38;5;3m +2ms[39m
node:net:1908
    const ex = new UVExceptionWithHostPort(err, 'listen', address, port);
               ^

Error: listen EADDRINUSE: address already in use :::3000
    at Server.setupListenHandle [as _listen2] (node:net:1908:16)
    at listenInCluster (node:net:1965:12)
    at Server.listen (node:net:2067:7)
    at ExpressAdapter.listen (/home/kyrie/workspace/elevate-life/backend/node_modules/@nestjs/platform-express/adapters/express-adapter.js:115:32)
    at /home/kyrie/workspace/elevate-life/backend/node_modules/@nestjs/core/nest-application.js:188:30
    at new Promise (<anonymous>)
    at NestApplication.listen (/home/kyrie/workspace/elevate-life/backend/node_modules/@nestjs/core/nest-application.js:178:16)
    at async bootstrap (/home/kyrie/workspace/elevate-life/backend/src/main.ts:20:3) {
  code: 'EADDRINUSE',
  errno: -98,
  syscall: 'listen',
  address: '::',
  port: 3000
}

Node.js v20.20.0
[95m[Nest] 4169466  - [39m05/19/2026, 1:50:25 PM [95m  DEBUG[39m [38;5;3m[GoldService] [39m[95mToday already has gold price data, skipping fetch[39m

> backend@0.0.1 start:dev
> nest start --watch

[2J[3J[H[[90m1:51:09 PM[0m] Starting compilation in watch mode...

[[90m1:51:14 PM[0m] Found 0 errors. Watching for file changes.

[32m[Nest] 130126  - [39m05/19/2026, 1:51:15 PM [32m    LOG[39m [38;5;3m[NestFactory] [39m[32mStarting Nest application...[39m
[32m[Nest] 130126  - [39m05/19/2026, 1:51:15 PM [32m    LOG[39m [38;5;3m[InstanceLoader] [39m[32mAppModule dependencies initialized[39m[38;5;3m +31ms[39m
[32m[Nest] 130126  - [39m05/19/2026, 1:51:15 PM [32m    LOG[39m [38;5;3m[InstanceLoader] [39m[32mTypeOrmModule dependencies initialized[39m[38;5;3m +0ms[39m
[32m[Nest] 130126  - [39m05/19/2026, 1:51:15 PM [32m    LOG[39m [38;5;3m[InstanceLoader] [39m[32mPassportModule dependencies initialized[39m[38;5;3m +0ms[39m
[32m[Nest] 130126  - [39m05/19/2026, 1:51:15 PM [32m    LOG[39m [38;5;3m[InstanceLoader] [39m[32mConfigHostModule dependencies initialized[39m[38;5;3m +1ms[39m
[32m[Nest] 130126  - [39m05/19/2026, 1:51:15 PM [32m    LOG[39m [38;5;3m[InstanceLoader] [39m[32mJwtModule dependencies initialized[39m[38;5;3m +0ms[39m
[32m[Nest] 130126  - [39m05/19/2026, 1:51:15 PM [32m    LOG[39m [38;5;3m[InstanceLoader] [39m[32mDiscoveryModule dependencies initialized[39m[38;5;3m +0ms[39m
[32m[Nest] 130126  - [39m05/19/2026, 1:51:15 PM [32m    LOG[39m [38;5;3m[InstanceLoader] [39m[32mConfigModule dependencies initialized[39m[38;5;3m +67ms[39m
[32m[Nest] 130126  - [39m05/19/2026, 1:51:15 PM [32m    LOG[39m [38;5;3m[InstanceLoader] [39m[32mConfigModule dependencies initialized[39m[38;5;3m +0ms[39m
[32m[Nest] 130126  - [39m05/19/2026, 1:51:15 PM [32m    LOG[39m [38;5;3m[InstanceLoader] [39m[32mScheduleModule dependencies initialized[39m[38;5;3m +0ms[39m
[32m[Nest] 130126  - [39m05/19/2026, 1:51:16 PM [32m    LOG[39m [38;5;3m[InstanceLoader] [39m[32mEncryptionModule dependencies initialized[39m[38;5;3m +30ms[39m
[32m[Nest] 130126  - [39m05/19/2026, 1:51:16 PM [32m    LOG[39m [38;5;3m[InstanceLoader] [39m[32mStockModule dependencies initialized[39m[38;5;3m +0ms[39m
[32m[Nest] 130126  - [39m05/19/2026, 1:51:16 PM [32m    LOG[39m [38;5;3m[InstanceLoader] [39m[32mThrottlerModule dependencies initialized[39m[38;5;3m +1ms[39m
[32m[Nest] 130126  - [39m05/19/2026, 1:51:16 PM [32m    LOG[39m [38;5;3m[InstanceLoader] [39m[32mTypeOrmCoreModule dependencies initialized[39m[38;5;3m +65ms[39m
[32m[Nest] 130126  - [39m05/19/2026, 1:51:16 PM [32m    LOG[39m [38;5;3m[InstanceLoader] [39m[32mTypeOrmModule dependencies initialized[39m[38;5;3m +0ms[39m
[32m[Nest] 130126  - [39m05/19/2026, 1:51:16 PM [32m    LOG[39m [38;5;3m[InstanceLoader] [39m[32mTypeOrmModule dependencies initialized[39m[38;5;3m +0ms[39m
[32m[Nest] 130126  - [39m05/19/2026, 1:51:16 PM [32m    LOG[39m [38;5;3m[InstanceLoader] [39m[32mTypeOrmModule dependencies initialized[39m[38;5;3m +1ms[39m
[32m[Nest] 130126  - [39m05/19/2026, 1:51:16 PM [32m    LOG[39m [38;5;3m[InstanceLoader] [39m[32mTypeOrmModule dependencies initialized[39m[38;5;3m +0ms[39m
[32m[Nest] 130126  - [39m05/19/2026, 1:51:16 PM [32m    LOG[39m [38;5;3m[InstanceLoader] [39m[32mTypeOrmModule dependencies initialized[39m[38;5;3m +0ms[39m
[32m[Nest] 130126  - [39m05/19/2026, 1:51:16 PM [32m    LOG[39m [38;5;3m[InstanceLoader] [39m[32mTypeOrmModule dependencies initialized[39m[38;5;3m +0ms[39m
[32m[Nest] 130126  - [39m05/19/2026, 1:51:16 PM [32m    LOG[39m [38;5;3m[InstanceLoader] [39m[32mTypeOrmModule dependencies initialized[39m[38;5;3m +0ms[39m
[32m[Nest] 130126  - [39m05/19/2026, 1:51:16 PM [32m    LOG[39m [38;5;3m[InstanceLoader] [39m[32mForecastModule dependencies initialized[39m[38;5;3m +0ms[39m
[32m[Nest] 130126  - [39m05/19/2026, 1:51:16 PM [32m    LOG[39m [38;5;3m[InstanceLoader] [39m[32mUsersModule dependencies initialized[39m[38;5;3m +1ms[39m
[32m[Nest] 130126  - [39m05/19/2026, 1:51:16 PM [32m    LOG[39m [38;5;3m[InstanceLoader] [39m[32mGoldModule dependencies initialized[39m[38;5;3m +0ms[39m
[32m[Nest] 130126  - [39m05/19/2026, 1:51:16 PM [32m    LOG[39m [38;5;3m[InstanceLoader] [39m[32mAuthModule dependencies initialized[39m[38;5;3m +1ms[39m
[32m[Nest] 130126  - [39m05/19/2026, 1:51:16 PM [32m    LOG[39m [38;5;3m[InstanceLoader] [39m[32mCategoriesModule dependencies initialized[39m[38;5;3m +0ms[39m
[32m[Nest] 130126  - [39m05/19/2026, 1:51:16 PM [32m    LOG[39m [38;5;3m[InstanceLoader] [39m[32mLiabilitiesModule dependencies initialized[39m[38;5;3m +0ms[39m
[32m[Nest] 130126  - [39m05/19/2026, 1:51:16 PM [32m    LOG[39m [38;5;3m[InstanceLoader] [39m[32mAssetsModule dependencies initialized[39m[38;5;3m +0ms[39m
[32m[Nest] 130126  - [39m05/19/2026, 1:51:16 PM [32m    LOG[39m [38;5;3m[InstanceLoader] [39m[32mTransactionsModule dependencies initialized[39m[38;5;3m +0ms[39m
[32m[Nest] 130126  - [39m05/19/2026, 1:51:16 PM [32m    LOG[39m [38;5;3m[RoutesResolver] [39m[32mAuthController {/api/auth}:[39m[38;5;3m +24ms[39m
[32m[Nest] 130126  - [39m05/19/2026, 1:51:16 PM [32m    LOG[39m [38;5;3m[RouterExplorer] [39m[32mMapped {/api/auth/register, POST} route[39m[38;5;3m +4ms[39m
[32m[Nest] 130126  - [39m05/19/2026, 1:51:16 PM [32m    LOG[39m [38;5;3m[RouterExplorer] [39m[32mMapped {/api/auth/login, POST} route[39m[38;5;3m +0ms[39m
[32m[Nest] 130126  - [39m05/19/2026, 1:51:16 PM [32m    LOG[39m [38;5;3m[RouterExplorer] [39m[32mMapped {/api/auth/refresh, POST} route[39m[38;5;3m +1ms[39m
[32m[Nest] 130126  - [39m05/19/2026, 1:51:16 PM [32m    LOG[39m [38;5;3m[RoutesResolver] [39m[32mGoldController {/api/gold}:[39m[38;5;3m +0ms[39m
[32m[Nest] 130126  - [39m05/19/2026, 1:51:16 PM [32m    LOG[39m [38;5;3m[RouterExplorer] [39m[32mMapped {/api/gold/price, GET} route[39m[38;5;3m +1ms[39m
[32m[Nest] 130126  - [39m05/19/2026, 1:51:16 PM [32m    LOG[39m [38;5;3m[RouterExplorer] [39m[32mMapped {/api/gold/history, GET} route[39m[38;5;3m +0ms[39m
[32m[Nest] 130126  - [39m05/19/2026, 1:51:16 PM [32m    LOG[39m [38;5;3m[RouterExplorer] [39m[32mMapped {/api/gold/refresh, GET} route[39m[38;5;3m +0ms[39m
[32m[Nest] 130126  - [39m05/19/2026, 1:51:16 PM [32m    LOG[39m [38;5;3m[RoutesResolver] [39m[32mCategoriesController {/api/categories}:[39m[38;5;3m +1ms[39m
[32m[Nest] 130126  - [39m05/19/2026, 1:51:16 PM [32m    LOG[39m [38;5;3m[RouterExplorer] [39m[32mMapped {/api/categories, GET} route[39m[38;5;3m +0ms[39m
[32m[Nest] 130126  - [39m05/19/2026, 1:51:16 PM [32m    LOG[39m [38;5;3m[RouterExplorer] [39m[32mMapped {/api/categories, POST} route[39m[38;5;3m +1ms[39m
[32m[Nest] 130126  - [39m05/19/2026, 1:51:16 PM [32m    LOG[39m [38;5;3m[RouterExplorer] [39m[32mMapped {/api/categories/:id, PATCH} route[39m[38;5;3m +1ms[39m
[32m[Nest] 130126  - [39m05/19/2026, 1:51:16 PM [32m    LOG[39m [38;5;3m[RouterExplorer] [39m[32mMapped {/api/categories/:id, DELETE} route[39m[38;5;3m +1ms[39m
[32m[Nest] 130126  - [39m05/19/2026, 1:51:16 PM [32m    LOG[39m [38;5;3m[RoutesResolver] [39m[32mAssetsController {/api/assets}:[39m[38;5;3m +0ms[39m
[32m[Nest] 130126  - [39m05/19/2026, 1:51:16 PM [32m    LOG[39m [38;5;3m[RouterExplorer] [39m[32mMapped {/api/assets, GET} route[39m[38;5;3m +1ms[39m
[32m[Nest] 130126  - [39m05/19/2026, 1:51:16 PM [32m    LOG[39m [38;5;3m[RouterExplorer] [39m[32mMapped {/api/assets/summary, GET} route[39m[38;5;3m +0ms[39m
[32m[Nest] 130126  - [39m05/19/2026, 1:51:16 PM [32m    LOG[39m [38;5;3m[RouterExplorer] [39m[32mMapped {/api/assets, POST} route[39m[38;5;3m +1ms[39m
[32m[Nest] 130126  - [39m05/19/2026, 1:51:16 PM [32m    LOG[39m [38;5;3m[RouterExplorer] [39m[32mMapped {/api/assets/:id, GET} route[39m[38;5;3m +0ms[39m
[32m[Nest] 130126  - [39m05/19/2026, 1:51:16 PM [32m    LOG[39m [38;5;3m[RouterExplorer] [39m[32mMapped {/api/assets/:id, PATCH} route[39m[38;5;3m +0ms[39m
[32m[Nest] 130126  - [39m05/19/2026, 1:51:16 PM [32m    LOG[39m [38;5;3m[RouterExplorer] [39m[32mMapped {/api/assets/:id, DELETE} route[39m[38;5;3m +1ms[39m
[32m[Nest] 130126  - [39m05/19/2026, 1:51:16 PM [32m    LOG[39m [38;5;3m[RoutesResolver] [39m[32mLiabilitiesController {/api/liabilities}:[39m[38;5;3m +0ms[39m
[32m[Nest] 130126  - [39m05/19/2026, 1:51:16 PM [32m    LOG[39m [38;5;3m[RouterExplorer] [39m[32mMapped {/api/liabilities, GET} route[39m[38;5;3m +0ms[39m
[32m[Nest] 130126  - [39m05/19/2026, 1:51:16 PM [32m    LOG[39m [38;5;3m[RouterExplorer] [39m[32mMapped {/api/liabilities, POST} route[39m[38;5;3m +0ms[39m
[32m[Nest] 130126  - [39m05/19/2026, 1:51:16 PM [32m    LOG[39m [38;5;3m[RouterExplorer] [39m[32mMapped {/api/liabilities/:id, GET} route[39m[38;5;3m +1ms[39m
[32m[Nest] 130126  - [39m05/19/2026, 1:51:16 PM [32m    LOG[39m [38;5;3m[RouterExplorer] [39m[32mMapped {/api/liabilities/:id/schedule, GET} route[39m[38;5;3m +0ms[39m
[32m[Nest] 130126  - [39m05/19/2026, 1:51:16 PM [32m    LOG[39m [38;5;3m[RouterExplorer] [39m[32mMapped {/api/liabilities/:id, PATCH} route[39m[38;5;3m +0ms[39m
[32m[Nest] 130126  - [39m05/19/2026, 1:51:16 PM [32m    LOG[39m [38;5;3m[RouterExplorer] [39m[32mMapped {/api/liabilities/:id, DELETE} route[39m[38;5;3m +1ms[39m
[32m[Nest] 130126  - [39m05/19/2026, 1:51:16 PM [32m    LOG[39m [38;5;3m[RoutesResolver] [39m[32mTransactionsController {/api/transactions}:[39m[38;5;3m +0ms[39m
[32m[Nest] 130126  - [39m05/19/2026, 1:51:16 PM [32m    LOG[39m [38;5;3m[RouterExplorer] [39m[32mMapped {/api/transactions, GET} route[39m[38;5;3m +0ms[39m
[32m[Nest] 130126  - [39m05/19/2026, 1:51:16 PM [32m    LOG[39m [38;5;3m[RouterExplorer] [39m[32mMapped {/api/transactions/summary, GET} route[39m[38;5;3m +0ms[39m
[32m[Nest] 130126  - [39m05/19/2026, 1:51:16 PM [32m    LOG[39m [38;5;3m[RouterExplorer] [39m[32mMapped {/api/transactions, POST} route[39m[38;5;3m +1ms[39m
[32m[Nest] 130126  - [39m05/19/2026, 1:51:16 PM [32m    LOG[39m [38;5;3m[RouterExplorer] [39m[32mMapped {/api/transactions/:id, GET} route[39m[38;5;3m +0ms[39m
[32m[Nest] 130126  - [39m05/19/2026, 1:51:16 PM [32m    LOG[39m [38;5;3m[RouterExplorer] [39m[32mMapped {/api/transactions/:id, PATCH} route[39m[38;5;3m +0ms[39m
[32m[Nest] 130126  - [39m05/19/2026, 1:51:16 PM [32m    LOG[39m [38;5;3m[RouterExplorer] [39m[32mMapped {/api/transactions/:id, DELETE} route[39m[38;5;3m +0ms[39m
[32m[Nest] 130126  - [39m05/19/2026, 1:51:16 PM [32m    LOG[39m [38;5;3m[RoutesResolver] [39m[32mForecastController {/api/forecast}:[39m[38;5;3m +0ms[39m
[32m[Nest] 130126  - [39m05/19/2026, 1:51:16 PM [32m    LOG[39m [38;5;3m[RouterExplorer] [39m[32mMapped {/api/forecast/wacr, GET} route[39m[38;5;3m +1ms[39m
[32m[Nest] 130126  - [39m05/19/2026, 1:51:16 PM [32m    LOG[39m [38;5;3m[RouterExplorer] [39m[32mMapped {/api/forecast/cashflow, POST} route[39m[38;5;3m +0ms[39m
[32m[Nest] 130126  - [39m05/19/2026, 1:51:16 PM [32m    LOG[39m [38;5;3m[NestApplication] [39m[32mNest application successfully started[39m[38;5;3m +24ms[39m
[31m[Nest] 130126  - [39m05/19/2026, 1:51:16 PM [31m  ERROR[39m [38;5;3m[NestApplication] [39m[31mError: listen EADDRINUSE: address already in use :::3000[39m[38;5;3m +3ms[39m
node:net:1908
    const ex = new UVExceptionWithHostPort(err, 'listen', address, port);
               ^

Error: listen EADDRINUSE: address already in use :::3000
    at Server.setupListenHandle [as _listen2] (node:net:1908:16)
    at listenInCluster (node:net:1965:12)
    at Server.listen (node:net:2067:7)
    at ExpressAdapter.listen (/home/kyrie/workspace/elevate-life/backend/node_modules/@nestjs/platform-express/adapters/express-adapter.js:115:32)
    at /home/kyrie/workspace/elevate-life/backend/node_modules/@nestjs/core/nest-application.js:188:30
    at new Promise (<anonymous>)
    at NestApplication.listen (/home/kyrie/workspace/elevate-life/backend/node_modules/@nestjs/core/nest-application.js:178:16)
    at async bootstrap (/home/kyrie/workspace/elevate-life/backend/src/main.ts:20:3) {
  code: 'EADDRINUSE',
  errno: -98,
  syscall: 'listen',
  address: '::',
  port: 3000
}

Node.js v20.20.0
[2J[3J[H[[90m1:59:37 PM[0m] File change detected. Starting incremental compilation...

[[90m1:59:38 PM[0m] Found 0 errors. Watching for file changes.

[32m[Nest] 135027  - [39m05/19/2026, 1:59:39 PM [32m    LOG[39m [38;5;3m[NestFactory] [39m[32mStarting Nest application...[39m
[32m[Nest] 135027  - [39m05/19/2026, 1:59:39 PM [32m    LOG[39m [38;5;3m[InstanceLoader] [39m[32mAppModule dependencies initialized[39m[38;5;3m +36ms[39m
[32m[Nest] 135027  - [39m05/19/2026, 1:59:39 PM [32m    LOG[39m [38;5;3m[InstanceLoader] [39m[32mTypeOrmModule dependencies initialized[39m[38;5;3m +0ms[39m
[32m[Nest] 135027  - [39m05/19/2026, 1:59:39 PM [32m    LOG[39m [38;5;3m[InstanceLoader] [39m[32mPassportModule dependencies initialized[39m[38;5;3m +0ms[39m
[32m[Nest] 135027  - [39m05/19/2026, 1:59:39 PM [32m    LOG[39m [38;5;3m[InstanceLoader] [39m[32mConfigHostModule dependencies initialized[39m[38;5;3m +1ms[39m
[32m[Nest] 135027  - [39m05/19/2026, 1:59:39 PM [32m    LOG[39m [38;5;3m[InstanceLoader] [39m[32mJwtModule dependencies initialized[39m[38;5;3m +1ms[39m
[32m[Nest] 135027  - [39m05/19/2026, 1:59:39 PM [32m    LOG[39m [38;5;3m[InstanceLoader] [39m[32mDiscoveryModule dependencies initialized[39m[38;5;3m +0ms[39m
[32m[Nest] 135027  - [39m05/19/2026, 1:59:39 PM [32m    LOG[39m [38;5;3m[InstanceLoader] [39m[32mConfigModule dependencies initialized[39m[38;5;3m +64ms[39m
[32m[Nest] 135027  - [39m05/19/2026, 1:59:39 PM [32m    LOG[39m [38;5;3m[InstanceLoader] [39m[32mConfigModule dependencies initialized[39m[38;5;3m +0ms[39m
[32m[Nest] 135027  - [39m05/19/2026, 1:59:39 PM [32m    LOG[39m [38;5;3m[InstanceLoader] [39m[32mScheduleModule dependencies initialized[39m[38;5;3m +1ms[39m
[32m[Nest] 135027  - [39m05/19/2026, 1:59:39 PM [32m    LOG[39m [38;5;3m[InstanceLoader] [39m[32mEncryptionModule dependencies initialized[39m[38;5;3m +9ms[39m
[32m[Nest] 135027  - [39m05/19/2026, 1:59:39 PM [32m    LOG[39m [38;5;3m[InstanceLoader] [39m[32mStockModule dependencies initialized[39m[38;5;3m +0ms[39m
[32m[Nest] 135027  - [39m05/19/2026, 1:59:39 PM [32m    LOG[39m [38;5;3m[InstanceLoader] [39m[32mThrottlerModule dependencies initialized[39m[38;5;3m +1ms[39m
[32m[Nest] 135027  - [39m05/19/2026, 1:59:39 PM [32m    LOG[39m [38;5;3m[InstanceLoader] [39m[32mTypeOrmCoreModule dependencies initialized[39m[38;5;3m +64ms[39m
[32m[Nest] 135027  - [39m05/19/2026, 1:59:39 PM [32m    LOG[39m [38;5;3m[InstanceLoader] [39m[32mTypeOrmModule dependencies initialized[39m[38;5;3m +1ms[39m
[32m[Nest] 135027  - [39m05/19/2026, 1:59:39 PM [32m    LOG[39m [38;5;3m[InstanceLoader] [39m[32mTypeOrmModule dependencies initialized[39m[38;5;3m +0ms[39m
[32m[Nest] 135027  - [39m05/19/2026, 1:59:39 PM [32m    LOG[39m [38;5;3m[InstanceLoader] [39m[32mTypeOrmModule dependencies initialized[39m[38;5;3m +0ms[39m
[32m[Nest] 135027  - [39m05/19/2026, 1:59:39 PM [32m    LOG[39m [38;5;3m[InstanceLoader] [39m[32mTypeOrmModule dependencies initialized[39m[38;5;3m +0ms[39m
[32m[Nest] 135027  - [39m05/19/2026, 1:59:39 PM [32m    LOG[39m [38;5;3m[InstanceLoader] [39m[32mTypeOrmModule dependencies initialized[39m[38;5;3m +0ms[39m
[32m[Nest] 135027  - [39m05/19/2026, 1:59:39 PM [32m    LOG[39m [38;5;3m[InstanceLoader] [39m[32mTypeOrmModule dependencies initialized[39m[38;5;3m +0ms[39m
[32m[Nest] 135027  - [39m05/19/2026, 1:59:39 PM [32m    LOG[39m [38;5;3m[InstanceLoader] [39m[32mTypeOrmModule dependencies initialized[39m[38;5;3m +0ms[39m
[32m[Nest] 135027  - [39m05/19/2026, 1:59:39 PM [32m    LOG[39m [38;5;3m[InstanceLoader] [39m[32mForecastModule dependencies initialized[39m[38;5;3m +1ms[39m
[32m[Nest] 135027  - [39m05/19/2026, 1:59:39 PM [32m    LOG[39m [38;5;3m[InstanceLoader] [39m[32mUsersModule dependencies initialized[39m[38;5;3m +0ms[39m
[32m[Nest] 135027  - [39m05/19/2026, 1:59:39 PM [32m    LOG[39m [38;5;3m[InstanceLoader] [39m[32mGoldModule dependencies initialized[39m[38;5;3m +1ms[39m
[32m[Nest] 135027  - [39m05/19/2026, 1:59:39 PM [32m    LOG[39m [38;5;3m[InstanceLoader] [39m[32mAuthModule dependencies initialized[39m[38;5;3m +0ms[39m
[32m[Nest] 135027  - [39m05/19/2026, 1:59:39 PM [32m    LOG[39m [38;5;3m[InstanceLoader] [39m[32mCategoriesModule dependencies initialized[39m[38;5;3m +1ms[39m
[32m[Nest] 135027  - [39m05/19/2026, 1:59:39 PM [32m    LOG[39m [38;5;3m[InstanceLoader] [39m[32mLiabilitiesModule dependencies initialized[39m[38;5;3m +0ms[39m
[32m[Nest] 135027  - [39m05/19/2026, 1:59:39 PM [32m    LOG[39m [38;5;3m[InstanceLoader] [39m[32mAssetsModule dependencies initialized[39m[38;5;3m +0ms[39m
[32m[Nest] 135027  - [39m05/19/2026, 1:59:39 PM [32m    LOG[39m [38;5;3m[InstanceLoader] [39m[32mTransactionsModule dependencies initialized[39m[38;5;3m +0ms[39m
[32m[Nest] 135027  - [39m05/19/2026, 1:59:39 PM [32m    LOG[39m [38;5;3m[RoutesResolver] [39m[32mAuthController {/api/auth}:[39m[38;5;3m +22ms[39m
[32m[Nest] 135027  - [39m05/19/2026, 1:59:39 PM [32m    LOG[39m [38;5;3m[RouterExplorer] [39m[32mMapped {/api/auth/register, POST} route[39m[38;5;3m +5ms[39m
[32m[Nest] 135027  - [39m05/19/2026, 1:59:39 PM [32m    LOG[39m [38;5;3m[RouterExplorer] [39m[32mMapped {/api/auth/login, POST} route[39m[38;5;3m +0ms[39m
[32m[Nest] 135027  - [39m05/19/2026, 1:59:39 PM [32m    LOG[39m [38;5;3m[RouterExplorer] [39m[32mMapped {/api/auth/refresh, POST} route[39m[38;5;3m +1ms[39m
[32m[Nest] 135027  - [39m05/19/2026, 1:59:39 PM [32m    LOG[39m [38;5;3m[RoutesResolver] [39m[32mGoldController {/api/gold}:[39m[38;5;3m +0ms[39m
[32m[Nest] 135027  - [39m05/19/2026, 1:59:39 PM [32m    LOG[39m [38;5;3m[RouterExplorer] [39m[32mMapped {/api/gold/price, GET} route[39m[38;5;3m +1ms[39m
[32m[Nest] 135027  - [39m05/19/2026, 1:59:39 PM [32m    LOG[39m [38;5;3m[RouterExplorer] [39m[32mMapped {/api/gold/history, GET} route[39m[38;5;3m +0ms[39m
[32m[Nest] 135027  - [39m05/19/2026, 1:59:39 PM [32m    LOG[39m [38;5;3m[RouterExplorer] [39m[32mMapped {/api/gold/refresh, GET} route[39m[38;5;3m +1ms[39m
[32m[Nest] 135027  - [39m05/19/2026, 1:59:39 PM [32m    LOG[39m [38;5;3m[RoutesResolver] [39m[32mCategoriesController {/api/categories}:[39m[38;5;3m +0ms[39m
[32m[Nest] 135027  - [39m05/19/2026, 1:59:39 PM [32m    LOG[39m [38;5;3m[RouterExplorer] [39m[32mMapped {/api/categories, GET} route[39m[38;5;3m +1ms[39m
[32m[Nest] 135027  - [39m05/19/2026, 1:59:39 PM [32m    LOG[39m [38;5;3m[RouterExplorer] [39m[32mMapped {/api/categories, POST} route[39m[38;5;3m +0ms[39m
[32m[Nest] 135027  - [39m05/19/2026, 1:59:39 PM [32m    LOG[39m [38;5;3m[RouterExplorer] [39m[32mMapped {/api/categories/:id, PATCH} route[39m[38;5;3m +1ms[39m
[32m[Nest] 135027  - [39m05/19/2026, 1:59:39 PM [32m    LOG[39m [38;5;3m[RouterExplorer] [39m[32mMapped {/api/categories/:id, DELETE} route[39m[38;5;3m +1ms[39m
[32m[Nest] 135027  - [39m05/19/2026, 1:59:39 PM [32m    LOG[39m [38;5;3m[RoutesResolver] [39m[32mAssetsController {/api/assets}:[39m[38;5;3m +0ms[39m
[32m[Nest] 135027  - [39m05/19/2026, 1:59:39 PM [32m    LOG[39m [38;5;3m[RouterExplorer] [39m[32mMapped {/api/assets, GET} route[39m[38;5;3m +1ms[39m
[32m[Nest] 135027  - [39m05/19/2026, 1:59:39 PM [32m    LOG[39m [38;5;3m[RouterExplorer] [39m[32mMapped {/api/assets/summary, GET} route[39m[38;5;3m +0ms[39m
[32m[Nest] 135027  - [39m05/19/2026, 1:59:39 PM [32m    LOG[39m [38;5;3m[RouterExplorer] [39m[32mMapped {/api/assets, POST} route[39m[38;5;3m +0ms[39m
[32m[Nest] 135027  - [39m05/19/2026, 1:59:39 PM [32m    LOG[39m [38;5;3m[RouterExplorer] [39m[32mMapped {/api/assets/:id, GET} route[39m[38;5;3m +1ms[39m
[32m[Nest] 135027  - [39m05/19/2026, 1:59:39 PM [32m    LOG[39m [38;5;3m[RouterExplorer] [39m[32mMapped {/api/assets/:id, PATCH} route[39m[38;5;3m +0ms[39m
[32m[Nest] 135027  - [39m05/19/2026, 1:59:39 PM [32m    LOG[39m [38;5;3m[RouterExplorer] [39m[32mMapped {/api/assets/:id, DELETE} route[39m[38;5;3m +1ms[39m
[32m[Nest] 135027  - [39m05/19/2026, 1:59:39 PM [32m    LOG[39m [38;5;3m[RoutesResolver] [39m[32mLiabilitiesController {/api/liabilities}:[39m[38;5;3m +0ms[39m
[32m[Nest] 135027  - [39m05/19/2026, 1:59:39 PM [32m    LOG[39m [38;5;3m[RouterExplorer] [39m[32mMapped {/api/liabilities, GET} route[39m[38;5;3m +0ms[39m
[32m[Nest] 135027  - [39m05/19/2026, 1:59:39 PM [32m    LOG[39m [38;5;3m[RouterExplorer] [39m[32mMapped {/api/liabilities, POST} route[39m[38;5;3m +0ms[39m
[32m[Nest] 135027  - [39m05/19/2026, 1:59:39 PM [32m    LOG[39m [38;5;3m[RouterExplorer] [39m[32mMapped {/api/liabilities/:id, GET} route[39m[38;5;3m +1ms[39m
[32m[Nest] 135027  - [39m05/19/2026, 1:59:39 PM [32m    LOG[39m [38;5;3m[RouterExplorer] [39m[32mMapped {/api/liabilities/:id/schedule, GET} route[39m[38;5;3m +0ms[39m
[32m[Nest] 135027  - [39m05/19/2026, 1:59:39 PM [32m    LOG[39m [38;5;3m[RouterExplorer] [39m[32mMapped {/api/liabilities/:id, PATCH} route[39m[38;5;3m +0ms[39m
[32m[Nest] 135027  - [39m05/19/2026, 1:59:39 PM [32m    LOG[39m [38;5;3m[RouterExplorer] [39m[32mMapped {/api/liabilities/:id, DELETE} route[39m[38;5;3m +1ms[39m
[32m[Nest] 135027  - [39m05/19/2026, 1:59:39 PM [32m    LOG[39m [38;5;3m[RoutesResolver] [39m[32mTransactionsController {/api/transactions}:[39m[38;5;3m +0ms[39m
[32m[Nest] 135027  - [39m05/19/2026, 1:59:39 PM [32m    LOG[39m [38;5;3m[RouterExplorer] [39m[32mMapped {/api/transactions, GET} route[39m[38;5;3m +0ms[39m
[32m[Nest] 135027  - [39m05/19/2026, 1:59:39 PM [32m    LOG[39m [38;5;3m[RouterExplorer] [39m[32mMapped {/api/transactions/summary, GET} route[39m[38;5;3m +0ms[39m
[32m[Nest] 135027  - [39m05/19/2026, 1:59:39 PM [32m    LOG[39m [38;5;3m[RouterExplorer] [39m[32mMapped {/api/transactions, POST} route[39m[38;5;3m +1ms[39m
[32m[Nest] 135027  - [39m05/19/2026, 1:59:39 PM [32m    LOG[39m [38;5;3m[RouterExplorer] [39m[32mMapped {/api/transactions/:id, GET} route[39m[38;5;3m +0ms[39m
[32m[Nest] 135027  - [39m05/19/2026, 1:59:39 PM [32m    LOG[39m [38;5;3m[RouterExplorer] [39m[32mMapped {/api/transactions/:id, PATCH} route[39m[38;5;3m +0ms[39m
[32m[Nest] 135027  - [39m05/19/2026, 1:59:39 PM [32m    LOG[39m [38;5;3m[RouterExplorer] [39m[32mMapped {/api/transactions/:id, DELETE} route[39m[38;5;3m +0ms[39m
[32m[Nest] 135027  - [39m05/19/2026, 1:59:39 PM [32m    LOG[39m [38;5;3m[RoutesResolver] [39m[32mForecastController {/api/forecast}:[39m[38;5;3m +1ms[39m
[32m[Nest] 135027  - [39m05/19/2026, 1:59:39 PM [32m    LOG[39m [38;5;3m[RouterExplorer] [39m[32mMapped {/api/forecast/wacr, GET} route[39m[38;5;3m +0ms[39m
[32m[Nest] 135027  - [39m05/19/2026, 1:59:39 PM [32m    LOG[39m [38;5;3m[RouterExplorer] [39m[32mMapped {/api/forecast/cashflow, POST} route[39m[38;5;3m +0ms[39m
[32m[Nest] 135027  - [39m05/19/2026, 1:59:39 PM [32m    LOG[39m [38;5;3m[NestApplication] [39m[32mNest application successfully started[39m[38;5;3m +37ms[39m
[31m[Nest] 135027  - [39m05/19/2026, 1:59:39 PM [31m  ERROR[39m [38;5;3m[NestApplication] [39m[31mError: listen EADDRINUSE: address already in use :::3000[39m[38;5;3m +4ms[39m
node:net:1908
    const ex = new UVExceptionWithHostPort(err, 'listen', address, port);
               ^

Error: listen EADDRINUSE: address already in use :::3000
    at Server.setupListenHandle [as _listen2] (node:net:1908:16)
    at listenInCluster (node:net:1965:12)
    at Server.listen (node:net:2067:7)
    at ExpressAdapter.listen (/home/kyrie/workspace/elevate-life/backend/node_modules/@nestjs/platform-express/adapters/express-adapter.js:115:32)
    at /home/kyrie/workspace/elevate-life/backend/node_modules/@nestjs/core/nest-application.js:188:30
    at new Promise (<anonymous>)
    at NestApplication.listen (/home/kyrie/workspace/elevate-life/backend/node_modules/@nestjs/core/nest-application.js:178:16)
    at async bootstrap (/home/kyrie/workspace/elevate-life/backend/src/main.ts:20:3) {
  code: 'EADDRINUSE',
  errno: -98,
  syscall: 'listen',
  address: '::',
  port: 3000
}

Node.js v20.20.0
[2J[3J[H[[90m2:00:00 PM[0m] File change detected. Starting incremental compilation...

[[90m2:00:00 PM[0m] Found 0 errors. Watching for file changes.

[32m[Nest] 135068  - [39m05/19/2026, 2:00:01 PM [32m    LOG[39m [38;5;3m[NestFactory] [39m[32mStarting Nest application...[39m
[32m[Nest] 135068  - [39m05/19/2026, 2:00:01 PM [32m    LOG[39m [38;5;3m[InstanceLoader] [39m[32mAppModule dependencies initialized[39m[38;5;3m +40ms[39m
[32m[Nest] 135068  - [39m05/19/2026, 2:00:01 PM [32m    LOG[39m [38;5;3m[InstanceLoader] [39m[32mTypeOrmModule dependencies initialized[39m[38;5;3m +0ms[39m
[32m[Nest] 135068  - [39m05/19/2026, 2:00:01 PM [32m    LOG[39m [38;5;3m[InstanceLoader] [39m[32mPassportModule dependencies initialized[39m[38;5;3m +0ms[39m
[32m[Nest] 135068  - [39m05/19/2026, 2:00:01 PM [32m    LOG[39m [38;5;3m[InstanceLoader] [39m[32mConfigHostModule dependencies initialized[39m[38;5;3m +2ms[39m
[32m[Nest] 135068  - [39m05/19/2026, 2:00:01 PM [32m    LOG[39m [38;5;3m[InstanceLoader] [39m[32mJwtModule dependencies initialized[39m[38;5;3m +0ms[39m
[32m[Nest] 135068  - [39m05/19/2026, 2:00:01 PM [32m    LOG[39m [38;5;3m[InstanceLoader] [39m[32mDiscoveryModule dependencies initialized[39m[38;5;3m +0ms[39m
[32m[Nest] 135068  - [39m05/19/2026, 2:00:01 PM [32m    LOG[39m [38;5;3m[InstanceLoader] [39m[32mConfigModule dependencies initialized[39m[38;5;3m +67ms[39m
[32m[Nest] 135068  - [39m05/19/2026, 2:00:01 PM [32m    LOG[39m [38;5;3m[InstanceLoader] [39m[32mConfigModule dependencies initialized[39m[38;5;3m +0ms[39m
[32m[Nest] 135068  - [39m05/19/2026, 2:00:01 PM [32m    LOG[39m [38;5;3m[InstanceLoader] [39m[32mScheduleModule dependencies initialized[39m[38;5;3m +1ms[39m
[32m[Nest] 135068  - [39m05/19/2026, 2:00:01 PM [32m    LOG[39m [38;5;3m[InstanceLoader] [39m[32mEncryptionModule dependencies initialized[39m[38;5;3m +10ms[39m
[32m[Nest] 135068  - [39m05/19/2026, 2:00:01 PM [32m    LOG[39m [38;5;3m[InstanceLoader] [39m[32mStockModule dependencies initialized[39m[38;5;3m +0ms[39m
[32m[Nest] 135068  - [39m05/19/2026, 2:00:01 PM [32m    LOG[39m [38;5;3m[InstanceLoader] [39m[32mThrottlerModule dependencies initialized[39m[38;5;3m +0ms[39m
[32m[Nest] 135068  - [39m05/19/2026, 2:00:01 PM [32m    LOG[39m [38;5;3m[InstanceLoader] [39m[32mTypeOrmCoreModule dependencies initialized[39m[38;5;3m +96ms[39m
[32m[Nest] 135068  - [39m05/19/2026, 2:00:01 PM [32m    LOG[39m [38;5;3m[InstanceLoader] [39m[32mTypeOrmModule dependencies initialized[39m[38;5;3m +1ms[39m
[32m[Nest] 135068  - [39m05/19/2026, 2:00:01 PM [32m    LOG[39m [38;5;3m[InstanceLoader] [39m[32mTypeOrmModule dependencies initialized[39m[38;5;3m +0ms[39m
[32m[Nest] 135068  - [39m05/19/2026, 2:00:01 PM [32m    LOG[39m [38;5;3m[InstanceLoader] [39m[32mTypeOrmModule dependencies initialized[39m[38;5;3m +0ms[39m
[32m[Nest] 135068  - [39m05/19/2026, 2:00:01 PM [32m    LOG[39m [38;5;3m[InstanceLoader] [39m[32mTypeOrmModule dependencies initialized[39m[38;5;3m +0ms[39m
[32m[Nest] 135068  - [39m05/19/2026, 2:00:01 PM [32m    LOG[39m [38;5;3m[InstanceLoader] [39m[32mTypeOrmModule dependencies initialized[39m[38;5;3m +0ms[39m
[32m[Nest] 135068  - [39m05/19/2026, 2:00:01 PM [32m    LOG[39m [38;5;3m[InstanceLoader] [39m[32mTypeOrmModule dependencies initialized[39m[38;5;3m +0ms[39m
[32m[Nest] 135068  - [39m05/19/2026, 2:00:01 PM [32m    LOG[39m [38;5;3m[InstanceLoader] [39m[32mTypeOrmModule dependencies initialized[39m[38;5;3m +0ms[39m
[32m[Nest] 135068  - [39m05/19/2026, 2:00:01 PM [32m    LOG[39m [38;5;3m[InstanceLoader] [39m[32mForecastModule dependencies initialized[39m[38;5;3m +1ms[39m
[32m[Nest] 135068  - [39m05/19/2026, 2:00:01 PM [32m    LOG[39m [38;5;3m[InstanceLoader] [39m[32mUsersModule dependencies initialized[39m[38;5;3m +0ms[39m
[32m[Nest] 135068  - [39m05/19/2026, 2:00:01 PM [32m    LOG[39m [38;5;3m[InstanceLoader] [39m[32mGoldModule dependencies initialized[39m[38;5;3m +1ms[39m
[32m[Nest] 135068  - [39m05/19/2026, 2:00:01 PM [32m    LOG[39m [38;5;3m[InstanceLoader] [39m[32mAuthModule dependencies initialized[39m[38;5;3m +0ms[39m
[32m[Nest] 135068  - [39m05/19/2026, 2:00:01 PM [32m    LOG[39m [38;5;3m[InstanceLoader] [39m[32mCategoriesModule dependencies initialized[39m[38;5;3m +0ms[39m
[32m[Nest] 135068  - [39m05/19/2026, 2:00:01 PM [32m    LOG[39m [38;5;3m[InstanceLoader] [39m[32mLiabilitiesModule dependencies initialized[39m[38;5;3m +0ms[39m
[32m[Nest] 135068  - [39m05/19/2026, 2:00:01 PM [32m    LOG[39m [38;5;3m[InstanceLoader] [39m[32mAssetsModule dependencies initialized[39m[38;5;3m +1ms[39m
[32m[Nest] 135068  - [39m05/19/2026, 2:00:01 PM [32m    LOG[39m [38;5;3m[InstanceLoader] [39m[32mTransactionsModule dependencies initialized[39m[38;5;3m +0ms[39m
[32m[Nest] 135068  - [39m05/19/2026, 2:00:01 PM [32m    LOG[39m [38;5;3m[RoutesResolver] [39m[32mAuthController {/api/auth}:[39m[38;5;3m +19ms[39m
[32m[Nest] 135068  - [39m05/19/2026, 2:00:01 PM [32m    LOG[39m [38;5;3m[RouterExplorer] [39m[32mMapped {/api/auth/register, POST} route[39m[38;5;3m +4ms[39m
[32m[Nest] 135068  - [39m05/19/2026, 2:00:01 PM [32m    LOG[39m [38;5;3m[RouterExplorer] [39m[32mMapped {/api/auth/login, POST} route[39m[38;5;3m +1ms[39m
[32m[Nest] 135068  - [39m05/19/2026, 2:00:01 PM [32m    LOG[39m [38;5;3m[RouterExplorer] [39m[32mMapped {/api/auth/refresh, POST} route[39m[38;5;3m +0ms[39m
[32m[Nest] 135068  - [39m05/19/2026, 2:00:01 PM [32m    LOG[39m [38;5;3m[RoutesResolver] [39m[32mGoldController {/api/gold}:[39m[38;5;3m +1ms[39m
[32m[Nest] 135068  - [39m05/19/2026, 2:00:01 PM [32m    LOG[39m [38;5;3m[RouterExplorer] [39m[32mMapped {/api/gold/price, GET} route[39m[38;5;3m +0ms[39m
[32m[Nest] 135068  - [39m05/19/2026, 2:00:01 PM [32m    LOG[39m [38;5;3m[RouterExplorer] [39m[32mMapped {/api/gold/history, GET} route[39m[38;5;3m +1ms[39m
[32m[Nest] 135068  - [39m05/19/2026, 2:00:01 PM [32m    LOG[39m [38;5;3m[RouterExplorer] [39m[32mMapped {/api/gold/refresh, GET} route[39m[38;5;3m +0ms[39m
[32m[Nest] 135068  - [39m05/19/2026, 2:00:01 PM [32m    LOG[39m [38;5;3m[RoutesResolver] [39m[32mCategoriesController {/api/categories}:[39m[38;5;3m +0ms[39m
[32m[Nest] 135068  - [39m05/19/2026, 2:00:01 PM [32m    LOG[39m [38;5;3m[RouterExplorer] [39m[32mMapped {/api/categories, GET} route[39m[38;5;3m +1ms[39m
[32m[Nest] 135068  - [39m05/19/2026, 2:00:01 PM [32m    LOG[39m [38;5;3m[RouterExplorer] [39m[32mMapped {/api/categories, POST} route[39m[38;5;3m +1ms[39m
[32m[Nest] 135068  - [39m05/19/2026, 2:00:01 PM [32m    LOG[39m [38;5;3m[RouterExplorer] [39m[32mMapped {/api/categories/:id, PATCH} route[39m[38;5;3m +1ms[39m
[32m[Nest] 135068  - [39m05/19/2026, 2:00:01 PM [32m    LOG[39m [38;5;3m[RouterExplorer] [39m[32mMapped {/api/categories/:id, DELETE} route[39m[38;5;3m +1ms[39m
[32m[Nest] 135068  - [39m05/19/2026, 2:00:01 PM [32m    LOG[39m [38;5;3m[RoutesResolver] [39m[32mAssetsController {/api/assets}:[39m[38;5;3m +0ms[39m
[32m[Nest] 135068  - [39m05/19/2026, 2:00:01 PM [32m    LOG[39m [38;5;3m[RouterExplorer] [39m[32mMapped {/api/assets, GET} route[39m[38;5;3m +1ms[39m
[32m[Nest] 135068  - [39m05/19/2026, 2:00:01 PM [32m    LOG[39m [38;5;3m[RouterExplorer] [39m[32mMapped {/api/assets/summary, GET} route[39m[38;5;3m +0ms[39m
[32m[Nest] 135068  - [39m05/19/2026, 2:00:01 PM [32m    LOG[39m [38;5;3m[RouterExplorer] [39m[32mMapped {/api/assets, POST} route[39m[38;5;3m +0ms[39m
[32m[Nest] 135068  - [39m05/19/2026, 2:00:01 PM [32m    LOG[39m [38;5;3m[RouterExplorer] [39m[32mMapped {/api/assets/:id, GET} route[39m[38;5;3m +0ms[39m
[32m[Nest] 135068  - [39m05/19/2026, 2:00:01 PM [32m    LOG[39m [38;5;3m[RouterExplorer] [39m[32mMapped {/api/assets/:id, PATCH} route[39m[38;5;3m +1ms[39m
[32m[Nest] 135068  - [39m05/19/2026, 2:00:01 PM [32m    LOG[39m [38;5;3m[RouterExplorer] [39m[32mMapped {/api/assets/:id, DELETE} route[39m[38;5;3m +0ms[39m
[32m[Nest] 135068  - [39m05/19/2026, 2:00:01 PM [32m    LOG[39m [38;5;3m[RoutesResolver] [39m[32mLiabilitiesController {/api/liabilities}:[39m[38;5;3m +0ms[39m
[32m[Nest] 135068  - [39m05/19/2026, 2:00:01 PM [32m    LOG[39m [38;5;3m[RouterExplorer] [39m[32mMapped {/api/liabilities, GET} route[39m[38;5;3m +0ms[39m
[32m[Nest] 135068  - [39m05/19/2026, 2:00:01 PM [32m    LOG[39m [38;5;3m[RouterExplorer] [39m[32mMapped {/api/liabilities, POST} route[39m[38;5;3m +1ms[39m
[32m[Nest] 135068  - [39m05/19/2026, 2:00:01 PM [32m    LOG[39m [38;5;3m[RouterExplorer] [39m[32mMapped {/api/liabilities/:id, GET} route[39m[38;5;3m +0ms[39m
[32m[Nest] 135068  - [39m05/19/2026, 2:00:01 PM [32m    LOG[39m [38;5;3m[RouterExplorer] [39m[32mMapped {/api/liabilities/:id/schedule, GET} route[39m[38;5;3m +0ms[39m
[32m[Nest] 135068  - [39m05/19/2026, 2:00:01 PM [32m    LOG[39m [38;5;3m[RouterExplorer] [39m[32mMapped {/api/liabilities/:id, PATCH} route[39m[38;5;3m +1ms[39m
[32m[Nest] 135068  - [39m05/19/2026, 2:00:01 PM [32m    LOG[39m [38;5;3m[RouterExplorer] [39m[32mMapped {/api/liabilities/:id, DELETE} route[39m[38;5;3m +0ms[39m
[32m[Nest] 135068  - [39m05/19/2026, 2:00:01 PM [32m    LOG[39m [38;5;3m[RoutesResolver] [39m[32mTransactionsController {/api/transactions}:[39m[38;5;3m +0ms[39m
[32m[Nest] 135068  - [39m05/19/2026, 2:00:01 PM [32m    LOG[39m [38;5;3m[RouterExplorer] [39m[32mMapped {/api/transactions, GET} route[39m[38;5;3m +1ms[39m
[32m[Nest] 135068  - [39m05/19/2026, 2:00:01 PM [32m    LOG[39m [38;5;3m[RouterExplorer] [39m[32mMapped {/api/transactions/summary, GET} route[39m[38;5;3m +0ms[39m
[32m[Nest] 135068  - [39m05/19/2026, 2:00:01 PM [32m    LOG[39m [38;5;3m[RouterExplorer] [39m[32mMapped {/api/transactions, POST} route[39m[38;5;3m +0ms[39m
[32m[Nest] 135068  - [39m05/19/2026, 2:00:01 PM [32m    LOG[39m [38;5;3m[RouterExplorer] [39m[32mMapped {/api/transactions/:id, GET} route[39m[38;5;3m +1ms[39m
[32m[Nest] 135068  - [39m05/19/2026, 2:00:01 PM [32m    LOG[39m [38;5;3m[RouterExplorer] [39m[32mMapped {/api/transactions/:id, PATCH} route[39m[38;5;3m +0ms[39m
[32m[Nest] 135068  - [39m05/19/2026, 2:00:01 PM [32m    LOG[39m [38;5;3m[RouterExplorer] [39m[32mMapped {/api/transactions/:id, DELETE} route[39m[38;5;3m +1ms[39m
[32m[Nest] 135068  - [39m05/19/2026, 2:00:01 PM [32m    LOG[39m [38;5;3m[RoutesResolver] [39m[32mForecastController {/api/forecast}:[39m[38;5;3m +0ms[39m
[32m[Nest] 135068  - [39m05/19/2026, 2:00:01 PM [32m    LOG[39m [38;5;3m[RouterExplorer] [39m[32mMapped {/api/forecast/wacr, GET} route[39m[38;5;3m +0ms[39m
[32m[Nest] 135068  - [39m05/19/2026, 2:00:01 PM [32m    LOG[39m [38;5;3m[RouterExplorer] [39m[32mMapped {/api/forecast/cashflow, POST} route[39m[38;5;3m +0ms[39m
[32m[Nest] 135068  - [39m05/19/2026, 2:00:01 PM [32m    LOG[39m [38;5;3m[NestApplication] [39m[32mNest application successfully started[39m[38;5;3m +24ms[39m
[31m[Nest] 135068  - [39m05/19/2026, 2:00:01 PM [31m  ERROR[39m [38;5;3m[NestApplication] [39m[31mError: listen EADDRINUSE: address already in use :::3000[39m[38;5;3m +3ms[39m
node:net:1908
    const ex = new UVExceptionWithHostPort(err, 'listen', address, port);
               ^

Error: listen EADDRINUSE: address already in use :::3000
    at Server.setupListenHandle [as _listen2] (node:net:1908:16)
    at listenInCluster (node:net:1965:12)
    at Server.listen (node:net:2067:7)
    at ExpressAdapter.listen (/home/kyrie/workspace/elevate-life/backend/node_modules/@nestjs/platform-express/adapters/express-adapter.js:115:32)
    at /home/kyrie/workspace/elevate-life/backend/node_modules/@nestjs/core/nest-application.js:188:30
    at new Promise (<anonymous>)
    at NestApplication.listen (/home/kyrie/workspace/elevate-life/backend/node_modules/@nestjs/core/nest-application.js:178:16)
    at async bootstrap (/home/kyrie/workspace/elevate-life/backend/src/main.ts:20:3) {
  code: 'EADDRINUSE',
  errno: -98,
  syscall: 'listen',
  address: '::',
  port: 3000
}

Node.js v20.20.0
[95m[Nest] 4169466  - [39m05/19/2026, 7:03:40 PM [95m  DEBUG[39m [38;5;3m[GoldService] [39m[95mToday already has gold price data, skipping fetch[39m
[33m[Nest] 4169466  - [39m05/19/2026, 7:04:53 PM [33m   WARN[39m [38;5;3m[StockService] [39m[33mFailed to fetch stock price for 02015: All stock price sources failed[39m
[33m[Nest] 4169466  - [39m05/19/2026, 7:05:21 PM [33m   WARN[39m [38;5;3m[StockService] [39m[33mFailed to fetch stock price for 02015: All stock price sources failed[39m
[2J[3J[H[[90m7:10:55 PM[0m] File change detected. Starting incremental compilation...

[[90m7:10:57 PM[0m] Found 0 errors. Watching for file changes.

[32m[Nest] 182159  - [39m05/19/2026, 7:10:59 PM [32m    LOG[39m [38;5;3m[NestFactory] [39m[32mStarting Nest application...[39m
[32m[Nest] 182159  - [39m05/19/2026, 7:10:59 PM [32m    LOG[39m [38;5;3m[InstanceLoader] [39m[32mAppModule dependencies initialized[39m[38;5;3m +74ms[39m
[32m[Nest] 182159  - [39m05/19/2026, 7:10:59 PM [32m    LOG[39m [38;5;3m[InstanceLoader] [39m[32mTypeOrmModule dependencies initialized[39m[38;5;3m +1ms[39m
[32m[Nest] 182159  - [39m05/19/2026, 7:10:59 PM [32m    LOG[39m [38;5;3m[InstanceLoader] [39m[32mPassportModule dependencies initialized[39m[38;5;3m +0ms[39m
[32m[Nest] 182159  - [39m05/19/2026, 7:10:59 PM [32m    LOG[39m [38;5;3m[InstanceLoader] [39m[32mConfigHostModule dependencies initialized[39m[38;5;3m +1ms[39m
[32m[Nest] 182159  - [39m05/19/2026, 7:10:59 PM [32m    LOG[39m [38;5;3m[InstanceLoader] [39m[32mJwtModule dependencies initialized[39m[38;5;3m +1ms[39m
[32m[Nest] 182159  - [39m05/19/2026, 7:10:59 PM [32m    LOG[39m [38;5;3m[InstanceLoader] [39m[32mDiscoveryModule dependencies initialized[39m[38;5;3m +0ms[39m
[32m[Nest] 182159  - [39m05/19/2026, 7:10:59 PM [32m    LOG[39m [38;5;3m[InstanceLoader] [39m[32mConfigModule dependencies initialized[39m[38;5;3m +104ms[39m
[32m[Nest] 182159  - [39m05/19/2026, 7:10:59 PM [32m    LOG[39m [38;5;3m[InstanceLoader] [39m[32mConfigModule dependencies initialized[39m[38;5;3m +1ms[39m
[32m[Nest] 182159  - [39m05/19/2026, 7:10:59 PM [32m    LOG[39m [38;5;3m[InstanceLoader] [39m[32mScheduleModule dependencies initialized[39m[38;5;3m +0ms[39m
[32m[Nest] 182159  - [39m05/19/2026, 7:10:59 PM [32m    LOG[39m [38;5;3m[InstanceLoader] [39m[32mEncryptionModule dependencies initialized[39m[38;5;3m +28ms[39m
[32m[Nest] 182159  - [39m05/19/2026, 7:10:59 PM [32m    LOG[39m [38;5;3m[InstanceLoader] [39m[32mStockModule dependencies initialized[39m[38;5;3m +1ms[39m
[32m[Nest] 182159  - [39m05/19/2026, 7:10:59 PM [32m    LOG[39m [38;5;3m[InstanceLoader] [39m[32mThrottlerModule dependencies initialized[39m[38;5;3m +1ms[39m
[32m[Nest] 182159  - [39m05/19/2026, 7:11:00 PM [32m    LOG[39m [38;5;3m[InstanceLoader] [39m[32mTypeOrmCoreModule dependencies initialized[39m[38;5;3m +191ms[39m
[32m[Nest] 182159  - [39m05/19/2026, 7:11:00 PM [32m    LOG[39m [38;5;3m[InstanceLoader] [39m[32mTypeOrmModule dependencies initialized[39m[38;5;3m +0ms[39m
[32m[Nest] 182159  - [39m05/19/2026, 7:11:00 PM [32m    LOG[39m [38;5;3m[InstanceLoader] [39m[32mTypeOrmModule dependencies initialized[39m[38;5;3m +0ms[39m
[32m[Nest] 182159  - [39m05/19/2026, 7:11:00 PM [32m    LOG[39m [38;5;3m[InstanceLoader] [39m[32mTypeOrmModule dependencies initialized[39m[38;5;3m +1ms[39m
[32m[Nest] 182159  - [39m05/19/2026, 7:11:00 PM [32m    LOG[39m [38;5;3m[InstanceLoader] [39m[32mTypeOrmModule dependencies initialized[39m[38;5;3m +0ms[39m
[32m[Nest] 182159  - [39m05/19/2026, 7:11:00 PM [32m    LOG[39m [38;5;3m[InstanceLoader] [39m[32mTypeOrmModule dependencies initialized[39m[38;5;3m +0ms[39m
[32m[Nest] 182159  - [39m05/19/2026, 7:11:00 PM [32m    LOG[39m [38;5;3m[InstanceLoader] [39m[32mTypeOrmModule dependencies initialized[39m[38;5;3m +0ms[39m
[32m[Nest] 182159  - [39m05/19/2026, 7:11:00 PM [32m    LOG[39m [38;5;3m[InstanceLoader] [39m[32mTypeOrmModule dependencies initialized[39m[38;5;3m +0ms[39m
[32m[Nest] 182159  - [39m05/19/2026, 7:11:00 PM [32m    LOG[39m [38;5;3m[InstanceLoader] [39m[32mForecastModule dependencies initialized[39m[38;5;3m +1ms[39m
[32m[Nest] 182159  - [39m05/19/2026, 7:11:00 PM [32m    LOG[39m [38;5;3m[InstanceLoader] [39m[32mUsersModule dependencies initialized[39m[38;5;3m +1ms[39m
[32m[Nest] 182159  - [39m05/19/2026, 7:11:00 PM [32m    LOG[39m [38;5;3m[InstanceLoader] [39m[32mGoldModule dependencies initialized[39m[38;5;3m +1ms[39m
[32m[Nest] 182159  - [39m05/19/2026, 7:11:00 PM [32m    LOG[39m [38;5;3m[InstanceLoader] [39m[32mAuthModule dependencies initialized[39m[38;5;3m +1ms[39m
[32m[Nest] 182159  - [39m05/19/2026, 7:11:00 PM [32m    LOG[39m [38;5;3m[InstanceLoader] [39m[32mCategoriesModule dependencies initialized[39m[38;5;3m +1ms[39m
[32m[Nest] 182159  - [39m05/19/2026, 7:11:00 PM [32m    LOG[39m [38;5;3m[InstanceLoader] [39m[32mLiabilitiesModule dependencies initialized[39m[38;5;3m +0ms[39m
[32m[Nest] 182159  - [39m05/19/2026, 7:11:00 PM [32m    LOG[39m [38;5;3m[InstanceLoader] [39m[32mAssetsModule dependencies initialized[39m[38;5;3m +0ms[39m
[32m[Nest] 182159  - [39m05/19/2026, 7:11:00 PM [32m    LOG[39m [38;5;3m[InstanceLoader] [39m[32mTransactionsModule dependencies initialized[39m[38;5;3m +1ms[39m
[32m[Nest] 182159  - [39m05/19/2026, 7:11:00 PM [32m    LOG[39m [38;5;3m[RoutesResolver] [39m[32mAuthController {/api/auth}:[39m[38;5;3m +33ms[39m
[32m[Nest] 182159  - [39m05/19/2026, 7:11:00 PM [32m    LOG[39m [38;5;3m[RouterExplorer] [39m[32mMapped {/api/auth/register, POST} route[39m[38;5;3m +8ms[39m
[32m[Nest] 182159  - [39m05/19/2026, 7:11:00 PM [32m    LOG[39m [38;5;3m[RouterExplorer] [39m[32mMapped {/api/auth/login, POST} route[39m[38;5;3m +1ms[39m
[32m[Nest] 182159  - [39m05/19/2026, 7:11:00 PM [32m    LOG[39m [38;5;3m[RouterExplorer] [39m[32mMapped {/api/auth/refresh, POST} route[39m[38;5;3m +1ms[39m
[32m[Nest] 182159  - [39m05/19/2026, 7:11:00 PM [32m    LOG[39m [38;5;3m[RoutesResolver] [39m[32mGoldController {/api/gold}:[39m[38;5;3m +0ms[39m
[32m[Nest] 182159  - [39m05/19/2026, 7:11:00 PM [32m    LOG[39m [38;5;3m[RouterExplorer] [39m[32mMapped {/api/gold/price, GET} route[39m[38;5;3m +1ms[39m
[32m[Nest] 182159  - [39m05/19/2026, 7:11:00 PM [32m    LOG[39m [38;5;3m[RouterExplorer] [39m[32mMapped {/api/gold/history, GET} route[39m[38;5;3m +1ms[39m
[32m[Nest] 182159  - [39m05/19/2026, 7:11:00 PM [32m    LOG[39m [38;5;3m[RouterExplorer] [39m[32mMapped {/api/gold/refresh, GET} route[39m[38;5;3m +1ms[39m
[32m[Nest] 182159  - [39m05/19/2026, 7:11:00 PM [32m    LOG[39m [38;5;3m[RoutesResolver] [39m[32mCategoriesController {/api/categories}:[39m[38;5;3m +0ms[39m
[32m[Nest] 182159  - [39m05/19/2026, 7:11:00 PM [32m    LOG[39m [38;5;3m[RouterExplorer] [39m[32mMapped {/api/categories, GET} route[39m[38;5;3m +2ms[39m
[32m[Nest] 182159  - [39m05/19/2026, 7:11:00 PM [32m    LOG[39m [38;5;3m[RouterExplorer] [39m[32mMapped {/api/categories, POST} route[39m[38;5;3m +1ms[39m
[32m[Nest] 182159  - [39m05/19/2026, 7:11:00 PM [32m    LOG[39m [38;5;3m[RouterExplorer] [39m[32mMapped {/api/categories/:id, PATCH} route[39m[38;5;3m +2ms[39m
[32m[Nest] 182159  - [39m05/19/2026, 7:11:00 PM [32m    LOG[39m [38;5;3m[RouterExplorer] [39m[32mMapped {/api/categories/:id, DELETE} route[39m[38;5;3m +1ms[39m
[32m[Nest] 182159  - [39m05/19/2026, 7:11:00 PM [32m    LOG[39m [38;5;3m[RoutesResolver] [39m[32mAssetsController {/api/assets}:[39m[38;5;3m +0ms[39m
[32m[Nest] 182159  - [39m05/19/2026, 7:11:00 PM [32m    LOG[39m [38;5;3m[RouterExplorer] [39m[32mMapped {/api/assets, GET} route[39m[38;5;3m +1ms[39m
[32m[Nest] 182159  - [39m05/19/2026, 7:11:00 PM [32m    LOG[39m [38;5;3m[RouterExplorer] [39m[32mMapped {/api/assets/summary, GET} route[39m[38;5;3m +1ms[39m
[32m[Nest] 182159  - [39m05/19/2026, 7:11:00 PM [32m    LOG[39m [38;5;3m[RouterExplorer] [39m[32mMapped {/api/assets, POST} route[39m[38;5;3m +0ms[39m
[32m[Nest] 182159  - [39m05/19/2026, 7:11:00 PM [32m    LOG[39m [38;5;3m[RouterExplorer] [39m[32mMapped {/api/assets/:id, GET} route[39m[38;5;3m +1ms[39m
[32m[Nest] 182159  - [39m05/19/2026, 7:11:00 PM [32m    LOG[39m [38;5;3m[RouterExplorer] [39m[32mMapped {/api/assets/:id, PATCH} route[39m[38;5;3m +0ms[39m
[32m[Nest] 182159  - [39m05/19/2026, 7:11:00 PM [32m    LOG[39m [38;5;3m[RouterExplorer] [39m[32mMapped {/api/assets/:id, DELETE} route[39m[38;5;3m +1ms[39m
[32m[Nest] 182159  - [39m05/19/2026, 7:11:00 PM [32m    LOG[39m [38;5;3m[RoutesResolver] [39m[32mLiabilitiesController {/api/liabilities}:[39m[38;5;3m +0ms[39m
[32m[Nest] 182159  - [39m05/19/2026, 7:11:00 PM [32m    LOG[39m [38;5;3m[RouterExplorer] [39m[32mMapped {/api/liabilities, GET} route[39m[38;5;3m +1ms[39m
[32m[Nest] 182159  - [39m05/19/2026, 7:11:00 PM [32m    LOG[39m [38;5;3m[RouterExplorer] [39m[32mMapped {/api/liabilities, POST} route[39m[38;5;3m +0ms[39m
[32m[Nest] 182159  - [39m05/19/2026, 7:11:00 PM [32m    LOG[39m [38;5;3m[RouterExplorer] [39m[32mMapped {/api/liabilities/:id, GET} route[39m[38;5;3m +1ms[39m
[32m[Nest] 182159  - [39m05/19/2026, 7:11:00 PM [32m    LOG[39m [38;5;3m[RouterExplorer] [39m[32mMapped {/api/liabilities/:id/schedule, GET} route[39m[38;5;3m +0ms[39m
[32m[Nest] 182159  - [39m05/19/2026, 7:11:00 PM [32m    LOG[39m [38;5;3m[RouterExplorer] [39m[32mMapped {/api/liabilities/:id, PATCH} route[39m[38;5;3m +1ms[39m
[32m[Nest] 182159  - [39m05/19/2026, 7:11:00 PM [32m    LOG[39m [38;5;3m[RouterExplorer] [39m[32mMapped {/api/liabilities/:id, DELETE} route[39m[38;5;3m +1ms[39m
[32m[Nest] 182159  - [39m05/19/2026, 7:11:00 PM [32m    LOG[39m [38;5;3m[RoutesResolver] [39m[32mTransactionsController {/api/transactions}:[39m[38;5;3m +0ms[39m
[32m[Nest] 182159  - [39m05/19/2026, 7:11:00 PM [32m    LOG[39m [38;5;3m[RouterExplorer] [39m[32mMapped {/api/transactions, GET} route[39m[38;5;3m +1ms[39m
[32m[Nest] 182159  - [39m05/19/2026, 7:11:00 PM [32m    LOG[39m [38;5;3m[RouterExplorer] [39m[32mMapped {/api/transactions/summary, GET} route[39m[38;5;3m +0ms[39m
[32m[Nest] 182159  - [39m05/19/2026, 7:11:00 PM [32m    LOG[39m [38;5;3m[RouterExplorer] [39m[32mMapped {/api/transactions, POST} route[39m[38;5;3m +0ms[39m
[32m[Nest] 182159  - [39m05/19/2026, 7:11:00 PM [32m    LOG[39m [38;5;3m[RouterExplorer] [39m[32mMapped {/api/transactions/:id, GET} route[39m[38;5;3m +1ms[39m
[32m[Nest] 182159  - [39m05/19/2026, 7:11:00 PM [32m    LOG[39m [38;5;3m[RouterExplorer] [39m[32mMapped {/api/transactions/:id, PATCH} route[39m[38;5;3m +1ms[39m
[32m[Nest] 182159  - [39m05/19/2026, 7:11:00 PM [32m    LOG[39m [38;5;3m[RouterExplorer] [39m[32mMapped {/api/transactions/:id, DELETE} route[39m[38;5;3m +0ms[39m
[32m[Nest] 182159  - [39m05/19/2026, 7:11:00 PM [32m    LOG[39m [38;5;3m[RoutesResolver] [39m[32mForecastController {/api/forecast}:[39m[38;5;3m +0ms[39m
[32m[Nest] 182159  - [39m05/19/2026, 7:11:00 PM [32m    LOG[39m [38;5;3m[RouterExplorer] [39m[32mMapped {/api/forecast/wacr, GET} route[39m[38;5;3m +1ms[39m
[32m[Nest] 182159  - [39m05/19/2026, 7:11:00 PM [32m    LOG[39m [38;5;3m[RouterExplorer] [39m[32mMapped {/api/forecast/cashflow, POST} route[39m[38;5;3m +0ms[39m
[32m[Nest] 182159  - [39m05/19/2026, 7:11:00 PM [32m    LOG[39m [38;5;3m[NestApplication] [39m[32mNest application successfully started[39m[38;5;3m +40ms[39m
[31m[Nest] 182159  - [39m05/19/2026, 7:11:00 PM [31m  ERROR[39m [38;5;3m[NestApplication] [39m[31mError: listen EADDRINUSE: address already in use :::3000[39m[38;5;3m +4ms[39m
node:net:1908
    const ex = new UVExceptionWithHostPort(err, 'listen', address, port);
               ^

Error: listen EADDRINUSE: address already in use :::3000
    at Server.setupListenHandle [as _listen2] (node:net:1908:16)
    at listenInCluster (node:net:1965:12)
    at Server.listen (node:net:2067:7)
    at ExpressAdapter.listen (/home/kyrie/workspace/elevate-life/backend/node_modules/@nestjs/platform-express/adapters/express-adapter.js:115:32)
    at /home/kyrie/workspace/elevate-life/backend/node_modules/@nestjs/core/nest-application.js:188:30
    at new Promise (<anonymous>)
    at NestApplication.listen (/home/kyrie/workspace/elevate-life/backend/node_modules/@nestjs/core/nest-application.js:178:16)
    at async bootstrap (/home/kyrie/workspace/elevate-life/backend/src/main.ts:20:3) {
  code: 'EADDRINUSE',
  errno: -98,
  syscall: 'listen',
  address: '::',
  port: 3000
}

Node.js v20.20.0
[2J[3J[H[[90m7:11:25 PM[0m] File change detected. Starting incremental compilation...

[[90m7:11:25 PM[0m] Found 0 errors. Watching for file changes.

[32m[Nest] 182207  - [39m05/19/2026, 7:11:27 PM [32m    LOG[39m [38;5;3m[NestFactory] [39m[32mStarting Nest application...[39m
[32m[Nest] 182207  - [39m05/19/2026, 7:11:28 PM [32m    LOG[39m [38;5;3m[InstanceLoader] [39m[32mAppModule dependencies initialized[39m[38;5;3m +73ms[39m
[32m[Nest] 182207  - [39m05/19/2026, 7:11:28 PM [32m    LOG[39m [38;5;3m[InstanceLoader] [39m[32mTypeOrmModule dependencies initialized[39m[38;5;3m +1ms[39m
[32m[Nest] 182207  - [39m05/19/2026, 7:11:28 PM [32m    LOG[39m [38;5;3m[InstanceLoader] [39m[32mPassportModule dependencies initialized[39m[38;5;3m +0ms[39m
[32m[Nest] 182207  - [39m05/19/2026, 7:11:28 PM [32m    LOG[39m [38;5;3m[InstanceLoader] [39m[32mConfigHostModule dependencies initialized[39m[38;5;3m +1ms[39m
[32m[Nest] 182207  - [39m05/19/2026, 7:11:28 PM [32m    LOG[39m [38;5;3m[InstanceLoader] [39m[32mJwtModule dependencies initialized[39m[38;5;3m +1ms[39m
[32m[Nest] 182207  - [39m05/19/2026, 7:11:28 PM [32m    LOG[39m [38;5;3m[InstanceLoader] [39m[32mDiscoveryModule dependencies initialized[39m[38;5;3m +0ms[39m
[32m[Nest] 182207  - [39m05/19/2026, 7:11:28 PM [32m    LOG[39m [38;5;3m[InstanceLoader] [39m[32mConfigModule dependencies initialized[39m[38;5;3m +137ms[39m
[32m[Nest] 182207  - [39m05/19/2026, 7:11:28 PM [32m    LOG[39m [38;5;3m[InstanceLoader] [39m[32mConfigModule dependencies initialized[39m[38;5;3m +0ms[39m
[32m[Nest] 182207  - [39m05/19/2026, 7:11:28 PM [32m    LOG[39m [38;5;3m[InstanceLoader] [39m[32mScheduleModule dependencies initialized[39m[38;5;3m +2ms[39m
[32m[Nest] 182207  - [39m05/19/2026, 7:11:28 PM [32m    LOG[39m [38;5;3m[InstanceLoader] [39m[32mEncryptionModule dependencies initialized[39m[38;5;3m +29ms[39m
[32m[Nest] 182207  - [39m05/19/2026, 7:11:28 PM [32m    LOG[39m [38;5;3m[InstanceLoader] [39m[32mStockModule dependencies initialized[39m[38;5;3m +0ms[39m
[32m[Nest] 182207  - [39m05/19/2026, 7:11:28 PM [32m    LOG[39m [38;5;3m[InstanceLoader] [39m[32mThrottlerModule dependencies initialized[39m[38;5;3m +1ms[39m
[32m[Nest] 182207  - [39m05/19/2026, 7:11:28 PM [32m    LOG[39m [38;5;3m[InstanceLoader] [39m[32mTypeOrmCoreModule dependencies initialized[39m[38;5;3m +198ms[39m
[32m[Nest] 182207  - [39m05/19/2026, 7:11:28 PM [32m    LOG[39m [38;5;3m[InstanceLoader] [39m[32mTypeOrmModule dependencies initialized[39m[38;5;3m +0ms[39m
[32m[Nest] 182207  - [39m05/19/2026, 7:11:28 PM [32m    LOG[39m [38;5;3m[InstanceLoader] [39m[32mTypeOrmModule dependencies initialized[39m[38;5;3m +0ms[39m
[32m[Nest] 182207  - [39m05/19/2026, 7:11:28 PM [32m    LOG[39m [38;5;3m[InstanceLoader] [39m[32mTypeOrmModule dependencies initialized[39m[38;5;3m +1ms[39m
[32m[Nest] 182207  - [39m05/19/2026, 7:11:28 PM [32m    LOG[39m [38;5;3m[InstanceLoader] [39m[32mTypeOrmModule dependencies initialized[39m[38;5;3m +0ms[39m
[32m[Nest] 182207  - [39m05/19/2026, 7:11:28 PM [32m    LOG[39m [38;5;3m[InstanceLoader] [39m[32mTypeOrmModule dependencies initialized[39m[38;5;3m +0ms[39m
[32m[Nest] 182207  - [39m05/19/2026, 7:11:28 PM [32m    LOG[39m [38;5;3m[InstanceLoader] [39m[32mTypeOrmModule dependencies initialized[39m[38;5;3m +0ms[39m
[32m[Nest] 182207  - [39m05/19/2026, 7:11:28 PM [32m    LOG[39m [38;5;3m[InstanceLoader] [39m[32mTypeOrmModule dependencies initialized[39m[38;5;3m +0ms[39m
[32m[Nest] 182207  - [39m05/19/2026, 7:11:28 PM [32m    LOG[39m [38;5;3m[InstanceLoader] [39m[32mForecastModule dependencies initialized[39m[38;5;3m +1ms[39m
[32m[Nest] 182207  - [39m05/19/2026, 7:11:28 PM [32m    LOG[39m [38;5;3m[InstanceLoader] [39m[32mUsersModule dependencies initialized[39m[38;5;3m +1ms[39m
[32m[Nest] 182207  - [39m05/19/2026, 7:11:28 PM [32m    LOG[39m [38;5;3m[InstanceLoader] [39m[32mGoldModule dependencies initialized[39m[38;5;3m +1ms[39m
[32m[Nest] 182207  - [39m05/19/2026, 7:11:28 PM [32m    LOG[39m [38;5;3m[InstanceLoader] [39m[32mAuthModule dependencies initialized[39m[38;5;3m +1ms[39m
[32m[Nest] 182207  - [39m05/19/2026, 7:11:28 PM [32m    LOG[39m [38;5;3m[InstanceLoader] [39m[32mCategoriesModule dependencies initialized[39m[38;5;3m +1ms[39m
[32m[Nest] 182207  - [39m05/19/2026, 7:11:28 PM [32m    LOG[39m [38;5;3m[InstanceLoader] [39m[32mLiabilitiesModule dependencies initialized[39m[38;5;3m +0ms[39m
[32m[Nest] 182207  - [39m05/19/2026, 7:11:28 PM [32m    LOG[39m [38;5;3m[InstanceLoader] [39m[32mAssetsModule dependencies initialized[39m[38;5;3m +0ms[39m
[32m[Nest] 182207  - [39m05/19/2026, 7:11:28 PM [32m    LOG[39m [38;5;3m[InstanceLoader] [39m[32mTransactionsModule dependencies initialized[39m[38;5;3m +0ms[39m
[32m[Nest] 182207  - [39m05/19/2026, 7:11:28 PM [32m    LOG[39m [38;5;3m[RoutesResolver] [39m[32mAuthController {/api/auth}:[39m[38;5;3m +62ms[39m
[32m[Nest] 182207  - [39m05/19/2026, 7:11:28 PM [32m    LOG[39m [38;5;3m[RouterExplorer] [39m[32mMapped {/api/auth/register, POST} route[39m[38;5;3m +8ms[39m
[32m[Nest] 182207  - [39m05/19/2026, 7:11:28 PM [32m    LOG[39m [38;5;3m[RouterExplorer] [39m[32mMapped {/api/auth/login, POST} route[39m[38;5;3m +4ms[39m
[32m[Nest] 182207  - [39m05/19/2026, 7:11:28 PM [32m    LOG[39m [38;5;3m[RouterExplorer] [39m[32mMapped {/api/auth/refresh, POST} route[39m[38;5;3m +1ms[39m
[32m[Nest] 182207  - [39m05/19/2026, 7:11:28 PM [32m    LOG[39m [38;5;3m[RoutesResolver] [39m[32mGoldController {/api/gold}:[39m[38;5;3m +0ms[39m
[32m[Nest] 182207  - [39m05/19/2026, 7:11:28 PM [32m    LOG[39m [38;5;3m[RouterExplorer] [39m[32mMapped {/api/gold/price, GET} route[39m[38;5;3m +2ms[39m
[32m[Nest] 182207  - [39m05/19/2026, 7:11:28 PM [32m    LOG[39m [38;5;3m[RouterExplorer] [39m[32mMapped {/api/gold/history, GET} route[39m[38;5;3m +0ms[39m
[32m[Nest] 182207  - [39m05/19/2026, 7:11:28 PM [32m    LOG[39m [38;5;3m[RouterExplorer] [39m[32mMapped {/api/gold/refresh, GET} route[39m[38;5;3m +0ms[39m
[32m[Nest] 182207  - [39m05/19/2026, 7:11:28 PM [32m    LOG[39m [38;5;3m[RoutesResolver] [39m[32mCategoriesController {/api/categories}:[39m[38;5;3m +1ms[39m
[32m[Nest] 182207  - [39m05/19/2026, 7:11:28 PM [32m    LOG[39m [38;5;3m[RouterExplorer] [39m[32mMapped {/api/categories, GET} route[39m[38;5;3m +1ms[39m
[32m[Nest] 182207  - [39m05/19/2026, 7:11:28 PM [32m    LOG[39m [38;5;3m[RouterExplorer] [39m[32mMapped {/api/categories, POST} route[39m[38;5;3m +1ms[39m
[32m[Nest] 182207  - [39m05/19/2026, 7:11:28 PM [32m    LOG[39m [38;5;3m[RouterExplorer] [39m[32mMapped {/api/categories/:id, PATCH} route[39m[38;5;3m +2ms[39m
[32m[Nest] 182207  - [39m05/19/2026, 7:11:28 PM [32m    LOG[39m [38;5;3m[RouterExplorer] [39m[32mMapped {/api/categories/:id, DELETE} route[39m[38;5;3m +1ms[39m
[32m[Nest] 182207  - [39m05/19/2026, 7:11:28 PM [32m    LOG[39m [38;5;3m[RoutesResolver] [39m[32mAssetsController {/api/assets}:[39m[38;5;3m +0ms[39m
[32m[Nest] 182207  - [39m05/19/2026, 7:11:28 PM [32m    LOG[39m [38;5;3m[RouterExplorer] [39m[32mMapped {/api/assets, GET} route[39m[38;5;3m +2ms[39m
[32m[Nest] 182207  - [39m05/19/2026, 7:11:28 PM [32m    LOG[39m [38;5;3m[RouterExplorer] [39m[32mMapped {/api/assets/summary, GET} route[39m[38;5;3m +1ms[39m
[32m[Nest] 182207  - [39m05/19/2026, 7:11:28 PM [32m    LOG[39m [38;5;3m[RouterExplorer] [39m[32mMapped {/api/assets, POST} route[39m[38;5;3m +0ms[39m
[32m[Nest] 182207  - [39m05/19/2026, 7:11:28 PM [32m    LOG[39m [38;5;3m[RouterExplorer] [39m[32mMapped {/api/assets/:id, GET} route[39m[38;5;3m +1ms[39m
[32m[Nest] 182207  - [39m05/19/2026, 7:11:28 PM [32m    LOG[39m [38;5;3m[RouterExplorer] [39m[32mMapped {/api/assets/:id, PATCH} route[39m[38;5;3m +0ms[39m
[32m[Nest] 182207  - [39m05/19/2026, 7:11:28 PM [32m    LOG[39m [38;5;3m[RouterExplorer] [39m[32mMapped {/api/assets/:id, DELETE} route[39m[38;5;3m +1ms[39m
[32m[Nest] 182207  - [39m05/19/2026, 7:11:28 PM [32m    LOG[39m [38;5;3m[RoutesResolver] [39m[32mLiabilitiesController {/api/liabilities}:[39m[38;5;3m +0ms[39m
[32m[Nest] 182207  - [39m05/19/2026, 7:11:28 PM [32m    LOG[39m [38;5;3m[RouterExplorer] [39m[32mMapped {/api/liabilities, GET} route[39m[38;5;3m +1ms[39m
[32m[Nest] 182207  - [39m05/19/2026, 7:11:28 PM [32m    LOG[39m [38;5;3m[RouterExplorer] [39m[32mMapped {/api/liabilities, POST} route[39m[38;5;3m +0ms[39m
[32m[Nest] 182207  - [39m05/19/2026, 7:11:28 PM [32m    LOG[39m [38;5;3m[RouterExplorer] [39m[32mMapped {/api/liabilities/:id, GET} route[39m[38;5;3m +1ms[39m
[32m[Nest] 182207  - [39m05/19/2026, 7:11:28 PM [32m    LOG[39m [38;5;3m[RouterExplorer] [39m[32mMapped {/api/liabilities/:id/schedule, GET} route[39m[38;5;3m +0ms[39m
[32m[Nest] 182207  - [39m05/19/2026, 7:11:28 PM [32m    LOG[39m [38;5;3m[RouterExplorer] [39m[32mMapped {/api/liabilities/:id, PATCH} route[39m[38;5;3m +1ms[39m
[32m[Nest] 182207  - [39m05/19/2026, 7:11:28 PM [32m    LOG[39m [38;5;3m[RouterExplorer] [39m[32mMapped {/api/liabilities/:id, DELETE} route[39m[38;5;3m +0ms[39m
[32m[Nest] 182207  - [39m05/19/2026, 7:11:28 PM [32m    LOG[39m [38;5;3m[RoutesResolver] [39m[32mTransactionsController {/api/transactions}:[39m[38;5;3m +1ms[39m
[32m[Nest] 182207  - [39m05/19/2026, 7:11:28 PM [32m    LOG[39m [38;5;3m[RouterExplorer] [39m[32mMapped {/api/transactions, GET} route[39m[38;5;3m +0ms[39m
[32m[Nest] 182207  - [39m05/19/2026, 7:11:28 PM [32m    LOG[39m [38;5;3m[RouterExplorer] [39m[32mMapped {/api/transactions/summary, GET} route[39m[38;5;3m +1ms[39m
[32m[Nest] 182207  - [39m05/19/2026, 7:11:28 PM [32m    LOG[39m [38;5;3m[RouterExplorer] [39m[32mMapped {/api/transactions, POST} route[39m[38;5;3m +0ms[39m
[32m[Nest] 182207  - [39m05/19/2026, 7:11:28 PM [32m    LOG[39m [38;5;3m[RouterExplorer] [39m[32mMapped {/api/transactions/:id, GET} route[39m[38;5;3m +0ms[39m
[32m[Nest] 182207  - [39m05/19/2026, 7:11:28 PM [32m    LOG[39m [38;5;3m[RouterExplorer] [39m[32mMapped {/api/transactions/:id, PATCH} route[39m[38;5;3m +1ms[39m
[32m[Nest] 182207  - [39m05/19/2026, 7:11:28 PM [32m    LOG[39m [38;5;3m[RouterExplorer] [39m[32mMapped {/api/transactions/:id, DELETE} route[39m[38;5;3m +0ms[39m
[32m[Nest] 182207  - [39m05/19/2026, 7:11:28 PM [32m    LOG[39m [38;5;3m[RoutesResolver] [39m[32mForecastController {/api/forecast}:[39m[38;5;3m +1ms[39m
[32m[Nest] 182207  - [39m05/19/2026, 7:11:28 PM [32m    LOG[39m [38;5;3m[RouterExplorer] [39m[32mMapped {/api/forecast/wacr, GET} route[39m[38;5;3m +0ms[39m
[32m[Nest] 182207  - [39m05/19/2026, 7:11:28 PM [32m    LOG[39m [38;5;3m[RouterExplorer] [39m[32mMapped {/api/forecast/cashflow, POST} route[39m[38;5;3m +1ms[39m
[32m[Nest] 182207  - [39m05/19/2026, 7:11:28 PM [32m    LOG[39m [38;5;3m[NestApplication] [39m[32mNest application successfully started[39m[38;5;3m +67ms[39m
[31m[Nest] 182207  - [39m05/19/2026, 7:11:28 PM [31m  ERROR[39m [38;5;3m[NestApplication] [39m[31mError: listen EADDRINUSE: address already in use :::3000[39m[38;5;3m +4ms[39m
node:net:1908
    const ex = new UVExceptionWithHostPort(err, 'listen', address, port);
               ^

Error: listen EADDRINUSE: address already in use :::3000
    at Server.setupListenHandle [as _listen2] (node:net:1908:16)
    at listenInCluster (node:net:1965:12)
    at Server.listen (node:net:2067:7)
    at ExpressAdapter.listen (/home/kyrie/workspace/elevate-life/backend/node_modules/@nestjs/platform-express/adapters/express-adapter.js:115:32)
    at /home/kyrie/workspace/elevate-life/backend/node_modules/@nestjs/core/nest-application.js:188:30
    at new Promise (<anonymous>)
    at NestApplication.listen (/home/kyrie/workspace/elevate-life/backend/node_modules/@nestjs/core/nest-application.js:178:16)
    at async bootstrap (/home/kyrie/workspace/elevate-life/backend/src/main.ts:20:3) {
  code: 'EADDRINUSE',
  errno: -98,
  syscall: 'listen',
  address: '::',
  port: 3000
}

Node.js v20.20.0
[33m[Nest] 4169466  - [39m05/19/2026, 7:13:12 PM [33m   WARN[39m [38;5;3m[StockService] [39m[33mFailed to fetch stock price for 02015: All stock price sources failed[39m
[33m[Nest] 4169466  - [39m05/19/2026, 7:13:15 PM [33m   WARN[39m [38;5;3m[StockService] [39m[33mFailed to fetch stock price for 02015: All stock price sources failed[39m
[33m[Nest] 4169466  - [39m05/19/2026, 7:13:17 PM [33m   WARN[39m [38;5;3m[StockService] [39m[33mFailed to fetch stock price for 02015: All stock price sources failed[39m
[33m[Nest] 4169466  - [39m05/19/2026, 7:13:19 PM [33m   WARN[39m [38;5;3m[StockService] [39m[33mFailed to fetch stock price for 02015: All stock price sources failed[39m
[33m[Nest] 4169466  - [39m05/19/2026, 7:13:22 PM [33m   WARN[39m [38;5;3m[StockService] [39m[33mFailed to fetch stock price for 02015: All stock price sources failed[39m
[33m[Nest] 4169466  - [39m05/19/2026, 7:13:24 PM [33m   WARN[39m [38;5;3m[StockService] [39m[33mFailed to fetch stock price for 02015: All stock price sources failed[39m
[33m[Nest] 4169466  - [39m05/19/2026, 7:13:32 PM [33m   WARN[39m [38;5;3m[StockService] [39m[33mFailed to fetch stock price for 02015: All stock price sources failed[39m

> backend@0.0.1 start:dev
> nest start --watch

[2J[3J[H[[90m7:13:56 PM[0m] Starting compilation in watch mode...

[[90m7:14:08 PM[0m] Found 0 errors. Watching for file changes.

[32m[Nest] 182560  - [39m05/19/2026, 7:14:10 PM [32m    LOG[39m [38;5;3m[NestFactory] [39m[32mStarting Nest application...[39m
[32m[Nest] 182560  - [39m05/19/2026, 7:14:10 PM [32m    LOG[39m [38;5;3m[InstanceLoader] [39m[32mAppModule dependencies initialized[39m[38;5;3m +69ms[39m
[32m[Nest] 182560  - [39m05/19/2026, 7:14:10 PM [32m    LOG[39m [38;5;3m[InstanceLoader] [39m[32mTypeOrmModule dependencies initialized[39m[38;5;3m +0ms[39m
[32m[Nest] 182560  - [39m05/19/2026, 7:14:10 PM [32m    LOG[39m [38;5;3m[InstanceLoader] [39m[32mPassportModule dependencies initialized[39m[38;5;3m +0ms[39m
[32m[Nest] 182560  - [39m05/19/2026, 7:14:10 PM [32m    LOG[39m [38;5;3m[InstanceLoader] [39m[32mConfigHostModule dependencies initialized[39m[38;5;3m +2ms[39m
[32m[Nest] 182560  - [39m05/19/2026, 7:14:10 PM [32m    LOG[39m [38;5;3m[InstanceLoader] [39m[32mJwtModule dependencies initialized[39m[38;5;3m +0ms[39m
[32m[Nest] 182560  - [39m05/19/2026, 7:14:10 PM [32m    LOG[39m [38;5;3m[InstanceLoader] [39m[32mDiscoveryModule dependencies initialized[39m[38;5;3m +0ms[39m
[32m[Nest] 182560  - [39m05/19/2026, 7:14:10 PM [32m    LOG[39m [38;5;3m[InstanceLoader] [39m[32mConfigModule dependencies initialized[39m[38;5;3m +105ms[39m
[32m[Nest] 182560  - [39m05/19/2026, 7:14:10 PM [32m    LOG[39m [38;5;3m[InstanceLoader] [39m[32mConfigModule dependencies initialized[39m[38;5;3m +0ms[39m
[32m[Nest] 182560  - [39m05/19/2026, 7:14:10 PM [32m    LOG[39m [38;5;3m[InstanceLoader] [39m[32mScheduleModule dependencies initialized[39m[38;5;3m +1ms[39m
[32m[Nest] 182560  - [39m05/19/2026, 7:14:10 PM [32m    LOG[39m [38;5;3m[InstanceLoader] [39m[32mEncryptionModule dependencies initialized[39m[38;5;3m +13ms[39m
[32m[Nest] 182560  - [39m05/19/2026, 7:14:10 PM [32m    LOG[39m [38;5;3m[InstanceLoader] [39m[32mStockModule dependencies initialized[39m[38;5;3m +0ms[39m
[32m[Nest] 182560  - [39m05/19/2026, 7:14:10 PM [32m    LOG[39m [38;5;3m[InstanceLoader] [39m[32mThrottlerModule dependencies initialized[39m[38;5;3m +1ms[39m
[32m[Nest] 182560  - [39m05/19/2026, 7:14:10 PM [32m    LOG[39m [38;5;3m[InstanceLoader] [39m[32mTypeOrmCoreModule dependencies initialized[39m[38;5;3m +174ms[39m
[32m[Nest] 182560  - [39m05/19/2026, 7:14:10 PM [32m    LOG[39m [38;5;3m[InstanceLoader] [39m[32mTypeOrmModule dependencies initialized[39m[38;5;3m +0ms[39m
[32m[Nest] 182560  - [39m05/19/2026, 7:14:10 PM [32m    LOG[39m [38;5;3m[InstanceLoader] [39m[32mTypeOrmModule dependencies initialized[39m[38;5;3m +0ms[39m
[32m[Nest] 182560  - [39m05/19/2026, 7:14:10 PM [32m    LOG[39m [38;5;3m[InstanceLoader] [39m[32mTypeOrmModule dependencies initialized[39m[38;5;3m +0ms[39m
[32m[Nest] 182560  - [39m05/19/2026, 7:14:10 PM [32m    LOG[39m [38;5;3m[InstanceLoader] [39m[32mTypeOrmModule dependencies initialized[39m[38;5;3m +1ms[39m
[32m[Nest] 182560  - [39m05/19/2026, 7:14:10 PM [32m    LOG[39m [38;5;3m[InstanceLoader] [39m[32mTypeOrmModule dependencies initialized[39m[38;5;3m +0ms[39m
[32m[Nest] 182560  - [39m05/19/2026, 7:14:10 PM [32m    LOG[39m [38;5;3m[InstanceLoader] [39m[32mTypeOrmModule dependencies initialized[39m[38;5;3m +0ms[39m
[32m[Nest] 182560  - [39m05/19/2026, 7:14:10 PM [32m    LOG[39m [38;5;3m[InstanceLoader] [39m[32mTypeOrmModule dependencies initialized[39m[38;5;3m +0ms[39m
[32m[Nest] 182560  - [39m05/19/2026, 7:14:10 PM [32m    LOG[39m [38;5;3m[InstanceLoader] [39m[32mForecastModule dependencies initialized[39m[38;5;3m +1ms[39m
[32m[Nest] 182560  - [39m05/19/2026, 7:14:10 PM [32m    LOG[39m [38;5;3m[InstanceLoader] [39m[32mUsersModule dependencies initialized[39m[38;5;3m +0ms[39m
[32m[Nest] 182560  - [39m05/19/2026, 7:14:10 PM [32m    LOG[39m [38;5;3m[InstanceLoader] [39m[32mGoldModule dependencies initialized[39m[38;5;3m +2ms[39m
[32m[Nest] 182560  - [39m05/19/2026, 7:14:10 PM [32m    LOG[39m [38;5;3m[InstanceLoader] [39m[32mAuthModule dependencies initialized[39m[38;5;3m +0ms[39m
[32m[Nest] 182560  - [39m05/19/2026, 7:14:10 PM [32m    LOG[39m [38;5;3m[InstanceLoader] [39m[32mCategoriesModule dependencies initialized[39m[38;5;3m +1ms[39m
[32m[Nest] 182560  - [39m05/19/2026, 7:14:10 PM [32m    LOG[39m [38;5;3m[InstanceLoader] [39m[32mLiabilitiesModule dependencies initialized[39m[38;5;3m +0ms[39m
[32m[Nest] 182560  - [39m05/19/2026, 7:14:10 PM [32m    LOG[39m [38;5;3m[InstanceLoader] [39m[32mAssetsModule dependencies initialized[39m[38;5;3m +1ms[39m
[32m[Nest] 182560  - [39m05/19/2026, 7:14:10 PM [32m    LOG[39m [38;5;3m[InstanceLoader] [39m[32mTransactionsModule dependencies initialized[39m[38;5;3m +0ms[39m
[32m[Nest] 182560  - [39m05/19/2026, 7:14:10 PM [32m    LOG[39m [38;5;3m[RoutesResolver] [39m[32mAuthController {/api/auth}:[39m[38;5;3m +33ms[39m
[32m[Nest] 182560  - [39m05/19/2026, 7:14:10 PM [32m    LOG[39m [38;5;3m[RouterExplorer] [39m[32mMapped {/api/auth/register, POST} route[39m[38;5;3m +7ms[39m
[32m[Nest] 182560  - [39m05/19/2026, 7:14:10 PM [32m    LOG[39m [38;5;3m[RouterExplorer] [39m[32mMapped {/api/auth/login, POST} route[39m[38;5;3m +1ms[39m
[32m[Nest] 182560  - [39m05/19/2026, 7:14:10 PM [32m    LOG[39m [38;5;3m[RouterExplorer] [39m[32mMapped {/api/auth/refresh, POST} route[39m[38;5;3m +1ms[39m
[32m[Nest] 182560  - [39m05/19/2026, 7:14:10 PM [32m    LOG[39m [38;5;3m[RoutesResolver] [39m[32mGoldController {/api/gold}:[39m[38;5;3m +1ms[39m
[32m[Nest] 182560  - [39m05/19/2026, 7:14:10 PM [32m    LOG[39m [38;5;3m[RouterExplorer] [39m[32mMapped {/api/gold/price, GET} route[39m[38;5;3m +1ms[39m
[32m[Nest] 182560  - [39m05/19/2026, 7:14:10 PM [32m    LOG[39m [38;5;3m[RouterExplorer] [39m[32mMapped {/api/gold/history, GET} route[39m[38;5;3m +1ms[39m
[32m[Nest] 182560  - [39m05/19/2026, 7:14:10 PM [32m    LOG[39m [38;5;3m[RouterExplorer] [39m[32mMapped {/api/gold/refresh, GET} route[39m[38;5;3m +1ms[39m
[32m[Nest] 182560  - [39m05/19/2026, 7:14:10 PM [32m    LOG[39m [38;5;3m[RoutesResolver] [39m[32mCategoriesController {/api/categories}:[39m[38;5;3m +0ms[39m
[32m[Nest] 182560  - [39m05/19/2026, 7:14:10 PM [32m    LOG[39m [38;5;3m[RouterExplorer] [39m[32mMapped {/api/categories, GET} route[39m[38;5;3m +1ms[39m
[32m[Nest] 182560  - [39m05/19/2026, 7:14:10 PM [32m    LOG[39m [38;5;3m[RouterExplorer] [39m[32mMapped {/api/categories, POST} route[39m[38;5;3m +1ms[39m
[32m[Nest] 182560  - [39m05/19/2026, 7:14:10 PM [32m    LOG[39m [38;5;3m[RouterExplorer] [39m[32mMapped {/api/categories/:id, PATCH} route[39m[38;5;3m +3ms[39m
[32m[Nest] 182560  - [39m05/19/2026, 7:14:10 PM [32m    LOG[39m [38;5;3m[RouterExplorer] [39m[32mMapped {/api/categories/:id, DELETE} route[39m[38;5;3m +1ms[39m
[32m[Nest] 182560  - [39m05/19/2026, 7:14:10 PM [32m    LOG[39m [38;5;3m[RoutesResolver] [39m[32mAssetsController {/api/assets}:[39m[38;5;3m +0ms[39m
[32m[Nest] 182560  - [39m05/19/2026, 7:14:10 PM [32m    LOG[39m [38;5;3m[RouterExplorer] [39m[32mMapped {/api/assets, GET} route[39m[38;5;3m +1ms[39m
[32m[Nest] 182560  - [39m05/19/2026, 7:14:10 PM [32m    LOG[39m [38;5;3m[RouterExplorer] [39m[32mMapped {/api/assets/summary, GET} route[39m[38;5;3m +1ms[39m
[32m[Nest] 182560  - [39m05/19/2026, 7:14:10 PM [32m    LOG[39m [38;5;3m[RouterExplorer] [39m[32mMapped {/api/assets, POST} route[39m[38;5;3m +0ms[39m
[32m[Nest] 182560  - [39m05/19/2026, 7:14:10 PM [32m    LOG[39m [38;5;3m[RouterExplorer] [39m[32mMapped {/api/assets/:id, GET} route[39m[38;5;3m +1ms[39m
[32m[Nest] 182560  - [39m05/19/2026, 7:14:10 PM [32m    LOG[39m [38;5;3m[RouterExplorer] [39m[32mMapped {/api/assets/:id, PATCH} route[39m[38;5;3m +1ms[39m
[32m[Nest] 182560  - [39m05/19/2026, 7:14:10 PM [32m    LOG[39m [38;5;3m[RouterExplorer] [39m[32mMapped {/api/assets/:id, DELETE} route[39m[38;5;3m +0ms[39m
[32m[Nest] 182560  - [39m05/19/2026, 7:14:10 PM [32m    LOG[39m [38;5;3m[RoutesResolver] [39m[32mLiabilitiesController {/api/liabilities}:[39m[38;5;3m +0ms[39m
[32m[Nest] 182560  - [39m05/19/2026, 7:14:10 PM [32m    LOG[39m [38;5;3m[RouterExplorer] [39m[32mMapped {/api/liabilities, GET} route[39m[38;5;3m +1ms[39m
[32m[Nest] 182560  - [39m05/19/2026, 7:14:10 PM [32m    LOG[39m [38;5;3m[RouterExplorer] [39m[32mMapped {/api/liabilities, POST} route[39m[38;5;3m +0ms[39m
[32m[Nest] 182560  - [39m05/19/2026, 7:14:10 PM [32m    LOG[39m [38;5;3m[RouterExplorer] [39m[32mMapped {/api/liabilities/:id, GET} route[39m[38;5;3m +1ms[39m
[32m[Nest] 182560  - [39m05/19/2026, 7:14:10 PM [32m    LOG[39m [38;5;3m[RouterExplorer] [39m[32mMapped {/api/liabilities/:id/schedule, GET} route[39m[38;5;3m +0ms[39m
[32m[Nest] 182560  - [39m05/19/2026, 7:14:10 PM [32m    LOG[39m [38;5;3m[RouterExplorer] [39m[32mMapped {/api/liabilities/:id, PATCH} route[39m[38;5;3m +1ms[39m
[32m[Nest] 182560  - [39m05/19/2026, 7:14:10 PM [32m    LOG[39m [38;5;3m[RouterExplorer] [39m[32mMapped {/api/liabilities/:id, DELETE} route[39m[38;5;3m +1ms[39m
[32m[Nest] 182560  - [39m05/19/2026, 7:14:10 PM [32m    LOG[39m [38;5;3m[RoutesResolver] [39m[32mTransactionsController {/api/transactions}:[39m[38;5;3m +0ms[39m
[32m[Nest] 182560  - [39m05/19/2026, 7:14:10 PM [32m    LOG[39m [38;5;3m[RouterExplorer] [39m[32mMapped {/api/transactions, GET} route[39m[38;5;3m +0ms[39m
[32m[Nest] 182560  - [39m05/19/2026, 7:14:10 PM [32m    LOG[39m [38;5;3m[RouterExplorer] [39m[32mMapped {/api/transactions/summary, GET} route[39m[38;5;3m +1ms[39m
[32m[Nest] 182560  - [39m05/19/2026, 7:14:10 PM [32m    LOG[39m [38;5;3m[RouterExplorer] [39m[32mMapped {/api/transactions, POST} route[39m[38;5;3m +1ms[39m
[32m[Nest] 182560  - [39m05/19/2026, 7:14:10 PM [32m    LOG[39m [38;5;3m[RouterExplorer] [39m[32mMapped {/api/transactions/:id, GET} route[39m[38;5;3m +0ms[39m
[32m[Nest] 182560  - [39m05/19/2026, 7:14:10 PM [32m    LOG[39m [38;5;3m[RouterExplorer] [39m[32mMapped {/api/transactions/:id, PATCH} route[39m[38;5;3m +1ms[39m
[32m[Nest] 182560  - [39m05/19/2026, 7:14:10 PM [32m    LOG[39m [38;5;3m[RouterExplorer] [39m[32mMapped {/api/transactions/:id, DELETE} route[39m[38;5;3m +0ms[39m
[32m[Nest] 182560  - [39m05/19/2026, 7:14:10 PM [32m    LOG[39m [38;5;3m[RoutesResolver] [39m[32mForecastController {/api/forecast}:[39m[38;5;3m +0ms[39m
[32m[Nest] 182560  - [39m05/19/2026, 7:14:10 PM [32m    LOG[39m [38;5;3m[RouterExplorer] [39m[32mMapped {/api/forecast/wacr, GET} route[39m[38;5;3m +0ms[39m
[32m[Nest] 182560  - [39m05/19/2026, 7:14:10 PM [32m    LOG[39m [38;5;3m[RouterExplorer] [39m[32mMapped {/api/forecast/cashflow, POST} route[39m[38;5;3m +0ms[39m
[32m[Nest] 182560  - [39m05/19/2026, 7:14:10 PM [32m    LOG[39m [38;5;3m[NestApplication] [39m[32mNest application successfully started[39m[38;5;3m +47ms[39m
[31m[Nest] 182560  - [39m05/19/2026, 7:14:10 PM [31m  ERROR[39m [38;5;3m[NestApplication] [39m[31mError: listen EADDRINUSE: address already in use :::3000[39m[38;5;3m +5ms[39m
node:net:1908
    const ex = new UVExceptionWithHostPort(err, 'listen', address, port);
               ^

Error: listen EADDRINUSE: address already in use :::3000
    at Server.setupListenHandle [as _listen2] (node:net:1908:16)
    at listenInCluster (node:net:1965:12)
    at Server.listen (node:net:2067:7)
    at ExpressAdapter.listen (/home/kyrie/workspace/elevate-life/backend/node_modules/@nestjs/platform-express/adapters/express-adapter.js:115:32)
    at /home/kyrie/workspace/elevate-life/backend/node_modules/@nestjs/core/nest-application.js:188:30
    at new Promise (<anonymous>)
    at NestApplication.listen (/home/kyrie/workspace/elevate-life/backend/node_modules/@nestjs/core/nest-application.js:178:16)
    at async bootstrap (/home/kyrie/workspace/elevate-life/backend/src/main.ts:20:3) {
  code: 'EADDRINUSE',
  errno: -98,
  syscall: 'listen',
  address: '::',
  port: 3000
}

Node.js v20.20.0
[33m[Nest] 4169466  - [39m05/19/2026, 7:14:23 PM [33m   WARN[39m [38;5;3m[StockService] [39m[33mFailed to fetch stock price for 02015: All stock price sources failed[39m
[33m[Nest] 4169466  - [39m05/19/2026, 7:14:23 PM [33m   WARN[39m [38;5;3m[StockService] [39m[33mFailed to fetch stock price for 02015: All stock price sources failed[39m
[33m[Nest] 4169466  - [39m05/19/2026, 7:14:25 PM [33m   WARN[39m [38;5;3m[StockService] [39m[33mFailed to fetch stock price for 02015: All stock price sources failed[39m
[33m[Nest] 4169466  - [39m05/19/2026, 7:14:25 PM [33m   WARN[39m [38;5;3m[StockService] [39m[33mFailed to fetch stock price for 02015: All stock price sources failed[39m
[33m[Nest] 4169466  - [39m05/19/2026, 7:14:27 PM [33m   WARN[39m [38;5;3m[StockService] [39m[33mFailed to fetch stock price for 02015: All stock price sources failed[39m
[33m[Nest] 4169466  - [39m05/19/2026, 7:14:27 PM [33m   WARN[39m [38;5;3m[StockService] [39m[33mFailed to fetch stock price for 02015: All stock price sources failed[39m
[33m[Nest] 4169466  - [39m05/19/2026, 7:14:29 PM [33m   WARN[39m [38;5;3m[StockService] [39m[33mFailed to fetch stock price for 02015: All stock price sources failed[39m
[33m[Nest] 4169466  - [39m05/19/2026, 7:14:29 PM [33m   WARN[39m [38;5;3m[StockService] [39m[33mFailed to fetch stock price for 02015: All stock price sources failed[39m
[33m[Nest] 4169466  - [39m05/19/2026, 7:14:44 PM [33m   WARN[39m [38;5;3m[StockService] [39m[33mFailed to fetch stock price for 02015: All stock price sources failed[39m
[33m[Nest] 4169466  - [39m05/19/2026, 7:14:45 PM [33m   WARN[39m [38;5;3m[StockService] [39m[33mFailed to fetch stock price for 02015: All stock price sources failed[39m
[33m[Nest] 4169466  - [39m05/19/2026, 7:14:49 PM [33m   WARN[39m [38;5;3m[StockService] [39m[33mFailed to fetch stock price for 02015: All stock price sources failed[39m
[33m[Nest] 4169466  - [39m05/19/2026, 7:14:51 PM [33m   WARN[39m [38;5;3m[StockService] [39m[33mFailed to fetch stock price for 02015: All stock price sources failed[39m
[33m[Nest] 4169466  - [39m05/19/2026, 7:15:03 PM [33m   WARN[39m [38;5;3m[StockService] [39m[33mFailed to fetch stock price for hk02015: All stock price sources failed[39m
[33m[Nest] 4169466  - [39m05/19/2026, 7:15:18 PM [33m   WARN[39m [38;5;3m[StockService] [39m[33mFailed to fetch stock price for hk02015: All stock price sources failed[39m
[33m[Nest] 4169466  - [39m05/19/2026, 7:15:21 PM [33m   WARN[39m [38;5;3m[StockService] [39m[33mFailed to fetch stock price for hk02015: All stock price sources failed[39m
[2J[3J[H[[90m7:18:35 PM[0m] File change detected. Starting incremental compilation...

[[90m7:18:37 PM[0m] Found 0 errors. Watching for file changes.

[32m[Nest] 182911  - [39m05/19/2026, 7:18:39 PM [32m    LOG[39m [38;5;3m[NestFactory] [39m[32mStarting Nest application...[39m
[32m[Nest] 182911  - [39m05/19/2026, 7:18:39 PM [32m    LOG[39m [38;5;3m[InstanceLoader] [39m[32mAppModule dependencies initialized[39m[38;5;3m +61ms[39m
[32m[Nest] 182911  - [39m05/19/2026, 7:18:39 PM [32m    LOG[39m [38;5;3m[InstanceLoader] [39m[32mTypeOrmModule dependencies initialized[39m[38;5;3m +1ms[39m
[32m[Nest] 182911  - [39m05/19/2026, 7:18:39 PM [32m    LOG[39m [38;5;3m[InstanceLoader] [39m[32mPassportModule dependencies initialized[39m[38;5;3m +0ms[39m
[32m[Nest] 182911  - [39m05/19/2026, 7:18:39 PM [32m    LOG[39m [38;5;3m[InstanceLoader] [39m[32mConfigHostModule dependencies initialized[39m[38;5;3m +1ms[39m
[32m[Nest] 182911  - [39m05/19/2026, 7:18:39 PM [32m    LOG[39m [38;5;3m[InstanceLoader] [39m[32mJwtModule dependencies initialized[39m[38;5;3m +1ms[39m
[32m[Nest] 182911  - [39m05/19/2026, 7:18:39 PM [32m    LOG[39m [38;5;3m[InstanceLoader] [39m[32mDiscoveryModule dependencies initialized[39m[38;5;3m +0ms[39m
[32m[Nest] 182911  - [39m05/19/2026, 7:18:39 PM [32m    LOG[39m [38;5;3m[InstanceLoader] [39m[32mConfigModule dependencies initialized[39m[38;5;3m +109ms[39m
[32m[Nest] 182911  - [39m05/19/2026, 7:18:39 PM [32m    LOG[39m [38;5;3m[InstanceLoader] [39m[32mConfigModule dependencies initialized[39m[38;5;3m +1ms[39m
[32m[Nest] 182911  - [39m05/19/2026, 7:18:39 PM [32m    LOG[39m [38;5;3m[InstanceLoader] [39m[32mScheduleModule dependencies initialized[39m[38;5;3m +0ms[39m
[32m[Nest] 182911  - [39m05/19/2026, 7:18:39 PM [32m    LOG[39m [38;5;3m[InstanceLoader] [39m[32mEncryptionModule dependencies initialized[39m[38;5;3m +17ms[39m
[32m[Nest] 182911  - [39m05/19/2026, 7:18:39 PM [32m    LOG[39m [38;5;3m[InstanceLoader] [39m[32mStockModule dependencies initialized[39m[38;5;3m +0ms[39m
[32m[Nest] 182911  - [39m05/19/2026, 7:18:39 PM [32m    LOG[39m [38;5;3m[InstanceLoader] [39m[32mThrottlerModule dependencies initialized[39m[38;5;3m +1ms[39m
[32m[Nest] 182911  - [39m05/19/2026, 7:18:39 PM [32m    LOG[39m [38;5;3m[InstanceLoader] [39m[32mTypeOrmCoreModule dependencies initialized[39m[38;5;3m +218ms[39m
[32m[Nest] 182911  - [39m05/19/2026, 7:18:39 PM [32m    LOG[39m [38;5;3m[InstanceLoader] [39m[32mTypeOrmModule dependencies initialized[39m[38;5;3m +5ms[39m
[32m[Nest] 182911  - [39m05/19/2026, 7:18:39 PM [32m    LOG[39m [38;5;3m[InstanceLoader] [39m[32mTypeOrmModule dependencies initialized[39m[38;5;3m +0ms[39m
[32m[Nest] 182911  - [39m05/19/2026, 7:18:39 PM [32m    LOG[39m [38;5;3m[InstanceLoader] [39m[32mTypeOrmModule dependencies initialized[39m[38;5;3m +1ms[39m
[32m[Nest] 182911  - [39m05/19/2026, 7:18:39 PM [32m    LOG[39m [38;5;3m[InstanceLoader] [39m[32mTypeOrmModule dependencies initialized[39m[38;5;3m +0ms[39m
[32m[Nest] 182911  - [39m05/19/2026, 7:18:39 PM [32m    LOG[39m [38;5;3m[InstanceLoader] [39m[32mTypeOrmModule dependencies initialized[39m[38;5;3m +0ms[39m
[32m[Nest] 182911  - [39m05/19/2026, 7:18:39 PM [32m    LOG[39m [38;5;3m[InstanceLoader] [39m[32mTypeOrmModule dependencies initialized[39m[38;5;3m +0ms[39m
[32m[Nest] 182911  - [39m05/19/2026, 7:18:39 PM [32m    LOG[39m [38;5;3m[InstanceLoader] [39m[32mTypeOrmModule dependencies initialized[39m[38;5;3m +0ms[39m
[32m[Nest] 182911  - [39m05/19/2026, 7:18:39 PM [32m    LOG[39m [38;5;3m[InstanceLoader] [39m[32mForecastModule dependencies initialized[39m[38;5;3m +1ms[39m
[32m[Nest] 182911  - [39m05/19/2026, 7:18:39 PM [32m    LOG[39m [38;5;3m[InstanceLoader] [39m[32mUsersModule dependencies initialized[39m[38;5;3m +1ms[39m
[32m[Nest] 182911  - [39m05/19/2026, 7:18:39 PM [32m    LOG[39m [38;5;3m[InstanceLoader] [39m[32mGoldModule dependencies initialized[39m[38;5;3m +1ms[39m
[32m[Nest] 182911  - [39m05/19/2026, 7:18:39 PM [32m    LOG[39m [38;5;3m[InstanceLoader] [39m[32mAuthModule dependencies initialized[39m[38;5;3m +1ms[39m
[32m[Nest] 182911  - [39m05/19/2026, 7:18:39 PM [32m    LOG[39m [38;5;3m[InstanceLoader] [39m[32mCategoriesModule dependencies initialized[39m[38;5;3m +0ms[39m
[32m[Nest] 182911  - [39m05/19/2026, 7:18:39 PM [32m    LOG[39m [38;5;3m[InstanceLoader] [39m[32mLiabilitiesModule dependencies initialized[39m[38;5;3m +0ms[39m
[32m[Nest] 182911  - [39m05/19/2026, 7:18:39 PM [32m    LOG[39m [38;5;3m[InstanceLoader] [39m[32mAssetsModule dependencies initialized[39m[38;5;3m +0ms[39m
[32m[Nest] 182911  - [39m05/19/2026, 7:18:39 PM [32m    LOG[39m [38;5;3m[InstanceLoader] [39m[32mTransactionsModule dependencies initialized[39m[38;5;3m +8ms[39m
[32m[Nest] 182911  - [39m05/19/2026, 7:18:40 PM [32m    LOG[39m [38;5;3m[RoutesResolver] [39m[32mAuthController {/api/auth}:[39m[38;5;3m +53ms[39m
[32m[Nest] 182911  - [39m05/19/2026, 7:18:40 PM [32m    LOG[39m [38;5;3m[RouterExplorer] [39m[32mMapped {/api/auth/register, POST} route[39m[38;5;3m +7ms[39m
[32m[Nest] 182911  - [39m05/19/2026, 7:18:40 PM [32m    LOG[39m [38;5;3m[RouterExplorer] [39m[32mMapped {/api/auth/login, POST} route[39m[38;5;3m +12ms[39m
[32m[Nest] 182911  - [39m05/19/2026, 7:18:40 PM [32m    LOG[39m [38;5;3m[RouterExplorer] [39m[32mMapped {/api/auth/refresh, POST} route[39m[38;5;3m +1ms[39m
[32m[Nest] 182911  - [39m05/19/2026, 7:18:40 PM [32m    LOG[39m [38;5;3m[RoutesResolver] [39m[32mGoldController {/api/gold}:[39m[38;5;3m +0ms[39m
[32m[Nest] 182911  - [39m05/19/2026, 7:18:40 PM [32m    LOG[39m [38;5;3m[RouterExplorer] [39m[32mMapped {/api/gold/price, GET} route[39m[38;5;3m +1ms[39m
[32m[Nest] 182911  - [39m05/19/2026, 7:18:40 PM [32m    LOG[39m [38;5;3m[RouterExplorer] [39m[32mMapped {/api/gold/history, GET} route[39m[38;5;3m +1ms[39m
[32m[Nest] 182911  - [39m05/19/2026, 7:18:40 PM [32m    LOG[39m [38;5;3m[RouterExplorer] [39m[32mMapped {/api/gold/refresh, GET} route[39m[38;5;3m +0ms[39m
[32m[Nest] 182911  - [39m05/19/2026, 7:18:40 PM [32m    LOG[39m [38;5;3m[RoutesResolver] [39m[32mCategoriesController {/api/categories}:[39m[38;5;3m +1ms[39m
[32m[Nest] 182911  - [39m05/19/2026, 7:18:40 PM [32m    LOG[39m [38;5;3m[RouterExplorer] [39m[32mMapped {/api/categories, GET} route[39m[38;5;3m +1ms[39m
[32m[Nest] 182911  - [39m05/19/2026, 7:18:40 PM [32m    LOG[39m [38;5;3m[RouterExplorer] [39m[32mMapped {/api/categories, POST} route[39m[38;5;3m +1ms[39m
[32m[Nest] 182911  - [39m05/19/2026, 7:18:40 PM [32m    LOG[39m [38;5;3m[RouterExplorer] [39m[32mMapped {/api/categories/:id, PATCH} route[39m[38;5;3m +2ms[39m
[32m[Nest] 182911  - [39m05/19/2026, 7:18:40 PM [32m    LOG[39m [38;5;3m[RouterExplorer] [39m[32mMapped {/api/categories/:id, DELETE} route[39m[38;5;3m +9ms[39m
[32m[Nest] 182911  - [39m05/19/2026, 7:18:40 PM [32m    LOG[39m [38;5;3m[RoutesResolver] [39m[32mAssetsController {/api/assets}:[39m[38;5;3m +0ms[39m
[32m[Nest] 182911  - [39m05/19/2026, 7:18:40 PM [32m    LOG[39m [38;5;3m[RouterExplorer] [39m[32mMapped {/api/assets, GET} route[39m[38;5;3m +1ms[39m
[32m[Nest] 182911  - [39m05/19/2026, 7:18:40 PM [32m    LOG[39m [38;5;3m[RouterExplorer] [39m[32mMapped {/api/assets/summary, GET} route[39m[38;5;3m +1ms[39m
[32m[Nest] 182911  - [39m05/19/2026, 7:18:40 PM [32m    LOG[39m [38;5;3m[RouterExplorer] [39m[32mMapped {/api/assets, POST} route[39m[38;5;3m +1ms[39m
[32m[Nest] 182911  - [39m05/19/2026, 7:18:40 PM [32m    LOG[39m [38;5;3m[RouterExplorer] [39m[32mMapped {/api/assets/:id, GET} route[39m[38;5;3m +0ms[39m
[32m[Nest] 182911  - [39m05/19/2026, 7:18:40 PM [32m    LOG[39m [38;5;3m[RouterExplorer] [39m[32mMapped {/api/assets/:id, PATCH} route[39m[38;5;3m +1ms[39m
[32m[Nest] 182911  - [39m05/19/2026, 7:18:40 PM [32m    LOG[39m [38;5;3m[RouterExplorer] [39m[32mMapped {/api/assets/:id, DELETE} route[39m[38;5;3m +0ms[39m
[32m[Nest] 182911  - [39m05/19/2026, 7:18:40 PM [32m    LOG[39m [38;5;3m[RoutesResolver] [39m[32mLiabilitiesController {/api/liabilities}:[39m[38;5;3m +0ms[39m
[32m[Nest] 182911  - [39m05/19/2026, 7:18:40 PM [32m    LOG[39m [38;5;3m[RouterExplorer] [39m[32mMapped {/api/liabilities, GET} route[39m[38;5;3m +1ms[39m
[32m[Nest] 182911  - [39m05/19/2026, 7:18:40 PM [32m    LOG[39m [38;5;3m[RouterExplorer] [39m[32mMapped {/api/liabilities, POST} route[39m[38;5;3m +0ms[39m
[32m[Nest] 182911  - [39m05/19/2026, 7:18:40 PM [32m    LOG[39m [38;5;3m[RouterExplorer] [39m[32mMapped {/api/liabilities/:id, GET} route[39m[38;5;3m +1ms[39m
[32m[Nest] 182911  - [39m05/19/2026, 7:18:40 PM [32m    LOG[39m [38;5;3m[RouterExplorer] [39m[32mMapped {/api/liabilities/:id/schedule, GET} route[39m[38;5;3m +0ms[39m
[32m[Nest] 182911  - [39m05/19/2026, 7:18:40 PM [32m    LOG[39m [38;5;3m[RouterExplorer] [39m[32mMapped {/api/liabilities/:id, PATCH} route[39m[38;5;3m +1ms[39m
[32m[Nest] 182911  - [39m05/19/2026, 7:18:40 PM [32m    LOG[39m [38;5;3m[RouterExplorer] [39m[32mMapped {/api/liabilities/:id, DELETE} route[39m[38;5;3m +0ms[39m
[32m[Nest] 182911  - [39m05/19/2026, 7:18:40 PM [32m    LOG[39m [38;5;3m[RoutesResolver] [39m[32mTransactionsController {/api/transactions}:[39m[38;5;3m +0ms[39m
[32m[Nest] 182911  - [39m05/19/2026, 7:18:40 PM [32m    LOG[39m [38;5;3m[RouterExplorer] [39m[32mMapped {/api/transactions, GET} route[39m[38;5;3m +1ms[39m
[32m[Nest] 182911  - [39m05/19/2026, 7:18:40 PM [32m    LOG[39m [38;5;3m[RouterExplorer] [39m[32mMapped {/api/transactions/summary, GET} route[39m[38;5;3m +0ms[39m
[32m[Nest] 182911  - [39m05/19/2026, 7:18:40 PM [32m    LOG[39m [38;5;3m[RouterExplorer] [39m[32mMapped {/api/transactions, POST} route[39m[38;5;3m +0ms[39m
[32m[Nest] 182911  - [39m05/19/2026, 7:18:40 PM [32m    LOG[39m [38;5;3m[RouterExplorer] [39m[32mMapped {/api/transactions/:id, GET} route[39m[38;5;3m +1ms[39m
[32m[Nest] 182911  - [39m05/19/2026, 7:18:40 PM [32m    LOG[39m [38;5;3m[RouterExplorer] [39m[32mMapped {/api/transactions/:id, PATCH} route[39m[38;5;3m +0ms[39m
[32m[Nest] 182911  - [39m05/19/2026, 7:18:40 PM [32m    LOG[39m [38;5;3m[RouterExplorer] [39m[32mMapped {/api/transactions/:id, DELETE} route[39m[38;5;3m +1ms[39m
[32m[Nest] 182911  - [39m05/19/2026, 7:18:40 PM [32m    LOG[39m [38;5;3m[RoutesResolver] [39m[32mForecastController {/api/forecast}:[39m[38;5;3m +0ms[39m
[32m[Nest] 182911  - [39m05/19/2026, 7:18:40 PM [32m    LOG[39m [38;5;3m[RouterExplorer] [39m[32mMapped {/api/forecast/wacr, GET} route[39m[38;5;3m +0ms[39m
[32m[Nest] 182911  - [39m05/19/2026, 7:18:40 PM [32m    LOG[39m [38;5;3m[RouterExplorer] [39m[32mMapped {/api/forecast/cashflow, POST} route[39m[38;5;3m +1ms[39m
[32m[Nest] 182911  - [39m05/19/2026, 7:18:40 PM [32m    LOG[39m [38;5;3m[NestApplication] [39m[32mNest application successfully started[39m[38;5;3m +73ms[39m
[31m[Nest] 182911  - [39m05/19/2026, 7:18:40 PM [31m  ERROR[39m [38;5;3m[NestApplication] [39m[31mError: listen EADDRINUSE: address already in use :::3000[39m[38;5;3m +5ms[39m
node:net:1908
    const ex = new UVExceptionWithHostPort(err, 'listen', address, port);
               ^

Error: listen EADDRINUSE: address already in use :::3000
    at Server.setupListenHandle [as _listen2] (node:net:1908:16)
    at listenInCluster (node:net:1965:12)
    at Server.listen (node:net:2067:7)
    at ExpressAdapter.listen (/home/kyrie/workspace/elevate-life/backend/node_modules/@nestjs/platform-express/adapters/express-adapter.js:115:32)
    at /home/kyrie/workspace/elevate-life/backend/node_modules/@nestjs/core/nest-application.js:188:30
    at new Promise (<anonymous>)
    at NestApplication.listen (/home/kyrie/workspace/elevate-life/backend/node_modules/@nestjs/core/nest-application.js:178:16)
    at async bootstrap (/home/kyrie/workspace/elevate-life/backend/src/main.ts:20:3) {
  code: 'EADDRINUSE',
  errno: -98,
  syscall: 'listen',
  address: '::',
  port: 3000
}

Node.js v20.20.0
[2J[3J[H[[90m7:19:04 PM[0m] File change detected. Starting incremental compilation...

[[90m7:19:04 PM[0m] Found 0 errors. Watching for file changes.

[32m[Nest] 182968  - [39m05/19/2026, 7:19:07 PM [32m    LOG[39m [38;5;3m[NestFactory] [39m[32mStarting Nest application...[39m
[32m[Nest] 182968  - [39m05/19/2026, 7:19:07 PM [32m    LOG[39m [38;5;3m[InstanceLoader] [39m[32mAppModule dependencies initialized[39m[38;5;3m +72ms[39m
[32m[Nest] 182968  - [39m05/19/2026, 7:19:07 PM [32m    LOG[39m [38;5;3m[InstanceLoader] [39m[32mTypeOrmModule dependencies initialized[39m[38;5;3m +0ms[39m
[32m[Nest] 182968  - [39m05/19/2026, 7:19:07 PM [32m    LOG[39m [38;5;3m[InstanceLoader] [39m[32mPassportModule dependencies initialized[39m[38;5;3m +0ms[39m
[32m[Nest] 182968  - [39m05/19/2026, 7:19:07 PM [32m    LOG[39m [38;5;3m[InstanceLoader] [39m[32mConfigHostModule dependencies initialized[39m[38;5;3m +2ms[39m
[32m[Nest] 182968  - [39m05/19/2026, 7:19:07 PM [32m    LOG[39m [38;5;3m[InstanceLoader] [39m[32mJwtModule dependencies initialized[39m[38;5;3m +1ms[39m
[32m[Nest] 182968  - [39m05/19/2026, 7:19:07 PM [32m    LOG[39m [38;5;3m[InstanceLoader] [39m[32mDiscoveryModule dependencies initialized[39m[38;5;3m +0ms[39m
[32m[Nest] 182968  - [39m05/19/2026, 7:19:07 PM [32m    LOG[39m [38;5;3m[InstanceLoader] [39m[32mConfigModule dependencies initialized[39m[38;5;3m +104ms[39m
[32m[Nest] 182968  - [39m05/19/2026, 7:19:07 PM [32m    LOG[39m [38;5;3m[InstanceLoader] [39m[32mConfigModule dependencies initialized[39m[38;5;3m +0ms[39m
[32m[Nest] 182968  - [39m05/19/2026, 7:19:07 PM [32m    LOG[39m [38;5;3m[InstanceLoader] [39m[32mScheduleModule dependencies initialized[39m[38;5;3m +1ms[39m
[32m[Nest] 182968  - [39m05/19/2026, 7:19:07 PM [32m    LOG[39m [38;5;3m[InstanceLoader] [39m[32mEncryptionModule dependencies initialized[39m[38;5;3m +13ms[39m
[32m[Nest] 182968  - [39m05/19/2026, 7:19:07 PM [32m    LOG[39m [38;5;3m[InstanceLoader] [39m[32mStockModule dependencies initialized[39m[38;5;3m +0ms[39m
[32m[Nest] 182968  - [39m05/19/2026, 7:19:07 PM [32m    LOG[39m [38;5;3m[InstanceLoader] [39m[32mThrottlerModule dependencies initialized[39m[38;5;3m +1ms[39m
[32m[Nest] 182968  - [39m05/19/2026, 7:19:07 PM [32m    LOG[39m [38;5;3m[InstanceLoader] [39m[32mTypeOrmCoreModule dependencies initialized[39m[38;5;3m +162ms[39m
[32m[Nest] 182968  - [39m05/19/2026, 7:19:07 PM [32m    LOG[39m [38;5;3m[InstanceLoader] [39m[32mTypeOrmModule dependencies initialized[39m[38;5;3m +0ms[39m
[32m[Nest] 182968  - [39m05/19/2026, 7:19:07 PM [32m    LOG[39m [38;5;3m[InstanceLoader] [39m[32mTypeOrmModule dependencies initialized[39m[38;5;3m +0ms[39m
[32m[Nest] 182968  - [39m05/19/2026, 7:19:07 PM [32m    LOG[39m [38;5;3m[InstanceLoader] [39m[32mTypeOrmModule dependencies initialized[39m[38;5;3m +1ms[39m
[32m[Nest] 182968  - [39m05/19/2026, 7:19:07 PM [32m    LOG[39m [38;5;3m[InstanceLoader] [39m[32mTypeOrmModule dependencies initialized[39m[38;5;3m +0ms[39m
[32m[Nest] 182968  - [39m05/19/2026, 7:19:07 PM [32m    LOG[39m [38;5;3m[InstanceLoader] [39m[32mTypeOrmModule dependencies initialized[39m[38;5;3m +0ms[39m
[32m[Nest] 182968  - [39m05/19/2026, 7:19:07 PM [32m    LOG[39m [38;5;3m[InstanceLoader] [39m[32mTypeOrmModule dependencies initialized[39m[38;5;3m +0ms[39m
[32m[Nest] 182968  - [39m05/19/2026, 7:19:07 PM [32m    LOG[39m [38;5;3m[InstanceLoader] [39m[32mTypeOrmModule dependencies initialized[39m[38;5;3m +0ms[39m
[32m[Nest] 182968  - [39m05/19/2026, 7:19:07 PM [32m    LOG[39m [38;5;3m[InstanceLoader] [39m[32mForecastModule dependencies initialized[39m[38;5;3m +1ms[39m
[32m[Nest] 182968  - [39m05/19/2026, 7:19:07 PM [32m    LOG[39m [38;5;3m[InstanceLoader] [39m[32mUsersModule dependencies initialized[39m[38;5;3m +0ms[39m
[32m[Nest] 182968  - [39m05/19/2026, 7:19:07 PM [32m    LOG[39m [38;5;3m[InstanceLoader] [39m[32mGoldModule dependencies initialized[39m[38;5;3m +2ms[39m
[32m[Nest] 182968  - [39m05/19/2026, 7:19:07 PM [32m    LOG[39m [38;5;3m[InstanceLoader] [39m[32mAuthModule dependencies initialized[39m[38;5;3m +1ms[39m
[32m[Nest] 182968  - [39m05/19/2026, 7:19:07 PM [32m    LOG[39m [38;5;3m[InstanceLoader] [39m[32mCategoriesModule dependencies initialized[39m[38;5;3m +1ms[39m
[32m[Nest] 182968  - [39m05/19/2026, 7:19:07 PM [32m    LOG[39m [38;5;3m[InstanceLoader] [39m[32mLiabilitiesModule dependencies initialized[39m[38;5;3m +0ms[39m
[32m[Nest] 182968  - [39m05/19/2026, 7:19:07 PM [32m    LOG[39m [38;5;3m[InstanceLoader] [39m[32mAssetsModule dependencies initialized[39m[38;5;3m +0ms[39m
[32m[Nest] 182968  - [39m05/19/2026, 7:19:07 PM [32m    LOG[39m [38;5;3m[InstanceLoader] [39m[32mTransactionsModule dependencies initialized[39m[38;5;3m +0ms[39m
[32m[Nest] 182968  - [39m05/19/2026, 7:19:07 PM [32m    LOG[39m [38;5;3m[RoutesResolver] [39m[32mAuthController {/api/auth}:[39m[38;5;3m +33ms[39m
[32m[Nest] 182968  - [39m05/19/2026, 7:19:07 PM [32m    LOG[39m [38;5;3m[RouterExplorer] [39m[32mMapped {/api/auth/register, POST} route[39m[38;5;3m +8ms[39m
[32m[Nest] 182968  - [39m05/19/2026, 7:19:07 PM [32m    LOG[39m [38;5;3m[RouterExplorer] [39m[32mMapped {/api/auth/login, POST} route[39m[38;5;3m +4ms[39m
[32m[Nest] 182968  - [39m05/19/2026, 7:19:07 PM [32m    LOG[39m [38;5;3m[RouterExplorer] [39m[32mMapped {/api/auth/refresh, POST} route[39m[38;5;3m +1ms[39m
[32m[Nest] 182968  - [39m05/19/2026, 7:19:07 PM [32m    LOG[39m [38;5;3m[RoutesResolver] [39m[32mGoldController {/api/gold}:[39m[38;5;3m +0ms[39m
[32m[Nest] 182968  - [39m05/19/2026, 7:19:07 PM [32m    LOG[39m [38;5;3m[RouterExplorer] [39m[32mMapped {/api/gold/price, GET} route[39m[38;5;3m +1ms[39m
[32m[Nest] 182968  - [39m05/19/2026, 7:19:07 PM [32m    LOG[39m [38;5;3m[RouterExplorer] [39m[32mMapped {/api/gold/history, GET} route[39m[38;5;3m +1ms[39m
[32m[Nest] 182968  - [39m05/19/2026, 7:19:07 PM [32m    LOG[39m [38;5;3m[RouterExplorer] [39m[32mMapped {/api/gold/refresh, GET} route[39m[38;5;3m +1ms[39m
[32m[Nest] 182968  - [39m05/19/2026, 7:19:07 PM [32m    LOG[39m [38;5;3m[RoutesResolver] [39m[32mCategoriesController {/api/categories}:[39m[38;5;3m +0ms[39m
[32m[Nest] 182968  - [39m05/19/2026, 7:19:07 PM [32m    LOG[39m [38;5;3m[RouterExplorer] [39m[32mMapped {/api/categories, GET} route[39m[38;5;3m +2ms[39m
[32m[Nest] 182968  - [39m05/19/2026, 7:19:07 PM [32m    LOG[39m [38;5;3m[RouterExplorer] [39m[32mMapped {/api/categories, POST} route[39m[38;5;3m +1ms[39m
[32m[Nest] 182968  - [39m05/19/2026, 7:19:07 PM [32m    LOG[39m [38;5;3m[RouterExplorer] [39m[32mMapped {/api/categories/:id, PATCH} route[39m[38;5;3m +2ms[39m
[32m[Nest] 182968  - [39m05/19/2026, 7:19:07 PM [32m    LOG[39m [38;5;3m[RouterExplorer] [39m[32mMapped {/api/categories/:id, DELETE} route[39m[38;5;3m +1ms[39m
[32m[Nest] 182968  - [39m05/19/2026, 7:19:07 PM [32m    LOG[39m [38;5;3m[RoutesResolver] [39m[32mAssetsController {/api/assets}:[39m[38;5;3m +1ms[39m
[32m[Nest] 182968  - [39m05/19/2026, 7:19:07 PM [32m    LOG[39m [38;5;3m[RouterExplorer] [39m[32mMapped {/api/assets, GET} route[39m[38;5;3m +1ms[39m
[32m[Nest] 182968  - [39m05/19/2026, 7:19:07 PM [32m    LOG[39m [38;5;3m[RouterExplorer] [39m[32mMapped {/api/assets/summary, GET} route[39m[38;5;3m +0ms[39m
[32m[Nest] 182968  - [39m05/19/2026, 7:19:07 PM [32m    LOG[39m [38;5;3m[RouterExplorer] [39m[32mMapped {/api/assets, POST} route[39m[38;5;3m +1ms[39m
[32m[Nest] 182968  - [39m05/19/2026, 7:19:07 PM [32m    LOG[39m [38;5;3m[RouterExplorer] [39m[32mMapped {/api/assets/:id, GET} route[39m[38;5;3m +0ms[39m
[32m[Nest] 182968  - [39m05/19/2026, 7:19:07 PM [32m    LOG[39m [38;5;3m[RouterExplorer] [39m[32mMapped {/api/assets/:id, PATCH} route[39m[38;5;3m +1ms[39m
[32m[Nest] 182968  - [39m05/19/2026, 7:19:07 PM [32m    LOG[39m [38;5;3m[RouterExplorer] [39m[32mMapped {/api/assets/:id, DELETE} route[39m[38;5;3m +1ms[39m
[32m[Nest] 182968  - [39m05/19/2026, 7:19:07 PM [32m    LOG[39m [38;5;3m[RoutesResolver] [39m[32mLiabilitiesController {/api/liabilities}:[39m[38;5;3m +0ms[39m
[32m[Nest] 182968  - [39m05/19/2026, 7:19:07 PM [32m    LOG[39m [38;5;3m[RouterExplorer] [39m[32mMapped {/api/liabilities, GET} route[39m[38;5;3m +0ms[39m
[32m[Nest] 182968  - [39m05/19/2026, 7:19:07 PM [32m    LOG[39m [38;5;3m[RouterExplorer] [39m[32mMapped {/api/liabilities, POST} route[39m[38;5;3m +1ms[39m
[32m[Nest] 182968  - [39m05/19/2026, 7:19:07 PM [32m    LOG[39m [38;5;3m[RouterExplorer] [39m[32mMapped {/api/liabilities/:id, GET} route[39m[38;5;3m +0ms[39m
[32m[Nest] 182968  - [39m05/19/2026, 7:19:07 PM [32m    LOG[39m [38;5;3m[RouterExplorer] [39m[32mMapped {/api/liabilities/:id/schedule, GET} route[39m[38;5;3m +1ms[39m
[32m[Nest] 182968  - [39m05/19/2026, 7:19:07 PM [32m    LOG[39m [38;5;3m[RouterExplorer] [39m[32mMapped {/api/liabilities/:id, PATCH} route[39m[38;5;3m +1ms[39m
[32m[Nest] 182968  - [39m05/19/2026, 7:19:07 PM [32m    LOG[39m [38;5;3m[RouterExplorer] [39m[32mMapped {/api/liabilities/:id, DELETE} route[39m[38;5;3m +0ms[39m
[32m[Nest] 182968  - [39m05/19/2026, 7:19:07 PM [32m    LOG[39m [38;5;3m[RoutesResolver] [39m[32mTransactionsController {/api/transactions}:[39m[38;5;3m +0ms[39m
[32m[Nest] 182968  - [39m05/19/2026, 7:19:07 PM [32m    LOG[39m [38;5;3m[RouterExplorer] [39m[32mMapped {/api/transactions, GET} route[39m[38;5;3m +1ms[39m
[32m[Nest] 182968  - [39m05/19/2026, 7:19:07 PM [32m    LOG[39m [38;5;3m[RouterExplorer] [39m[32mMapped {/api/transactions/summary, GET} route[39m[38;5;3m +1ms[39m
[32m[Nest] 182968  - [39m05/19/2026, 7:19:07 PM [32m    LOG[39m [38;5;3m[RouterExplorer] [39m[32mMapped {/api/transactions, POST} route[39m[38;5;3m +0ms[39m
[32m[Nest] 182968  - [39m05/19/2026, 7:19:07 PM [32m    LOG[39m [38;5;3m[RouterExplorer] [39m[32mMapped {/api/transactions/:id, GET} route[39m[38;5;3m +0ms[39m
[32m[Nest] 182968  - [39m05/19/2026, 7:19:07 PM [32m    LOG[39m [38;5;3m[RouterExplorer] [39m[32mMapped {/api/transactions/:id, PATCH} route[39m[38;5;3m +1ms[39m
[32m[Nest] 182968  - [39m05/19/2026, 7:19:07 PM [32m    LOG[39m [38;5;3m[RouterExplorer] [39m[32mMapped {/api/transactions/:id, DELETE} route[39m[38;5;3m +0ms[39m
[32m[Nest] 182968  - [39m05/19/2026, 7:19:07 PM [32m    LOG[39m [38;5;3m[RoutesResolver] [39m[32mForecastController {/api/forecast}:[39m[38;5;3m +1ms[39m
[32m[Nest] 182968  - [39m05/19/2026, 7:19:07 PM [32m    LOG[39m [38;5;3m[RouterExplorer] [39m[32mMapped {/api/forecast/wacr, GET} route[39m[38;5;3m +0ms[39m
[32m[Nest] 182968  - [39m05/19/2026, 7:19:07 PM [32m    LOG[39m [38;5;3m[RouterExplorer] [39m[32mMapped {/api/forecast/cashflow, POST} route[39m[38;5;3m +0ms[39m
[32m[Nest] 182968  - [39m05/19/2026, 7:19:07 PM [32m    LOG[39m [38;5;3m[NestApplication] [39m[32mNest application successfully started[39m[38;5;3m +48ms[39m
[31m[Nest] 182968  - [39m05/19/2026, 7:19:07 PM [31m  ERROR[39m [38;5;3m[NestApplication] [39m[31mError: listen EADDRINUSE: address already in use :::3000[39m[38;5;3m +4ms[39m
node:net:1908
    const ex = new UVExceptionWithHostPort(err, 'listen', address, port);
               ^

Error: listen EADDRINUSE: address already in use :::3000
    at Server.setupListenHandle [as _listen2] (node:net:1908:16)
    at listenInCluster (node:net:1965:12)
    at Server.listen (node:net:2067:7)
    at ExpressAdapter.listen (/home/kyrie/workspace/elevate-life/backend/node_modules/@nestjs/platform-express/adapters/express-adapter.js:115:32)
    at /home/kyrie/workspace/elevate-life/backend/node_modules/@nestjs/core/nest-application.js:188:30
    at new Promise (<anonymous>)
    at NestApplication.listen (/home/kyrie/workspace/elevate-life/backend/node_modules/@nestjs/core/nest-application.js:178:16)
    at async bootstrap (/home/kyrie/workspace/elevate-life/backend/src/main.ts:20:3) {
  code: 'EADDRINUSE',
  errno: -98,
  syscall: 'listen',
  address: '::',
  port: 3000
}

Node.js v20.20.0
[95m[Nest] 4169466  - [39m05/19/2026, 7:24:52 PM [95m  DEBUG[39m [38;5;3m[GoldService] [39m[95mToday already has gold price data, skipping fetch[39m
[33m[Nest] 4169466  - [39m05/19/2026, 7:24:54 PM [33m   WARN[39m [38;5;3m[StockService] [39m[33mFailed to fetch stock price for hk02015: All stock price sources failed[39m
[33m[Nest] 4169466  - [39m05/19/2026, 7:24:55 PM [33m   WARN[39m [38;5;3m[StockService] [39m[33mFailed to fetch stock price for hk02015: All stock price sources failed[39m
[33m[Nest] 4169466  - [39m05/19/2026, 7:24:57 PM [33m   WARN[39m [38;5;3m[StockService] [39m[33mFailed to fetch stock price for hk02015: All stock price sources failed[39m
[33m[Nest] 4169466  - [39m05/19/2026, 7:24:57 PM [33m   WARN[39m [38;5;3m[StockService] [39m[33mFailed to fetch stock price for hk02015: All stock price sources failed[39m
[33m[Nest] 4169466  - [39m05/19/2026, 7:24:58 PM [33m   WARN[39m [38;5;3m[StockService] [39m[33mFailed to fetch stock price for hk02015: All stock price sources failed[39m
[33m[Nest] 4169466  - [39m05/19/2026, 7:24:59 PM [33m   WARN[39m [38;5;3m[StockService] [39m[33mFailed to fetch stock price for hk02015: All stock price sources failed[39m
[33m[Nest] 4169466  - [39m05/19/2026, 7:25:00 PM [33m   WARN[39m [38;5;3m[StockService] [39m[33mFailed to fetch stock price for hk02015: All stock price sources failed[39m
[33m[Nest] 4169466  - [39m05/19/2026, 7:25:02 PM [33m   WARN[39m [38;5;3m[StockService] [39m[33mFailed to fetch stock price for hk02015: All stock price sources failed[39m
[33m[Nest] 4169466  - [39m05/19/2026, 7:25:12 PM [33m   WARN[39m [38;5;3m[StockService] [39m[33mFailed to fetch stock price for hk02015: All stock price sources failed[39m
[33m[Nest] 4169466  - [39m05/19/2026, 7:25:13 PM [33m   WARN[39m [38;5;3m[StockService] [39m[33mFailed to fetch stock price for hk02015: All stock price sources failed[39m
[33m[Nest] 4169466  - [39m05/19/2026, 7:25:14 PM [33m   WARN[39m [38;5;3m[StockService] [39m[33mFailed to fetch stock price for hk02015: All stock price sources failed[39m
[33m[Nest] 4169466  - [39m05/19/2026, 7:25:15 PM [33m   WARN[39m [38;5;3m[StockService] [39m[33mFailed to fetch stock price for hk02015: All stock price sources failed[39m
[33m[Nest] 4169466  - [39m05/19/2026, 7:25:17 PM [33m   WARN[39m [38;5;3m[StockService] [39m[33mFailed to fetch stock price for hk02015: All stock price sources failed[39m
[33m[Nest] 4169466  - [39m05/19/2026, 7:25:17 PM [33m   WARN[39m [38;5;3m[StockService] [39m[33mFailed to fetch stock price for hk02015: All stock price sources failed[39m
[33m[Nest] 4169466  - [39m05/19/2026, 7:25:19 PM [33m   WARN[39m [38;5;3m[StockService] [39m[33mFailed to fetch stock price for hk02015: All stock price sources failed[39m
[33m[Nest] 4169466  - [39m05/19/2026, 7:25:19 PM [33m   WARN[39m [38;5;3m[StockService] [39m[33mFailed to fetch stock price for hk02015: All stock price sources failed[39m
[33m[Nest] 4169466  - [39m05/19/2026, 7:25:39 PM [33m   WARN[39m [38;5;3m[StockService] [39m[33mFailed to fetch stock price for hk02015: All stock price sources failed[39m
[33m[Nest] 4169466  - [39m05/19/2026, 7:25:42 PM [33m   WARN[39m [38;5;3m[StockService] [39m[33mFailed to fetch stock price for hk02015: All stock price sources failed[39m
[33m[Nest] 4169466  - [39m05/19/2026, 7:25:44 PM [33m   WARN[39m [38;5;3m[StockService] [39m[33mFailed to fetch stock price for hk02015: All stock price sources failed[39m
[33m[Nest] 4169466  - [39m05/19/2026, 7:25:47 PM [33m   WARN[39m [38;5;3m[StockService] [39m[33mFailed to fetch stock price for hk02015: All stock price sources failed[39m
[33m[Nest] 4169466  - [39m05/19/2026, 7:26:00 PM [33m   WARN[39m [38;5;3m[StockService] [39m[33mFailed to fetch stock price for hk02015: All stock price sources failed[39m
[33m[Nest] 4169466  - [39m05/19/2026, 7:26:09 PM [33m   WARN[39m [38;5;3m[StockService] [39m[33mFailed to fetch stock price for hk02015: All stock price sources failed[39m
[33m[Nest] 4169466  - [39m05/19/2026, 7:26:15 PM [33m   WARN[39m [38;5;3m[StockService] [39m[33mFailed to fetch stock price for hk02015: All stock price sources failed[39m
[33m[Nest] 4169466  - [39m05/19/2026, 7:26:25 PM [33m   WARN[39m [38;5;3m[StockService] [39m[33mFailed to fetch stock price for hk02015: All stock price sources failed[39m
[2J[3J[H[[90m7:30:35 PM[0m] File change detected. Starting incremental compilation...

[[90m7:30:35 PM[0m] Found 0 errors. Watching for file changes.

[32m[Nest] 183881  - [39m05/19/2026, 7:30:38 PM [32m    LOG[39m [38;5;3m[NestFactory] [39m[32mStarting Nest application...[39m
[32m[Nest] 183881  - [39m05/19/2026, 7:30:38 PM [32m    LOG[39m [38;5;3m[InstanceLoader] [39m[32mAppModule dependencies initialized[39m[38;5;3m +70ms[39m
[32m[Nest] 183881  - [39m05/19/2026, 7:30:38 PM [32m    LOG[39m [38;5;3m[InstanceLoader] [39m[32mTypeOrmModule dependencies initialized[39m[38;5;3m +0ms[39m
[32m[Nest] 183881  - [39m05/19/2026, 7:30:38 PM [32m    LOG[39m [38;5;3m[InstanceLoader] [39m[32mPassportModule dependencies initialized[39m[38;5;3m +0ms[39m
[32m[Nest] 183881  - [39m05/19/2026, 7:30:38 PM [32m    LOG[39m [38;5;3m[InstanceLoader] [39m[32mConfigHostModule dependencies initialized[39m[38;5;3m +2ms[39m
[32m[Nest] 183881  - [39m05/19/2026, 7:30:38 PM [32m    LOG[39m [38;5;3m[InstanceLoader] [39m[32mJwtModule dependencies initialized[39m[38;5;3m +0ms[39m
[32m[Nest] 183881  - [39m05/19/2026, 7:30:38 PM [32m    LOG[39m [38;5;3m[InstanceLoader] [39m[32mDiscoveryModule dependencies initialized[39m[38;5;3m +0ms[39m
[32m[Nest] 183881  - [39m05/19/2026, 7:30:38 PM [32m    LOG[39m [38;5;3m[InstanceLoader] [39m[32mConfigModule dependencies initialized[39m[38;5;3m +104ms[39m
[32m[Nest] 183881  - [39m05/19/2026, 7:30:38 PM [32m    LOG[39m [38;5;3m[InstanceLoader] [39m[32mConfigModule dependencies initialized[39m[38;5;3m +0ms[39m
[32m[Nest] 183881  - [39m05/19/2026, 7:30:38 PM [32m    LOG[39m [38;5;3m[InstanceLoader] [39m[32mScheduleModule dependencies initialized[39m[38;5;3m +0ms[39m
[32m[Nest] 183881  - [39m05/19/2026, 7:30:38 PM [32m    LOG[39m [38;5;3m[InstanceLoader] [39m[32mEncryptionModule dependencies initialized[39m[38;5;3m +15ms[39m
[32m[Nest] 183881  - [39m05/19/2026, 7:30:38 PM [32m    LOG[39m [38;5;3m[InstanceLoader] [39m[32mStockModule dependencies initialized[39m[38;5;3m +0ms[39m
[32m[Nest] 183881  - [39m05/19/2026, 7:30:38 PM [32m    LOG[39m [38;5;3m[InstanceLoader] [39m[32mThrottlerModule dependencies initialized[39m[38;5;3m +1ms[39m
[32m[Nest] 183881  - [39m05/19/2026, 7:30:38 PM [32m    LOG[39m [38;5;3m[InstanceLoader] [39m[32mTypeOrmCoreModule dependencies initialized[39m[38;5;3m +120ms[39m
[32m[Nest] 183881  - [39m05/19/2026, 7:30:38 PM [32m    LOG[39m [38;5;3m[InstanceLoader] [39m[32mTypeOrmModule dependencies initialized[39m[38;5;3m +1ms[39m
[32m[Nest] 183881  - [39m05/19/2026, 7:30:38 PM [32m    LOG[39m [38;5;3m[InstanceLoader] [39m[32mTypeOrmModule dependencies initialized[39m[38;5;3m +0ms[39m
[32m[Nest] 183881  - [39m05/19/2026, 7:30:38 PM [32m    LOG[39m [38;5;3m[InstanceLoader] [39m[32mTypeOrmModule dependencies initialized[39m[38;5;3m +0ms[39m
[32m[Nest] 183881  - [39m05/19/2026, 7:30:38 PM [32m    LOG[39m [38;5;3m[InstanceLoader] [39m[32mTypeOrmModule dependencies initialized[39m[38;5;3m +1ms[39m
[32m[Nest] 183881  - [39m05/19/2026, 7:30:38 PM [32m    LOG[39m [38;5;3m[InstanceLoader] [39m[32mTypeOrmModule dependencies initialized[39m[38;5;3m +0ms[39m
[32m[Nest] 183881  - [39m05/19/2026, 7:30:38 PM [32m    LOG[39m [38;5;3m[InstanceLoader] [39m[32mTypeOrmModule dependencies initialized[39m[38;5;3m +0ms[39m
[32m[Nest] 183881  - [39m05/19/2026, 7:30:38 PM [32m    LOG[39m [38;5;3m[InstanceLoader] [39m[32mTypeOrmModule dependencies initialized[39m[38;5;3m +0ms[39m
[32m[Nest] 183881  - [39m05/19/2026, 7:30:38 PM [32m    LOG[39m [38;5;3m[InstanceLoader] [39m[32mForecastModule dependencies initialized[39m[38;5;3m +1ms[39m
[32m[Nest] 183881  - [39m05/19/2026, 7:30:38 PM [32m    LOG[39m [38;5;3m[InstanceLoader] [39m[32mUsersModule dependencies initialized[39m[38;5;3m +0ms[39m
[32m[Nest] 183881  - [39m05/19/2026, 7:30:38 PM [32m    LOG[39m [38;5;3m[InstanceLoader] [39m[32mGoldModule dependencies initialized[39m[38;5;3m +2ms[39m
[32m[Nest] 183881  - [39m05/19/2026, 7:30:38 PM [32m    LOG[39m [38;5;3m[InstanceLoader] [39m[32mAuthModule dependencies initialized[39m[38;5;3m +0ms[39m
[32m[Nest] 183881  - [39m05/19/2026, 7:30:38 PM [32m    LOG[39m [38;5;3m[InstanceLoader] [39m[32mCategoriesModule dependencies initialized[39m[38;5;3m +1ms[39m
[32m[Nest] 183881  - [39m05/19/2026, 7:30:38 PM [32m    LOG[39m [38;5;3m[InstanceLoader] [39m[32mLiabilitiesModule dependencies initialized[39m[38;5;3m +0ms[39m
[32m[Nest] 183881  - [39m05/19/2026, 7:30:38 PM [32m    LOG[39m [38;5;3m[InstanceLoader] [39m[32mAssetsModule dependencies initialized[39m[38;5;3m +1ms[39m
[32m[Nest] 183881  - [39m05/19/2026, 7:30:38 PM [32m    LOG[39m [38;5;3m[InstanceLoader] [39m[32mTransactionsModule dependencies initialized[39m[38;5;3m +0ms[39m
[32m[Nest] 183881  - [39m05/19/2026, 7:30:38 PM [32m    LOG[39m [38;5;3m[RoutesResolver] [39m[32mAuthController {/api/auth}:[39m[38;5;3m +34ms[39m
[32m[Nest] 183881  - [39m05/19/2026, 7:30:38 PM [32m    LOG[39m [38;5;3m[RouterExplorer] [39m[32mMapped {/api/auth/register, POST} route[39m[38;5;3m +8ms[39m
[32m[Nest] 183881  - [39m05/19/2026, 7:30:38 PM [32m    LOG[39m [38;5;3m[RouterExplorer] [39m[32mMapped {/api/auth/login, POST} route[39m[38;5;3m +4ms[39m
[32m[Nest] 183881  - [39m05/19/2026, 7:30:38 PM [32m    LOG[39m [38;5;3m[RouterExplorer] [39m[32mMapped {/api/auth/refresh, POST} route[39m[38;5;3m +1ms[39m
[32m[Nest] 183881  - [39m05/19/2026, 7:30:38 PM [32m    LOG[39m [38;5;3m[RoutesResolver] [39m[32mGoldController {/api/gold}:[39m[38;5;3m +1ms[39m
[32m[Nest] 183881  - [39m05/19/2026, 7:30:38 PM [32m    LOG[39m [38;5;3m[RouterExplorer] [39m[32mMapped {/api/gold/price, GET} route[39m[38;5;3m +1ms[39m
[32m[Nest] 183881  - [39m05/19/2026, 7:30:38 PM [32m    LOG[39m [38;5;3m[RouterExplorer] [39m[32mMapped {/api/gold/history, GET} route[39m[38;5;3m +0ms[39m
[32m[Nest] 183881  - [39m05/19/2026, 7:30:38 PM [32m    LOG[39m [38;5;3m[RouterExplorer] [39m[32mMapped {/api/gold/refresh, GET} route[39m[38;5;3m +1ms[39m
[32m[Nest] 183881  - [39m05/19/2026, 7:30:38 PM [32m    LOG[39m [38;5;3m[RoutesResolver] [39m[32mCategoriesController {/api/categories}:[39m[38;5;3m +1ms[39m
[32m[Nest] 183881  - [39m05/19/2026, 7:30:38 PM [32m    LOG[39m [38;5;3m[RouterExplorer] [39m[32mMapped {/api/categories, GET} route[39m[38;5;3m +1ms[39m
[32m[Nest] 183881  - [39m05/19/2026, 7:30:38 PM [32m    LOG[39m [38;5;3m[RouterExplorer] [39m[32mMapped {/api/categories, POST} route[39m[38;5;3m +1ms[39m
[32m[Nest] 183881  - [39m05/19/2026, 7:30:38 PM [32m    LOG[39m [38;5;3m[RouterExplorer] [39m[32mMapped {/api/categories/:id, PATCH} route[39m[38;5;3m +2ms[39m
[32m[Nest] 183881  - [39m05/19/2026, 7:30:38 PM [32m    LOG[39m [38;5;3m[RouterExplorer] [39m[32mMapped {/api/categories/:id, DELETE} route[39m[38;5;3m +2ms[39m
[32m[Nest] 183881  - [39m05/19/2026, 7:30:38 PM [32m    LOG[39m [38;5;3m[RoutesResolver] [39m[32mAssetsController {/api/assets}:[39m[38;5;3m +0ms[39m
[32m[Nest] 183881  - [39m05/19/2026, 7:30:38 PM [32m    LOG[39m [38;5;3m[RouterExplorer] [39m[32mMapped {/api/assets, GET} route[39m[38;5;3m +1ms[39m
[32m[Nest] 183881  - [39m05/19/2026, 7:30:38 PM [32m    LOG[39m [38;5;3m[RouterExplorer] [39m[32mMapped {/api/assets/summary, GET} route[39m[38;5;3m +1ms[39m
[32m[Nest] 183881  - [39m05/19/2026, 7:30:38 PM [32m    LOG[39m [38;5;3m[RouterExplorer] [39m[32mMapped {/api/assets, POST} route[39m[38;5;3m +0ms[39m
[32m[Nest] 183881  - [39m05/19/2026, 7:30:38 PM [32m    LOG[39m [38;5;3m[RouterExplorer] [39m[32mMapped {/api/assets/:id, GET} route[39m[38;5;3m +1ms[39m
[32m[Nest] 183881  - [39m05/19/2026, 7:30:38 PM [32m    LOG[39m [38;5;3m[RouterExplorer] [39m[32mMapped {/api/assets/:id, PATCH} route[39m[38;5;3m +19ms[39m
[32m[Nest] 183881  - [39m05/19/2026, 7:30:38 PM [32m    LOG[39m [38;5;3m[RouterExplorer] [39m[32mMapped {/api/assets/:id, DELETE} route[39m[38;5;3m +0ms[39m
[32m[Nest] 183881  - [39m05/19/2026, 7:30:38 PM [32m    LOG[39m [38;5;3m[RoutesResolver] [39m[32mLiabilitiesController {/api/liabilities}:[39m[38;5;3m +1ms[39m
[32m[Nest] 183881  - [39m05/19/2026, 7:30:38 PM [32m    LOG[39m [38;5;3m[RouterExplorer] [39m[32mMapped {/api/liabilities, GET} route[39m[38;5;3m +0ms[39m
[32m[Nest] 183881  - [39m05/19/2026, 7:30:38 PM [32m    LOG[39m [38;5;3m[RouterExplorer] [39m[32mMapped {/api/liabilities, POST} route[39m[38;5;3m +1ms[39m
[32m[Nest] 183881  - [39m05/19/2026, 7:30:38 PM [32m    LOG[39m [38;5;3m[RouterExplorer] [39m[32mMapped {/api/liabilities/:id, GET} route[39m[38;5;3m +0ms[39m
[32m[Nest] 183881  - [39m05/19/2026, 7:30:38 PM [32m    LOG[39m [38;5;3m[RouterExplorer] [39m[32mMapped {/api/liabilities/:id/schedule, GET} route[39m[38;5;3m +1ms[39m
[32m[Nest] 183881  - [39m05/19/2026, 7:30:38 PM [32m    LOG[39m [38;5;3m[RouterExplorer] [39m[32mMapped {/api/liabilities/:id, PATCH} route[39m[38;5;3m +1ms[39m
[32m[Nest] 183881  - [39m05/19/2026, 7:30:38 PM [32m    LOG[39m [38;5;3m[RouterExplorer] [39m[32mMapped {/api/liabilities/:id, DELETE} route[39m[38;5;3m +0ms[39m
[32m[Nest] 183881  - [39m05/19/2026, 7:30:38 PM [32m    LOG[39m [38;5;3m[RoutesResolver] [39m[32mTransactionsController {/api/transactions}:[39m[38;5;3m +0ms[39m
[32m[Nest] 183881  - [39m05/19/2026, 7:30:38 PM [32m    LOG[39m [38;5;3m[RouterExplorer] [39m[32mMapped {/api/transactions, GET} route[39m[38;5;3m +1ms[39m
[32m[Nest] 183881  - [39m05/19/2026, 7:30:38 PM [32m    LOG[39m [38;5;3m[RouterExplorer] [39m[32mMapped {/api/transactions/summary, GET} route[39m[38;5;3m +0ms[39m
[32m[Nest] 183881  - [39m05/19/2026, 7:30:38 PM [32m    LOG[39m [38;5;3m[RouterExplorer] [39m[32mMapped {/api/transactions, POST} route[39m[38;5;3m +1ms[39m
[32m[Nest] 183881  - [39m05/19/2026, 7:30:38 PM [32m    LOG[39m [38;5;3m[RouterExplorer] [39m[32mMapped {/api/transactions/:id, GET} route[39m[38;5;3m +0ms[39m
[32m[Nest] 183881  - [39m05/19/2026, 7:30:38 PM [32m    LOG[39m [38;5;3m[RouterExplorer] [39m[32mMapped {/api/transactions/:id, PATCH} route[39m[38;5;3m +1ms[39m
[32m[Nest] 183881  - [39m05/19/2026, 7:30:38 PM [32m    LOG[39m [38;5;3m[RouterExplorer] [39m[32mMapped {/api/transactions/:id, DELETE} route[39m[38;5;3m +1ms[39m
[32m[Nest] 183881  - [39m05/19/2026, 7:30:38 PM [32m    LOG[39m [38;5;3m[RoutesResolver] [39m[32mForecastController {/api/forecast}:[39m[38;5;3m +0ms[39m
[32m[Nest] 183881  - [39m05/19/2026, 7:30:38 PM [32m    LOG[39m [38;5;3m[RouterExplorer] [39m[32mMapped {/api/forecast/wacr, GET} route[39m[38;5;3m +0ms[39m
[32m[Nest] 183881  - [39m05/19/2026, 7:30:38 PM [32m    LOG[39m [38;5;3m[RouterExplorer] [39m[32mMapped {/api/forecast/cashflow, POST} route[39m[38;5;3m +1ms[39m
[32m[Nest] 183881  - [39m05/19/2026, 7:30:38 PM [32m    LOG[39m [38;5;3m[NestApplication] [39m[32mNest application successfully started[39m[38;5;3m +59ms[39m
[31m[Nest] 183881  - [39m05/19/2026, 7:30:38 PM [31m  ERROR[39m [38;5;3m[NestApplication] [39m[31mError: listen EADDRINUSE: address already in use :::3000[39m[38;5;3m +4ms[39m
node:net:1908
    const ex = new UVExceptionWithHostPort(err, 'listen', address, port);
               ^

Error: listen EADDRINUSE: address already in use :::3000
    at Server.setupListenHandle [as _listen2] (node:net:1908:16)
    at listenInCluster (node:net:1965:12)
    at Server.listen (node:net:2067:7)
    at ExpressAdapter.listen (/home/kyrie/workspace/elevate-life/backend/node_modules/@nestjs/platform-express/adapters/express-adapter.js:115:32)
    at /home/kyrie/workspace/elevate-life/backend/node_modules/@nestjs/core/nest-application.js:188:30
    at new Promise (<anonymous>)
    at NestApplication.listen (/home/kyrie/workspace/elevate-life/backend/node_modules/@nestjs/core/nest-application.js:178:16)
    at async bootstrap (/home/kyrie/workspace/elevate-life/backend/src/main.ts:20:3) {
  code: 'EADDRINUSE',
  errno: -98,
  syscall: 'listen',
  address: '::',
  port: 3000
}

Node.js v20.20.0
