
> elevate-life@0.1.0 dev
> next dev

▲ Next.js 16.2.6 (Turbopack)
- Local:         http://localhost:3000
- Network:       http://192.168.71.10:3000
- Environments: .env
✓ Ready in 527ms
[recurring] Auto-process scheduler started (every 60s)

○ Compiling / ...
 HEAD /manifest.webmanifest 200 in 573ms (next.js: 552ms, application-code: 21ms)
 GET / 200 in 10.1s (next.js: 8.9s, proxy.ts: 178ms, application-code: 1040ms)
 POST / 200 in 1107ms (next.js: 9ms, proxy.ts: 33ms, application-code: 1065ms)
  └─ ƒ getAssets() in 1010ms src/lib/actions/assets.ts
 POST / 200 in 363ms (next.js: 6ms, proxy.ts: 25ms, application-code: 332ms)
  └─ ƒ getLiabilities() in 321ms src/lib/actions/liabilities.ts
 POST / 200 in 574ms (next.js: 5ms, proxy.ts: 27ms, application-code: 542ms)
  └─ ƒ getTransactions() in 530ms src/lib/actions/ledger.ts
 POST / 200 in 69ms (next.js: 8ms, proxy.ts: 19ms, application-code: 42ms)
  └─ ƒ getAutoForecast(12) in 25ms src/lib/actions/forecast.ts
 POST / 200 in 72ms (next.js: 5ms, proxy.ts: 19ms, application-code: 48ms)
  └─ ƒ getBudgetProgress("2026-06-16") in 34ms src/lib/actions/budget.ts
 POST / 200 in 79ms (next.js: 9ms, proxy.ts: 14ms, application-code: 56ms)
  └─ ƒ getGoals() in 31ms src/lib/actions/goals.ts
 POST / 200 in 79ms (next.js: 5ms, proxy.ts: 14ms, application-code: 60ms)
  └─ ƒ simulateCashflow({"monthlyExpense":"25613.00","monthlyIncome":"30668.67","months":12}) in 23ms src/lib/actions/forecast.ts
[browser] [ECharts] Can't get DOM width or height. Please check dom.clientWidth and dom.clientHeight. They should not be 0.For example, you may need to call this in the callback of window.onload. (<anonymous>)
[browser] [ECharts] Can't get DOM width or height. Please check dom.clientWidth and dom.clientHeight. They should not be 0.For example, you may need to call this in the callback of window.onload. (<anonymous>)
 POST / 200 in 1204ms (next.js: 9ms, proxy.ts: 21ms, application-code: 1175ms)
  └─ ƒ getAssets() in 902ms src/lib/actions/assets.ts
 POST / 200 in 373ms (next.js: 5ms, proxy.ts: 22ms, application-code: 345ms)
  └─ ƒ getLiabilities() in 334ms src/lib/actions/liabilities.ts
 GET /api/auth/csrf 200 in 2.1s (next.js: 2.1s, application-code: 30ms)
 POST / 200 in 613ms (next.js: 6ms, proxy.ts: 26ms, application-code: 581ms)
  └─ ƒ getTransactions() in 531ms src/lib/actions/ledger.ts
 POST /api/auth/signout 200 in 178ms (next.js: 138ms, application-code: 40ms)
 POST / 200 in 75ms (next.js: 5ms, proxy.ts: 26ms, application-code: 43ms)
  └─ ƒ getAutoForecast(12) in 31ms src/lib/actions/forecast.ts
 POST / 200 in 50ms (next.js: 4ms, proxy.ts: 16ms, application-code: 30ms)
  └─ ƒ getBudgetProgress("2026-06-16") in 19ms src/lib/actions/budget.ts
 POST / 200 in 52ms (next.js: 4ms, proxy.ts: 20ms, application-code: 28ms)
  └─ ƒ getGoals() in 18ms src/lib/actions/goals.ts
 POST / 200 in 43ms (next.js: 4ms, proxy.ts: 18ms, application-code: 20ms)
  └─ ƒ simulateCashflow({"monthlyExpense":"25613.00","monthlyIncome":"30668.67","months":12}) in 11ms src/lib/actions/forecast.ts
 GET /login 200 in 1063ms (next.js: 999ms, proxy.ts: 10ms, application-code: 54ms)
 GET /api/auth/csrf 200 in 145ms (next.js: 137ms, application-code: 8ms)
 POST /api/auth/signout 200 in 16ms (next.js: 4ms, application-code: 11ms)
 GET /login 200 in 37ms (next.js: 4ms, proxy.ts: 9ms, application-code: 24ms)
 GET /login 200 in 24ms (next.js: 6ms, proxy.ts: 6ms, application-code: 12ms)
✓ Compiled in 516ms
✓ Compiled in 54ms
 GET /login 200 in 893ms (next.js: 168ms, proxy.ts: 178ms, application-code: 547ms)
 GET /login 200 in 602ms (next.js: 162ms, proxy.ts: 155ms, application-code: 284ms)
 GET /login 200 in 59ms (next.js: 5ms, proxy.ts: 19ms, application-code: 35ms)
 GET /login 200 in 517ms (next.js: 4ms, proxy.ts: 231ms, application-code: 281ms)
 HEAD /account-deletion 200 in 1058ms (next.js: 827ms, proxy.ts: 14ms, application-code: 217ms)
 HEAD /support 200 in 1097ms (next.js: 905ms, proxy.ts: 10ms, application-code: 183ms)
 HEAD /privacy 200 in 1117ms (next.js: 986ms, proxy.ts: 7ms, application-code: 123ms)
✓ Compiled in 75ms
 HEAD /privacy 200 in 100ms (next.js: 11ms, application-code: 89ms)
 HEAD /support 200 in 75ms (next.js: 6ms, application-code: 69ms)
 HEAD /account-deletion 200 in 84ms (next.js: 13ms, application-code: 71ms)
 GET /login 200 in 406ms (next.js: 168ms, proxy.ts: 175ms, application-code: 63ms)
 GET /login 200 in 57ms (next.js: 4ms, proxy.ts: 11ms, application-code: 43ms)
 GET /login 200 in 59ms (next.js: 6ms, proxy.ts: 9ms, application-code: 44ms)
 GET /login 200 in 49ms (next.js: 5ms, proxy.ts: 8ms, application-code: 36ms)
 GET /login 200 in 48ms (next.js: 3ms, proxy.ts: 9ms, application-code: 36ms)
 GET /login 200 in 47ms (next.js: 4ms, proxy.ts: 9ms, application-code: 34ms)
 GET /login 200 in 51ms (next.js: 4ms, proxy.ts: 8ms, application-code: 39ms)
 GET /login 200 in 40ms (next.js: 4ms, proxy.ts: 6ms, application-code: 31ms)
 GET /login 200 in 52ms (next.js: 4ms, proxy.ts: 14ms, application-code: 35ms)
 GET /login 200 in 104ms (next.js: 4ms, proxy.ts: 14ms, application-code: 86ms)
 GET /login 200 in 48ms (next.js: 5ms, proxy.ts: 7ms, application-code: 36ms)
 GET /login 200 in 48ms (next.js: 6ms, proxy.ts: 11ms, application-code: 32ms)
 GET /login 200 in 64ms (next.js: 4ms, proxy.ts: 11ms, application-code: 49ms)
 GET /login 200 in 58ms (next.js: 6ms, proxy.ts: 13ms, application-code: 39ms)
 GET /login 200 in 46ms (next.js: 4ms, proxy.ts: 8ms, application-code: 34ms)
 GET /login 200 in 46ms (next.js: 6ms, proxy.ts: 7ms, application-code: 34ms)
 GET /login 200 in 58ms (next.js: 5ms, proxy.ts: 17ms, application-code: 36ms)
 GET /login 200 in 43ms (next.js: 4ms, proxy.ts: 8ms, application-code: 31ms)
 GET /login 200 in 55ms (next.js: 5ms, proxy.ts: 9ms, application-code: 41ms)
 GET /login 200 in 59ms (next.js: 4ms, proxy.ts: 8ms, application-code: 48ms)
 GET /login 200 in 44ms (next.js: 4ms, proxy.ts: 9ms, application-code: 32ms)
 GET /login 200 in 49ms (next.js: 6ms, proxy.ts: 10ms, application-code: 33ms)
 GET /login 200 in 51ms (next.js: 4ms, proxy.ts: 8ms, application-code: 39ms)
 GET /login 200 in 43ms (next.js: 4ms, proxy.ts: 6ms, application-code: 33ms)
 GET /login 200 in 47ms (next.js: 4ms, proxy.ts: 7ms, application-code: 36ms)
 GET /login 200 in 42ms (next.js: 4ms, proxy.ts: 7ms, application-code: 31ms)
 GET /login 200 in 51ms (next.js: 4ms, proxy.ts: 16ms, application-code: 32ms)
 GET /login 200 in 44ms (next.js: 4ms, proxy.ts: 8ms, application-code: 32ms)
 GET /login 200 in 49ms (next.js: 4ms, proxy.ts: 13ms, application-code: 32ms)
 GET /login 200 in 55ms (next.js: 11ms, proxy.ts: 10ms, application-code: 34ms)
 GET /login 200 in 43ms (next.js: 3ms, proxy.ts: 10ms, application-code: 30ms)
 GET /login 200 in 43ms (next.js: 4ms, proxy.ts: 9ms, application-code: 31ms)
 GET /login 200 in 55ms (next.js: 4ms, proxy.ts: 10ms, application-code: 41ms)
 GET /login 200 in 41ms (next.js: 3ms, proxy.ts: 7ms, application-code: 30ms)
 GET /login 200 in 46ms (next.js: 5ms, proxy.ts: 9ms, application-code: 32ms)
 GET /login 200 in 40ms (next.js: 3ms, proxy.ts: 5ms, application-code: 31ms)
 GET /.well-known/assetlinks.json 200 in 260ms (next.js: 240ms, application-code: 21ms)
✓ Compiled in 76ms
 GET /login 200 in 71ms (next.js: 6ms, proxy.ts: 15ms, application-code: 51ms)
 HEAD /privacy 200 in 288ms (next.js: 29ms, application-code: 259ms)
 GET /privacy 200 in 76ms (next.js: 6ms, application-code: 70ms)
 HEAD /privacy 200 in 97ms (next.js: 10ms, application-code: 87ms)
 GET /privacy 200 in 80ms (next.js: 6ms, application-code: 75ms)
✓ Compiled in 142ms
 GET /login 200 in 457ms (next.js: 185ms, proxy.ts: 209ms, application-code: 63ms)
 GET /login 200 in 47ms (next.js: 4ms, proxy.ts: 10ms, application-code: 33ms)
 GET /login 200 in 54ms (next.js: 4ms, proxy.ts: 16ms, application-code: 34ms)
 GET /login 200 in 41ms (next.js: 3ms, proxy.ts: 6ms, application-code: 32ms)
 GET /login 200 in 49ms (next.js: 4ms, proxy.ts: 9ms, application-code: 35ms)
 GET /login 200 in 55ms (next.js: 5ms, proxy.ts: 9ms, application-code: 41ms)
 GET /login 200 in 40ms (next.js: 4ms, proxy.ts: 6ms, application-code: 30ms)
 GET /login 200 in 47ms (next.js: 4ms, proxy.ts: 9ms, application-code: 35ms)
 GET /login 200 in 54ms (next.js: 6ms, proxy.ts: 9ms, application-code: 39ms)
 GET /login 200 in 48ms (next.js: 4ms, proxy.ts: 9ms, application-code: 35ms)
 GET /login 200 in 44ms (next.js: 4ms, proxy.ts: 9ms, application-code: 32ms)
 GET /login 200 in 48ms (next.js: 5ms, proxy.ts: 9ms, application-code: 35ms)
 GET /login 200 in 53ms (next.js: 5ms, proxy.ts: 9ms, application-code: 40ms)
 GET /login 200 in 42ms (next.js: 3ms, proxy.ts: 6ms, application-code: 32ms)
 GET /login 200 in 49ms (next.js: 4ms, proxy.ts: 12ms, application-code: 33ms)
 GET /login 200 in 59ms (next.js: 4ms, proxy.ts: 8ms, application-code: 48ms)
 GET /login 200 in 43ms (next.js: 5ms, proxy.ts: 7ms, application-code: 31ms)
 GET /login 200 in 45ms (next.js: 4ms, proxy.ts: 11ms, application-code: 30ms)
 GET /login 200 in 47ms (next.js: 5ms, proxy.ts: 8ms, application-code: 34ms)
 GET /login 200 in 56ms (next.js: 12ms, proxy.ts: 10ms, application-code: 35ms)
 GET /login 200 in 46ms (next.js: 4ms, proxy.ts: 7ms, application-code: 34ms)
 GET /login 200 in 44ms (next.js: 3ms, proxy.ts: 8ms, application-code: 33ms)
 GET /login 200 in 60ms (next.js: 3ms, proxy.ts: 8ms, application-code: 48ms)
 GET /login 200 in 42ms (next.js: 5ms, proxy.ts: 7ms, application-code: 31ms)
 GET /login 200 in 44ms (next.js: 5ms, proxy.ts: 8ms, application-code: 31ms)
 GET /login 200 in 68ms (next.js: 5ms, proxy.ts: 8ms, application-code: 55ms)
 GET /login 200 in 107ms (next.js: 7ms, proxy.ts: 10ms, application-code: 90ms)
 GET /login 200 in 41ms (next.js: 3ms, proxy.ts: 7ms, application-code: 30ms)
 GET /login 200 in 39ms (next.js: 3ms, proxy.ts: 7ms, application-code: 29ms)
 GET /login 200 in 44ms (next.js: 3ms, proxy.ts: 9ms, application-code: 32ms)
 GET /login 200 in 48ms (next.js: 3ms, proxy.ts: 10ms, application-code: 34ms)
 GET /login 200 in 42ms (next.js: 5ms, proxy.ts: 6ms, application-code: 31ms)
 GET /login 200 in 43ms (next.js: 5ms, proxy.ts: 8ms, application-code: 30ms)
 GET /login 200 in 46ms (next.js: 4ms, proxy.ts: 7ms, application-code: 35ms)
 GET /login 200 in 40ms (next.js: 4ms, proxy.ts: 8ms, application-code: 29ms)
 GET /login 200 in 42ms (next.js: 3ms, proxy.ts: 8ms, application-code: 31ms)
 GET /login 200 in 42ms (next.js: 3ms, proxy.ts: 8ms, application-code: 31ms)
 GET /login 200 in 48ms (next.js: 4ms, proxy.ts: 15ms, application-code: 29ms)
✓ Compiled in 76ms
✓ Compiled in 64ms
✓ Compiled in 59ms
 GET /login 200 in 232ms (next.js: 7ms, proxy.ts: 190ms, application-code: 35ms)
✓ Compiled in 150ms
 GET /login 200 in 666ms (next.js: 167ms, proxy.ts: 151ms, application-code: 349ms)
 GET /login 200 in 266ms (next.js: 4ms, proxy.ts: 222ms, application-code: 40ms)
 GET /login 200 in 535ms (next.js: 14ms, proxy.ts: 236ms, application-code: 285ms)
✓ Compiled in 69ms
✓ Compiled in 77ms
 GET /login 200 in 118ms (next.js: 8ms, proxy.ts: 15ms, application-code: 95ms)
 GET /login 200 in 87ms (next.js: 4ms, proxy.ts: 10ms, application-code: 72ms)
 GET /privacy 200 in 123ms (next.js: 31ms, application-code: 93ms)
 GET /login 200 in 98ms (next.js: 7ms, proxy.ts: 11ms, application-code: 80ms)
 GET /login 200 in 128ms (next.js: 3ms, proxy.ts: 9ms, application-code: 116ms)
 GET /login 200 in 109ms (next.js: 5ms, proxy.ts: 17ms, application-code: 88ms)
 GET /login 200 in 106ms (next.js: 9ms, proxy.ts: 13ms, application-code: 84ms)
 POST /login 200 in 528ms (next.js: 6ms, proxy.ts: 13ms, application-code: 509ms)
  └─ ƒ loginUser("demo", "demo123") in 418ms src/lib/actions/auth.ts
 GET / 200 in 328ms (next.js: 99ms, proxy.ts: 25ms, application-code: 205ms)
 GET / 200 in 175ms (next.js: 9ms, proxy.ts: 65ms, application-code: 102ms)
 POST / 200 in 1083ms (next.js: 12ms, proxy.ts: 19ms, application-code: 1052ms)
  └─ ƒ getAssets() in 874ms src/lib/actions/assets.ts
 GET /management/ledger?focus=create 200 in 1482ms (next.js: 1208ms, proxy.ts: 34ms, application-code: 240ms)
⨯ Error: aborted
    at ignore-listed frames {
  code: 'ECONNRESET'
}
 POST /management/ledger?focus=create 200 in 563ms (next.js: 7ms, proxy.ts: 13ms, application-code: 543ms)
  └─ ƒ getTransactions() in 526ms src/lib/actions/ledger.ts
 POST /management/ledger?focus=create 200 in 817ms (next.js: 10ms, proxy.ts: 17ms, application-code: 789ms)
  └─ ƒ getAssets() in 774ms src/lib/actions/assets.ts
 POST /management/ledger?focus=create 200 in 58ms (next.js: 6ms, proxy.ts: 18ms, application-code: 35ms)
  └─ ƒ getCategories() in 23ms src/lib/actions/categories.ts
 GET /management/budget?focus=over 200 in 1018ms (next.js: 838ms, proxy.ts: 17ms, application-code: 162ms)
 POST /management/budget?focus=over 200 in 51ms (next.js: 4ms, proxy.ts: 18ms, application-code: 28ms)
  └─ ƒ getBudgetProgress("2026-06-16") in 18ms src/lib/actions/budget.ts
 POST /management/budget?focus=over 200 in 52ms (next.js: 5ms, proxy.ts: 17ms, application-code: 30ms)
  └─ ƒ getBudgets() in 16ms src/lib/actions/budget.ts
 POST /management/budget?focus=over 200 in 46ms (next.js: 5ms, proxy.ts: 17ms, application-code: 24ms)
  └─ ƒ getCategories() in 13ms src/lib/actions/categories.ts
 POST /management/budget?focus=over 200 in 847ms (next.js: 4ms, proxy.ts: 23ms, application-code: 820ms)
  └─ ƒ getAssets() in 808ms src/lib/actions/assets.ts
 POST /management/budget?focus=over 200 in 519ms (next.js: 5ms, proxy.ts: 13ms, application-code: 501ms)
  └─ ƒ getTransactions() in 489ms src/lib/actions/ledger.ts
 GET /management/budget?focus=create 200 in 138ms (next.js: 4ms, proxy.ts: 15ms, application-code: 119ms)
 POST /management/budget?focus=create 200 in 46ms (next.js: 4ms, proxy.ts: 15ms, application-code: 28ms)
  └─ ƒ getBudgetProgress("2026-06-16") in 18ms src/lib/actions/budget.ts
 POST /management/budget?focus=create 200 in 58ms (next.js: 4ms, proxy.ts: 27ms, application-code: 27ms)
  └─ ƒ getBudgets() in 16ms src/lib/actions/budget.ts
 POST /management/budget?focus=create 200 in 43ms (next.js: 4ms, proxy.ts: 18ms, application-code: 21ms)
  └─ ƒ getCategories() in 11ms src/lib/actions/categories.ts
 POST /management/budget?focus=create 200 in 825ms (next.js: 4ms, proxy.ts: 15ms, application-code: 806ms)
  └─ ƒ getAssets() in 796ms src/lib/actions/assets.ts
 POST /management/budget?focus=create 200 in 517ms (next.js: 4ms, proxy.ts: 14ms, application-code: 499ms)
  └─ ƒ getTransactions() in 489ms src/lib/actions/ledger.ts
 GET /management/assets?focus=liquidity 200 in 980ms (next.js: 798ms, proxy.ts: 15ms, application-code: 167ms)
 POST /management/assets?focus=liquidity 200 in 841ms (next.js: 4ms, proxy.ts: 16ms, application-code: 821ms)
  └─ ƒ getAssets() in 810ms src/lib/actions/assets.ts
 POST /management/assets?focus=liquidity 200 in 543ms (next.js: 8ms, proxy.ts: 17ms, application-code: 517ms)
  └─ ƒ getTransactions() in 502ms src/lib/actions/ledger.ts
 POST /management/assets?focus=liquidity 200 in 6.5s (next.js: 5ms, proxy.ts: 16ms, application-code: 6.5s)
  └─ ƒ refreshMyPrices() in 6466ms src/lib/actions/assets.ts
 POST /management/assets?focus=liquidity 200 in 829ms (next.js: 4ms, proxy.ts: 16ms, application-code: 810ms)
  └─ ƒ getAssets() in 782ms src/lib/actions/assets.ts
 GET /management/assets?focus=prices 200 in 222ms (next.js: 13ms, proxy.ts: 35ms, application-code: 174ms)
 POST /management/assets?focus=prices 200 in 844ms (next.js: 6ms, proxy.ts: 16ms, application-code: 821ms)
  └─ ƒ getAssets() in 801ms src/lib/actions/assets.ts
 POST /management/assets?focus=prices 200 in 617ms (next.js: 15ms, proxy.ts: 24ms, application-code: 578ms)
  └─ ƒ getTransactions() in 547ms src/lib/actions/ledger.ts
 GET /login 200 in 102ms (next.js: 5ms, proxy.ts: 12ms, application-code: 85ms)
 GET /login 200 in 108ms (next.js: 10ms, proxy.ts: 13ms, application-code: 86ms)
[31m[auth][error][0m CredentialsSignin: Read more at https://errors.authjs.dev#credentialssignin
    at Module.callback (/home/kyrie/workspace/elevate-life/.next/dev/server/chunks/ssr/[root-of-the-server]__0xu2a9.._.js:13161:30)
    at async AuthInternal (/home/kyrie/workspace/elevate-life/.next/dev/server/chunks/ssr/[root-of-the-server]__0xu2a9.._.js:14009:24)
    at async Auth (/home/kyrie/workspace/elevate-life/.next/dev/server/chunks/ssr/[root-of-the-server]__0xu2a9.._.js:14231:34)
    at async signIn (/home/kyrie/workspace/elevate-life/.next/dev/server/chunks/ssr/[root-of-the-server]__0xu2a9.._.js:22450:17)
    at async loginUser (/home/kyrie/workspace/elevate-life/.next/dev/server/chunks/ssr/[root-of-the-server]__0oek-bz._.js:299:9)
    at async executeActionAndPrepareForRender (/home/kyrie/workspace/elevate-life/node_modules/next/dist/compiled/next-server/app-page-turbo.runtime.dev.js:64:5248)
    at async /home/kyrie/workspace/elevate-life/node_modules/next/dist/compiled/next-server/app-page-turbo.runtime.dev.js:64:1986
    at async handleAction (/home/kyrie/workspace/elevate-life/node_modules/next/dist/compiled/next-server/app-page-turbo.runtime.dev.js:62:25386)
    at async renderToHTMLOrFlightImpl (/home/kyrie/workspace/elevate-life/node_modules/next/dist/compiled/next-server/app-page-turbo.runtime.dev.js:69:55695)
    at async doRender (/home/kyrie/workspace/elevate-life/.next/dev/server/chunks/ssr/node_modules_09nv8qm._.js:4538:28)
    at async AppPageRouteModule.handleResponse (/home/kyrie/workspace/elevate-life/node_modules/next/dist/compiled/next-server/app-page-turbo.runtime.dev.js:71:66429)
    at async handleResponse (/home/kyrie/workspace/elevate-life/.next/dev/server/chunks/ssr/node_modules_09nv8qm._.js:4849:32)
    at async Module.handler (/home/kyrie/workspace/elevate-life/.next/dev/server/chunks/ssr/node_modules_09nv8qm._.js:5255:20)
    at async DevServer.renderToResponseWithComponentsImpl (/home/kyrie/workspace/elevate-life/node_modules/next/dist/server/base-server.js:1462:9)
    at async DevServer.renderPageComponent (/home/kyrie/workspace/elevate-life/node_modules/next/dist/server/base-server.js:1514:24)
    at async DevServer.renderToResponseImpl (/home/kyrie/workspace/elevate-life/node_modules/next/dist/server/base-server.js:1564:32)
    at async DevServer.pipeImpl (/home/kyrie/workspace/elevate-life/node_modules/next/dist/server/base-server.js:1044:25)
    at async NextNodeServer.handleCatchallRenderRequest (/home/kyrie/workspace/elevate-life/node_modules/next/dist/server/next-server.js:338:17)
    at async DevServer.handleRequestImpl (/home/kyrie/workspace/elevate-life/node_modules/next/dist/server/base-server.js:935:17)
    at async /home/kyrie/workspace/elevate-life/node_modules/next/dist/server/dev/next-dev-server.js:394:20
    at async Span.traceAsyncFn (/home/kyrie/workspace/elevate-life/node_modules/next/dist/trace/trace.js:164:20)
    at async DevServer.handleRequest (/home/kyrie/workspace/elevate-life/node_modules/next/dist/server/dev/next-dev-server.js:390:24)
    at async invokeRender (/home/kyrie/workspace/elevate-life/node_modules/next/dist/server/lib/router-server.js:266:21)
    at async handleRequest (/home/kyrie/workspace/elevate-life/node_modules/next/dist/server/lib/router-server.js:465:24)
    at async requestHandlerImpl (/home/kyrie/workspace/elevate-life/node_modules/next/dist/server/lib/router-server.js:514:13)
    at async Server.requestListener (/home/kyrie/workspace/elevate-life/node_modules/next/dist/server/lib/start-server.js:225:13)
 POST /login 200 in 37ms (next.js: 8ms, proxy.ts: 11ms, application-code: 18ms)
  └─ ƒ loginUser("", "") in 6ms src/lib/actions/auth.ts
 GET /login 200 in 107ms (next.js: 5ms, proxy.ts: 18ms, application-code: 85ms)
 GET /login 200 in 104ms (next.js: 9ms, proxy.ts: 15ms, application-code: 81ms)
 POST /login 200 in 441ms (next.js: 6ms, proxy.ts: 10ms, application-code: 426ms)
  └─ ƒ loginUser("demo", "demo123") in 385ms src/lib/actions/auth.ts
 GET / 200 in 118ms (next.js: 5ms, proxy.ts: 18ms, application-code: 96ms)
 GET / 200 in 184ms (next.js: 12ms, proxy.ts: 29ms, application-code: 144ms)
 POST / 200 in 835ms (next.js: 5ms, proxy.ts: 17ms, application-code: 812ms)
  └─ ƒ getAssets() in 799ms src/lib/actions/assets.ts
 POST / 200 in 367ms (next.js: 4ms, proxy.ts: 16ms, application-code: 347ms)
  └─ ƒ getLiabilities() in 338ms src/lib/actions/liabilities.ts
 POST / 200 in 561ms (next.js: 4ms, proxy.ts: 16ms, application-code: 540ms)
  └─ ƒ getTransactions() in 525ms src/lib/actions/ledger.ts
 POST / 200 in 48ms (next.js: 4ms, proxy.ts: 15ms, application-code: 29ms)
  └─ ƒ getAutoForecast(12) in 17ms src/lib/actions/forecast.ts
 POST / 200 in 49ms (next.js: 5ms, proxy.ts: 13ms, application-code: 31ms)
  └─ ƒ getBudgetProgress("2026-06-16") in 19ms src/lib/actions/budget.ts
 POST / 200 in 61ms (next.js: 4ms, proxy.ts: 24ms, application-code: 32ms)
  └─ ƒ getGoals() in 21ms src/lib/actions/goals.ts
 POST / 200 in 46ms (next.js: 4ms, proxy.ts: 17ms, application-code: 25ms)
  └─ ƒ simulateCashflow({"monthlyExpense":"25613.00","monthlyIncome":"30668.67","months":12}) in 15ms src/lib/actions/forecast.ts
[browser] [ECharts] Can't get DOM width or height. Please check dom.clientWidth and dom.clientHeight. They should not be 0.For example, you may need to call this in the callback of window.onload. (<anonymous>)
[browser] [ECharts] Can't get DOM width or height. Please check dom.clientWidth and dom.clientHeight. They should not be 0.For example, you may need to call this in the callback of window.onload. (<anonymous>)
 GET /login 200 in 126ms (next.js: 9ms, proxy.ts: 21ms, application-code: 96ms)
 GET /login 200 in 115ms (next.js: 10ms, proxy.ts: 16ms, application-code: 89ms)
[31m[auth][error][0m CredentialsSignin: Read more at https://errors.authjs.dev#credentialssignin
    at Module.callback (/home/kyrie/workspace/elevate-life/.next/dev/server/chunks/ssr/[root-of-the-server]__0xu2a9.._.js:13161:30)
    at async AuthInternal (/home/kyrie/workspace/elevate-life/.next/dev/server/chunks/ssr/[root-of-the-server]__0xu2a9.._.js:14009:24)
    at async Auth (/home/kyrie/workspace/elevate-life/.next/dev/server/chunks/ssr/[root-of-the-server]__0xu2a9.._.js:14231:34)
    at async signIn (/home/kyrie/workspace/elevate-life/.next/dev/server/chunks/ssr/[root-of-the-server]__0xu2a9.._.js:22450:17)
    at async loginUser (/home/kyrie/workspace/elevate-life/.next/dev/server/chunks/ssr/[root-of-the-server]__0oek-bz._.js:299:9)
    at async executeActionAndPrepareForRender (/home/kyrie/workspace/elevate-life/node_modules/next/dist/compiled/next-server/app-page-turbo.runtime.dev.js:64:5248)
    at async /home/kyrie/workspace/elevate-life/node_modules/next/dist/compiled/next-server/app-page-turbo.runtime.dev.js:64:1986
    at async handleAction (/home/kyrie/workspace/elevate-life/node_modules/next/dist/compiled/next-server/app-page-turbo.runtime.dev.js:62:25386)
    at async renderToHTMLOrFlightImpl (/home/kyrie/workspace/elevate-life/node_modules/next/dist/compiled/next-server/app-page-turbo.runtime.dev.js:69:55695)
    at async doRender (/home/kyrie/workspace/elevate-life/.next/dev/server/chunks/ssr/node_modules_09nv8qm._.js:4538:28)
    at async AppPageRouteModule.handleResponse (/home/kyrie/workspace/elevate-life/node_modules/next/dist/compiled/next-server/app-page-turbo.runtime.dev.js:71:66429)
    at async handleResponse (/home/kyrie/workspace/elevate-life/.next/dev/server/chunks/ssr/node_modules_09nv8qm._.js:4849:32)
    at async Module.handler (/home/kyrie/workspace/elevate-life/.next/dev/server/chunks/ssr/node_modules_09nv8qm._.js:5255:20)
    at async DevServer.renderToResponseWithComponentsImpl (/home/kyrie/workspace/elevate-life/node_modules/next/dist/server/base-server.js:1462:9)
    at async DevServer.renderPageComponent (/home/kyrie/workspace/elevate-life/node_modules/next/dist/server/base-server.js:1514:24)
    at async DevServer.renderToResponseImpl (/home/kyrie/workspace/elevate-life/node_modules/next/dist/server/base-server.js:1564:32)
    at async DevServer.pipeImpl (/home/kyrie/workspace/elevate-life/node_modules/next/dist/server/base-server.js:1044:25)
    at async NextNodeServer.handleCatchallRenderRequest (/home/kyrie/workspace/elevate-life/node_modules/next/dist/server/next-server.js:338:17)
    at async DevServer.handleRequestImpl (/home/kyrie/workspace/elevate-life/node_modules/next/dist/server/base-server.js:935:17)
    at async /home/kyrie/workspace/elevate-life/node_modules/next/dist/server/dev/next-dev-server.js:394:20
    at async Span.traceAsyncFn (/home/kyrie/workspace/elevate-life/node_modules/next/dist/trace/trace.js:164:20)
    at async DevServer.handleRequest (/home/kyrie/workspace/elevate-life/node_modules/next/dist/server/dev/next-dev-server.js:390:24)
    at async invokeRender (/home/kyrie/workspace/elevate-life/node_modules/next/dist/server/lib/router-server.js:266:21)
    at async handleRequest (/home/kyrie/workspace/elevate-life/node_modules/next/dist/server/lib/router-server.js:465:24)
    at async requestHandlerImpl (/home/kyrie/workspace/elevate-life/node_modules/next/dist/server/lib/router-server.js:514:13)
    at async Server.requestListener (/home/kyrie/workspace/elevate-life/node_modules/next/dist/server/lib/start-server.js:225:13)
 POST /login 200 in 35ms (next.js: 5ms, proxy.ts: 13ms, application-code: 17ms)
  └─ ƒ loginUser("", "") in 5ms src/lib/actions/auth.ts
 GET /login 200 in 102ms (next.js: 5ms, proxy.ts: 12ms, application-code: 85ms)
 POST /login 200 in 463ms (next.js: 4ms, proxy.ts: 13ms, application-code: 446ms)
  └─ ƒ loginUser("demo", "demo123") in 406ms src/lib/actions/auth.ts
 GET / 200 in 119ms (next.js: 6ms, proxy.ts: 22ms, application-code: 92ms)
 GET / 200 in 147ms (next.js: 10ms, proxy.ts: 37ms, application-code: 100ms)
 POST / 200 in 861ms (next.js: 5ms, proxy.ts: 36ms, application-code: 821ms)
  └─ ƒ getAssets() in 806ms src/lib/actions/assets.ts
 POST / 200 in 358ms (next.js: 9ms, proxy.ts: 16ms, application-code: 333ms)
  └─ ƒ getLiabilities() in 324ms src/lib/actions/liabilities.ts
 POST / 200 in 557ms (next.js: 5ms, proxy.ts: 16ms, application-code: 537ms)
  └─ ƒ getTransactions() in 525ms src/lib/actions/ledger.ts
 POST / 200 in 57ms (next.js: 7ms, proxy.ts: 22ms, application-code: 28ms)
  └─ ƒ getAutoForecast(12) in 16ms src/lib/actions/forecast.ts
 POST / 200 in 55ms (next.js: 5ms, proxy.ts: 18ms, application-code: 33ms)
  └─ ƒ getBudgetProgress("2026-06-16") in 22ms src/lib/actions/budget.ts
 POST / 200 in 47ms (next.js: 4ms, proxy.ts: 19ms, application-code: 24ms)
  └─ ƒ getGoals() in 14ms src/lib/actions/goals.ts
 POST / 200 in 48ms (next.js: 4ms, proxy.ts: 20ms, application-code: 24ms)
  └─ ƒ simulateCashflow({"monthlyExpense":"25613.00","monthlyIncome":"30668.67","months":12}) in 14ms src/lib/actions/forecast.ts
[browser] [ECharts] Can't get DOM width or height. Please check dom.clientWidth and dom.clientHeight. They should not be 0.For example, you may need to call this in the callback of window.onload. (<anonymous>)
[browser] [ECharts] Can't get DOM width or height. Please check dom.clientWidth and dom.clientHeight. They should not be 0.For example, you may need to call this in the callback of window.onload. (<anonymous>)
 GET /management/ledger?focus=create 200 in 166ms (next.js: 5ms, proxy.ts: 15ms, application-code: 146ms)
 POST /management/ledger?focus=create 200 in 519ms (next.js: 5ms, proxy.ts: 15ms, application-code: 499ms)
  └─ ƒ getTransactions() in 487ms src/lib/actions/ledger.ts
 POST /management/ledger?focus=create 200 in 840ms (next.js: 7ms, proxy.ts: 16ms, application-code: 818ms)
  └─ ƒ getAssets() in 806ms src/lib/actions/assets.ts
 POST /management/ledger?focus=create 200 in 51ms (next.js: 4ms, proxy.ts: 16ms, application-code: 31ms)
  └─ ƒ getCategories() in 16ms src/lib/actions/categories.ts
 GET /management/budget?focus=over 200 in 185ms (next.js: 5ms, proxy.ts: 17ms, application-code: 163ms)
 POST /management/budget?focus=over 200 in 72ms (next.js: 8ms, proxy.ts: 20ms, application-code: 44ms)
  └─ ƒ getBudgetProgress("2026-06-16") in 32ms src/lib/actions/budget.ts
 POST /management/budget?focus=over 200 in 40ms (next.js: 4ms, proxy.ts: 15ms, application-code: 21ms)
  └─ ƒ getBudgets() in 12ms src/lib/actions/budget.ts
 POST /management/budget?focus=over 200 in 64ms (next.js: 6ms, proxy.ts: 33ms, application-code: 25ms)
  └─ ƒ getCategories() in 12ms src/lib/actions/categories.ts
 POST /management/budget?focus=over 200 in 813ms (next.js: 6ms, proxy.ts: 16ms, application-code: 792ms)
  └─ ƒ getAssets() in 780ms src/lib/actions/assets.ts
 POST /management/budget?focus=over 200 in 506ms (next.js: 6ms, proxy.ts: 13ms, application-code: 488ms)
  └─ ƒ getTransactions() in 474ms src/lib/actions/ledger.ts
 GET /management/budget?focus=create 200 in 144ms (next.js: 5ms, proxy.ts: 15ms, application-code: 123ms)
 POST /management/budget?focus=create 200 in 42ms (next.js: 5ms, proxy.ts: 13ms, application-code: 24ms)
  └─ ƒ getBudgetProgress("2026-06-16") in 15ms src/lib/actions/budget.ts
 POST /management/budget?focus=create 200 in 49ms (next.js: 4ms, proxy.ts: 14ms, application-code: 30ms)
  └─ ƒ getBudgets() in 17ms src/lib/actions/budget.ts
 POST /management/budget?focus=create 200 in 43ms (next.js: 4ms, proxy.ts: 16ms, application-code: 23ms)
  └─ ƒ getCategories() in 13ms src/lib/actions/categories.ts
 POST /management/budget?focus=create 200 in 866ms (next.js: 4ms, proxy.ts: 15ms, application-code: 847ms)
  └─ ƒ getAssets() in 824ms src/lib/actions/assets.ts
 POST /management/budget?focus=create 200 in 549ms (next.js: 7ms, proxy.ts: 25ms, application-code: 516ms)
  └─ ƒ getTransactions() in 501ms src/lib/actions/ledger.ts
 GET /management/assets?focus=liquidity 200 in 151ms (next.js: 5ms, proxy.ts: 15ms, application-code: 131ms)
 POST /management/assets?focus=liquidity 200 in 837ms (next.js: 4ms, proxy.ts: 16ms, application-code: 817ms)
  └─ ƒ getAssets() in 806ms src/lib/actions/assets.ts
 POST /management/assets?focus=liquidity 200 in 522ms (next.js: 5ms, proxy.ts: 20ms, application-code: 497ms)
  └─ ƒ getTransactions() in 487ms src/lib/actions/ledger.ts
 GET /management/assets?focus=prices 200 in 140ms (next.js: 4ms, proxy.ts: 15ms, application-code: 121ms)
 POST /management/assets?focus=prices 200 in 840ms (next.js: 4ms, proxy.ts: 23ms, application-code: 814ms)
  └─ ƒ getAssets() in 804ms src/lib/actions/assets.ts
 POST /management/assets?focus=prices 200 in 527ms (next.js: 5ms, proxy.ts: 19ms, application-code: 503ms)
  └─ ƒ getTransactions() in 490ms src/lib/actions/ledger.ts
✓ Compiled in 137ms
 GET /login 200 in 73ms (next.js: 6ms, proxy.ts: 15ms, application-code: 52ms)
 GET /login 200 in 130ms (next.js: 6ms, proxy.ts: 10ms, application-code: 114ms)
 GET /login 200 in 103ms (next.js: 5ms, proxy.ts: 9ms, application-code: 89ms)
 GET /login 200 in 90ms (next.js: 4ms, proxy.ts: 10ms, application-code: 76ms)
 GET /login 200 in 96ms (next.js: 9ms, proxy.ts: 9ms, application-code: 77ms)
 GET /login 200 in 112ms (next.js: 5ms, proxy.ts: 7ms, application-code: 99ms)
  Reload env: .env
✓ Compiled in 148ms
 GET /login 200 in 485ms (next.js: 227ms, proxy.ts: 199ms, application-code: 59ms)
 GET /login 200 in 264ms (next.js: 6ms, proxy.ts: 17ms, application-code: 241ms)
 GET /login 200 in 93ms (next.js: 4ms, proxy.ts: 7ms, application-code: 82ms)
 GET /login 200 in 101ms (next.js: 4ms, proxy.ts: 13ms, application-code: 84ms)
 POST /login 200 in 535ms (next.js: 4ms, proxy.ts: 10ms, application-code: 521ms)
  └─ ƒ loginUser("demo", "demo123") in 423ms src/lib/actions/auth.ts
 GET / 200 in 334ms (next.js: 121ms, proxy.ts: 30ms, application-code: 182ms)
 GET / 200 in 165ms (next.js: 7ms, proxy.ts: 48ms, application-code: 109ms)
 POST / 200 in 96ms (next.js: 4ms, proxy.ts: 25ms, application-code: 68ms)
  └─ ƒ getAssets() in 33ms src/lib/actions/assets.ts
 POST / 200 in 46ms (next.js: 5ms, proxy.ts: 15ms, application-code: 26ms)
  └─ ƒ getLiabilities() in 14ms src/lib/actions/liabilities.ts
 POST / 200 in 94ms (next.js: 6ms, proxy.ts: 21ms, application-code: 67ms)
  └─ ƒ getTransactions() in 50ms src/lib/actions/ledger.ts
 POST / 200 in 68ms (next.js: 6ms, proxy.ts: 18ms, application-code: 44ms)
  └─ ƒ getAutoForecast(12) in 29ms src/lib/actions/forecast.ts
 POST / 200 in 63ms (next.js: 5ms, proxy.ts: 23ms, application-code: 35ms)
  └─ ƒ getBudgetProgress("2026-06-16") in 24ms src/lib/actions/budget.ts
 POST / 200 in 48ms (next.js: 4ms, proxy.ts: 17ms, application-code: 26ms)
  └─ ƒ getGoals() in 17ms src/lib/actions/goals.ts
 POST / 200 in 43ms (next.js: 5ms, proxy.ts: 18ms, application-code: 20ms)
  └─ ƒ simulateCashflow({"monthlyExpense":"10307.50","monthlyIncome":"32680.00","months":12}) in 11ms src/lib/actions/forecast.ts
[browser] [ECharts] Can't get DOM width or height. Please check dom.clientWidth and dom.clientHeight. They should not be 0.For example, you may need to call this in the callback of window.onload. (<anonymous>)
[browser] [ECharts] Can't get DOM width or height. Please check dom.clientWidth and dom.clientHeight. They should not be 0.For example, you may need to call this in the callback of window.onload. (<anonymous>)
 POST / 200 in 4.7s (next.js: 5ms, proxy.ts: 20ms, application-code: 4.7s)
  └─ ƒ refreshMyPrices() in 4705ms src/lib/actions/assets.ts
 POST / 200 in 4.0s (next.js: 4ms, proxy.ts: 13ms, application-code: 4.0s)
  └─ ƒ refreshMyPrices() in 3972ms src/lib/actions/assets.ts
 POST / 200 in 46ms (next.js: 5ms, proxy.ts: 16ms, application-code: 25ms)
  └─ ƒ getAssets() in 15ms src/lib/actions/assets.ts
 POST / 200 in 45ms (next.js: 5ms, proxy.ts: 14ms, application-code: 26ms)
  └─ ƒ getAssets() in 16ms src/lib/actions/assets.ts
 GET /login 200 in 40ms (next.js: 9ms, proxy.ts: 14ms, application-code: 18ms)
 HEAD /login 200 in 111ms (next.js: 6ms, proxy.ts: 7ms, application-code: 98ms)
 GET /login 200 in 110ms (next.js: 5ms, proxy.ts: 17ms, application-code: 88ms)
 GET /login 200 in 93ms (next.js: 4ms, proxy.ts: 14ms, application-code: 74ms)
 GET /login 200 in 107ms (next.js: 5ms, proxy.ts: 7ms, application-code: 96ms)
 POST /login 200 in 490ms (next.js: 5ms, proxy.ts: 13ms, application-code: 471ms)
  └─ ƒ loginUser("demo", "demo123") in 409ms src/lib/actions/auth.ts
 GET / 200 in 121ms (next.js: 6ms, proxy.ts: 22ms, application-code: 94ms)
 GET / 200 in 144ms (next.js: 6ms, proxy.ts: 34ms, application-code: 103ms)
 POST / 200 in 63ms (next.js: 4ms, proxy.ts: 33ms, application-code: 26ms)
  └─ ƒ getAssets() in 17ms src/lib/actions/assets.ts
 POST / 200 in 51ms (next.js: 5ms, proxy.ts: 15ms, application-code: 31ms)
  └─ ƒ getLiabilities() in 16ms src/lib/actions/liabilities.ts
 POST / 200 in 93ms (next.js: 5ms, proxy.ts: 18ms, application-code: 70ms)
  └─ ƒ getTransactions() in 53ms src/lib/actions/ledger.ts
 POST / 200 in 53ms (next.js: 4ms, proxy.ts: 14ms, application-code: 35ms)
  └─ ƒ getAutoForecast(12) in 23ms src/lib/actions/forecast.ts
 POST / 200 in 59ms (next.js: 5ms, proxy.ts: 16ms, application-code: 37ms)
  └─ ƒ getBudgetProgress("2026-06-16") in 26ms src/lib/actions/budget.ts
 POST / 200 in 44ms (next.js: 4ms, proxy.ts: 13ms, application-code: 26ms)
  └─ ƒ getGoals() in 18ms src/lib/actions/goals.ts
 POST / 200 in 64ms (next.js: 7ms, proxy.ts: 27ms, application-code: 30ms)
  └─ ƒ simulateCashflow({"monthlyExpense":"10307.50","monthlyIncome":"32680.00","months":12}) in 18ms src/lib/actions/forecast.ts
[browser] [ECharts] Can't get DOM width or height. Please check dom.clientWidth and dom.clientHeight. They should not be 0.For example, you may need to call this in the callback of window.onload. (<anonymous>)
[browser] [ECharts] Can't get DOM width or height. Please check dom.clientWidth and dom.clientHeight. They should not be 0.For example, you may need to call this in the callback of window.onload. (<anonymous>)
 POST / 200 in 4.2s (next.js: 4ms, proxy.ts: 18ms, application-code: 4.2s)
 GET /login 200 in 81ms (next.js: 3ms, proxy.ts: 10ms, application-code: 67ms)
 GET /login 200 in 100ms (next.js: 5ms, proxy.ts: 14ms, application-code: 82ms)
 POST /login 200 in 460ms (next.js: 4ms, proxy.ts: 10ms, application-code: 446ms)
  └─ ƒ loginUser("demo", "demo123") in 394ms src/lib/actions/auth.ts
 GET / 200 in 121ms (next.js: 8ms, proxy.ts: 14ms, application-code: 99ms)
 GET / 200 in 165ms (next.js: 8ms, proxy.ts: 46ms, application-code: 111ms)
 POST / 200 in 57ms (next.js: 5ms, proxy.ts: 21ms, application-code: 31ms)
  └─ ƒ getAssets() in 21ms src/lib/actions/assets.ts
 POST / 200 in 760ms (next.js: 12ms, proxy.ts: 96ms, application-code: 652ms)
 GET / 200 in 799ms (next.js: 6ms, proxy.ts: 25ms, application-code: 768ms)
⨯ Error: aborted
    at ignore-listed frames {
  code: 'ECONNRESET'
}
 POST / 200 in 54ms (next.js: 5ms, proxy.ts: 15ms, application-code: 34ms)
  └─ ƒ getAssets() in 22ms src/lib/actions/assets.ts
 POST / 200 in 41ms (next.js: 4ms, proxy.ts: 17ms, application-code: 20ms)
  └─ ƒ getLiabilities() in 11ms src/lib/actions/liabilities.ts
 POST / 200 in 83ms (next.js: 4ms, proxy.ts: 13ms, application-code: 66ms)
  └─ ƒ getTransactions() in 51ms src/lib/actions/ledger.ts
 POST / 200 in 61ms (next.js: 4ms, proxy.ts: 21ms, application-code: 36ms)
  └─ ƒ getAutoForecast(12) in 26ms src/lib/actions/forecast.ts
 POST / 200 in 52ms (next.js: 6ms, proxy.ts: 16ms, application-code: 30ms)
  └─ ƒ getBudgetProgress("2026-06-16") in 18ms src/lib/actions/budget.ts
 POST / 200 in 53ms (next.js: 6ms, proxy.ts: 18ms, application-code: 29ms)
  └─ ƒ getGoals() in 17ms src/lib/actions/goals.ts
 POST / 200 in 39ms (next.js: 4ms, proxy.ts: 18ms, application-code: 18ms)
  └─ ƒ simulateCashflow({"monthlyExpense":"10307.50","monthlyIncome":"32680.00","months":12}) in 10ms src/lib/actions/forecast.ts
[browser] [ECharts] Can't get DOM width or height. Please check dom.clientWidth and dom.clientHeight. They should not be 0.For example, you may need to call this in the callback of window.onload. (<anonymous>)
[browser] [ECharts] Can't get DOM width or height. Please check dom.clientWidth and dom.clientHeight. They should not be 0.For example, you may need to call this in the callback of window.onload. (<anonymous>)
 GET /management/assets 200 in 208ms (next.js: 39ms, proxy.ts: 15ms, application-code: 154ms)
 POST /management/assets 200 in 59ms (next.js: 5ms, proxy.ts: 17ms, application-code: 36ms)
  └─ ƒ getAssets() in 21ms src/lib/actions/assets.ts
 POST /management/assets 200 in 54ms (next.js: 5ms, proxy.ts: 21ms, application-code: 28ms)
  └─ ƒ getTransactions() in 18ms src/lib/actions/ledger.ts
 GET /management/ledger 200 in 203ms (next.js: 38ms, proxy.ts: 15ms, application-code: 150ms)
 POST /management/ledger 200 in 67ms (next.js: 4ms, proxy.ts: 27ms, application-code: 36ms)
  └─ ƒ getTransactions() in 21ms src/lib/actions/ledger.ts
 POST /management/ledger 200 in 52ms (next.js: 6ms, proxy.ts: 17ms, application-code: 29ms)
  └─ ƒ getAssets() in 16ms src/lib/actions/assets.ts
 POST /management/ledger 200 in 47ms (next.js: 4ms, proxy.ts: 21ms, application-code: 22ms)
  └─ ƒ getCategories() in 13ms src/lib/actions/categories.ts
 GET /management/budget 200 in 178ms (next.js: 29ms, proxy.ts: 17ms, application-code: 132ms)
 POST /management/budget 200 in 54ms (next.js: 4ms, proxy.ts: 24ms, application-code: 27ms)
  └─ ƒ getBudgetProgress("2026-06-16") in 17ms src/lib/actions/budget.ts
 POST /management/budget 200 in 52ms (next.js: 4ms, proxy.ts: 18ms, application-code: 30ms)
  └─ ƒ getBudgets() in 16ms src/lib/actions/budget.ts
 POST /management/budget 200 in 38ms (next.js: 4ms, proxy.ts: 14ms, application-code: 20ms)
  └─ ƒ getCategories() in 10ms src/lib/actions/categories.ts
 POST /management/budget 200 in 47ms (next.js: 4ms, proxy.ts: 22ms, application-code: 21ms)
  └─ ƒ getAssets() in 12ms src/lib/actions/assets.ts
 POST /management/budget 200 in 63ms (next.js: 6ms, proxy.ts: 18ms, application-code: 39ms)
  └─ ƒ getTransactions() in 17ms src/lib/actions/ledger.ts
 GET /privacy 200 in 98ms (next.js: 26ms, application-code: 72ms)
 GET /login 200 in 87ms (next.js: 5ms, proxy.ts: 8ms, application-code: 74ms)
 POST /login 200 in 437ms (next.js: 4ms, proxy.ts: 11ms, application-code: 421ms)
  └─ ƒ loginUser("demo", "demo123") in 373ms src/lib/actions/auth.ts
 GET / 200 in 116ms (next.js: 5ms, proxy.ts: 15ms, application-code: 95ms)
 GET / 200 in 121ms (next.js: 9ms, proxy.ts: 20ms, application-code: 92ms)
 POST / 200 in 70ms (next.js: 5ms, proxy.ts: 20ms, application-code: 45ms)
  └─ ƒ getAssets() in 29ms src/lib/actions/assets.ts
Error: aborted
    at ignore-listed frames {
  code: 'ECONNRESET'
}
⨯ uncaughtException: Error: aborted
    at ignore-listed frames {
  code: 'ECONNRESET'
}
⨯ uncaughtException:  Error: aborted
    at ignore-listed frames {
  code: 'ECONNRESET'
}
 GET / 200 in 167ms (next.js: 5ms, proxy.ts: 32ms, application-code: 130ms)
 POST / 200 in 42ms (next.js: 4ms, proxy.ts: 15ms, application-code: 23ms)
  └─ ƒ getAssets() in 14ms src/lib/actions/assets.ts
 POST / 200 in 40ms (next.js: 6ms, proxy.ts: 14ms, application-code: 20ms)
  └─ ƒ getLiabilities() in 11ms src/lib/actions/liabilities.ts
 POST / 200 in 44ms (next.js: 4ms, proxy.ts: 12ms, application-code: 28ms)
  └─ ƒ getTransactions() in 17ms src/lib/actions/ledger.ts
 POST / 200 in 37ms (next.js: 4ms, proxy.ts: 14ms, application-code: 19ms)
  └─ ƒ getAutoForecast(12) in 11ms src/lib/actions/forecast.ts
 POST / 200 in 43ms (next.js: 4ms, proxy.ts: 15ms, application-code: 24ms)
  └─ ƒ getBudgetProgress("2026-06-16") in 15ms src/lib/actions/budget.ts
 POST / 200 in 46ms (next.js: 5ms, proxy.ts: 15ms, application-code: 25ms)
  └─ ƒ getGoals() in 14ms src/lib/actions/goals.ts
 POST / 200 in 44ms (next.js: 4ms, proxy.ts: 22ms, application-code: 19ms)
  └─ ƒ simulateCashflow({"monthlyExpense":"10307.50","monthlyIncome":"32680.00","months":12}) in 9ms src/lib/actions/forecast.ts
[browser] [ECharts] Can't get DOM width or height. Please check dom.clientWidth and dom.clientHeight. They should not be 0.For example, you may need to call this in the callback of window.onload. (<anonymous>)
[browser] [ECharts] Can't get DOM width or height. Please check dom.clientWidth and dom.clientHeight. They should not be 0.For example, you may need to call this in the callback of window.onload. (<anonymous>)
 GET /management/assets 200 in 134ms (next.js: 4ms, proxy.ts: 19ms, application-code: 111ms)
 POST /management/assets 200 in 38ms (next.js: 4ms, proxy.ts: 12ms, application-code: 22ms)
  └─ ƒ getAssets() in 12ms src/lib/actions/assets.ts
 POST /management/assets 200 in 54ms (next.js: 5ms, proxy.ts: 16ms, application-code: 33ms)
  └─ ƒ getTransactions() in 21ms src/lib/actions/ledger.ts
 GET /management/ledger 200 in 130ms (next.js: 4ms, proxy.ts: 11ms, application-code: 116ms)
 POST /management/ledger 200 in 53ms (next.js: 4ms, proxy.ts: 14ms, application-code: 35ms)
  └─ ƒ getTransactions() in 24ms src/lib/actions/ledger.ts
 POST /management/ledger 200 in 43ms (next.js: 4ms, proxy.ts: 15ms, application-code: 25ms)
  └─ ƒ getAssets() in 15ms src/lib/actions/assets.ts
 POST /management/ledger 200 in 44ms (next.js: 4ms, proxy.ts: 16ms, application-code: 24ms)
  └─ ƒ getCategories() in 13ms src/lib/actions/categories.ts
 GET /management/budget 200 in 171ms (next.js: 4ms, proxy.ts: 13ms, application-code: 154ms)
 POST /management/budget 200 in 56ms (next.js: 7ms, proxy.ts: 15ms, application-code: 34ms)
  └─ ƒ getBudgetProgress("2026-06-16") in 17ms src/lib/actions/budget.ts
 POST /management/budget 200 in 53ms (next.js: 5ms, proxy.ts: 23ms, application-code: 25ms)
  └─ ƒ getBudgets() in 13ms src/lib/actions/budget.ts
 POST /management/budget 200 in 49ms (next.js: 6ms, proxy.ts: 18ms, application-code: 26ms)
  └─ ƒ getCategories() in 15ms src/lib/actions/categories.ts
 POST /management/budget 200 in 47ms (next.js: 4ms, proxy.ts: 21ms, application-code: 21ms)
  └─ ƒ getAssets() in 12ms src/lib/actions/assets.ts
 POST /management/budget 200 in 53ms (next.js: 7ms, proxy.ts: 18ms, application-code: 28ms)
  └─ ƒ getTransactions() in 15ms src/lib/actions/ledger.ts
 GET /privacy 200 in 83ms (next.js: 6ms, application-code: 78ms)
 GET /login 200 in 96ms (next.js: 5ms, proxy.ts: 8ms, application-code: 84ms)
 GET /login 200 in 26ms (next.js: 5ms, proxy.ts: 11ms, application-code: 11ms)
 POST /login 200 in 435ms (next.js: 4ms, proxy.ts: 12ms, application-code: 419ms)
  └─ ƒ loginUser("demo", "demo123") in 379ms src/lib/actions/auth.ts
 GET / 200 in 110ms (next.js: 4ms, proxy.ts: 18ms, application-code: 88ms)
 GET / 200 in 133ms (next.js: 6ms, proxy.ts: 36ms, application-code: 91ms)
 POST / 200 in 135ms (next.js: 6ms, proxy.ts: 23ms, application-code: 107ms)
  └─ ƒ getAssets() in 91ms src/lib/actions/assets.ts
 GET / 200 in 180ms (next.js: 6ms, proxy.ts: 26ms, application-code: 147ms)
 POST / 200 in 45ms (next.js: 4ms, proxy.ts: 19ms, application-code: 21ms)
  └─ ƒ getAssets() in 12ms src/lib/actions/assets.ts
 POST / 200 in 43ms (next.js: 4ms, proxy.ts: 18ms, application-code: 21ms)
  └─ ƒ getLiabilities() in 13ms src/lib/actions/liabilities.ts
 POST / 200 in 43ms (next.js: 4ms, proxy.ts: 17ms, application-code: 22ms)
  └─ ƒ getTransactions() in 14ms src/lib/actions/ledger.ts
 POST / 200 in 50ms (next.js: 5ms, proxy.ts: 13ms, application-code: 31ms)
  └─ ƒ getAutoForecast(12) in 14ms src/lib/actions/forecast.ts
 POST / 200 in 51ms (next.js: 6ms, proxy.ts: 16ms, application-code: 30ms)
  └─ ƒ getBudgetProgress("2026-06-16") in 16ms src/lib/actions/budget.ts
 POST / 200 in 43ms (next.js: 4ms, proxy.ts: 15ms, application-code: 24ms)
  └─ ƒ getGoals() in 15ms src/lib/actions/goals.ts
 POST / 200 in 37ms (next.js: 4ms, proxy.ts: 14ms, application-code: 19ms)
  └─ ƒ simulateCashflow({"monthlyExpense":"10307.50","monthlyIncome":"32680.00","months":12}) in 10ms src/lib/actions/forecast.ts
[browser] [ECharts] Can't get DOM width or height. Please check dom.clientWidth and dom.clientHeight. They should not be 0.For example, you may need to call this in the callback of window.onload. (<anonymous>)
[browser] [ECharts] Can't get DOM width or height. Please check dom.clientWidth and dom.clientHeight. They should not be 0.For example, you may need to call this in the callback of window.onload. (<anonymous>)
 GET /management/assets 200 in 133ms (next.js: 4ms, proxy.ts: 14ms, application-code: 116ms)
 POST /management/assets 200 in 50ms (next.js: 4ms, proxy.ts: 16ms, application-code: 31ms)
  └─ ƒ getAssets() in 22ms src/lib/actions/assets.ts
 POST /management/assets 200 in 49ms (next.js: 5ms, proxy.ts: 18ms, application-code: 25ms)
  └─ ƒ getTransactions() in 16ms src/lib/actions/ledger.ts
 GET /management/ledger 200 in 134ms (next.js: 4ms, proxy.ts: 13ms, application-code: 117ms)
 POST /management/ledger 200 in 44ms (next.js: 4ms, proxy.ts: 14ms, application-code: 25ms)
  └─ ƒ getTransactions() in 15ms src/lib/actions/ledger.ts
 POST /management/ledger 200 in 52ms (next.js: 5ms, proxy.ts: 17ms, application-code: 30ms)
  └─ ƒ getAssets() in 19ms src/lib/actions/assets.ts
 POST /management/ledger 200 in 52ms (next.js: 4ms, proxy.ts: 15ms, application-code: 33ms)
  └─ ƒ getCategories() in 22ms src/lib/actions/categories.ts
 GET /management/budget 200 in 136ms (next.js: 5ms, proxy.ts: 15ms, application-code: 116ms)
 POST /management/budget 200 in 44ms (next.js: 4ms, proxy.ts: 15ms, application-code: 25ms)
  └─ ƒ getBudgetProgress("2026-06-16") in 17ms src/lib/actions/budget.ts
 POST /management/budget 200 in 47ms (next.js: 4ms, proxy.ts: 20ms, application-code: 23ms)
  └─ ƒ getBudgets() in 14ms src/lib/actions/budget.ts
 POST /management/budget 200 in 48ms (next.js: 6ms, proxy.ts: 20ms, application-code: 23ms)
  └─ ƒ getCategories() in 11ms src/lib/actions/categories.ts
 POST /management/budget 200 in 58ms (next.js: 4ms, proxy.ts: 23ms, application-code: 30ms)
  └─ ƒ getAssets() in 17ms src/lib/actions/assets.ts
 POST /management/budget 200 in 55ms (next.js: 5ms, proxy.ts: 19ms, application-code: 30ms)
  └─ ƒ getTransactions() in 15ms src/lib/actions/ledger.ts
 GET /privacy 200 in 79ms (next.js: 5ms, application-code: 74ms)
✓ Compiled in 76ms
✓ Compiled in 103ms
✓ Compiled in 302ms
 GET /login 200 in 145ms (next.js: 9ms, proxy.ts: 24ms, application-code: 112ms)
 POST /login 200 in 464ms (next.js: 5ms, proxy.ts: 8ms, application-code: 450ms)
  └─ ƒ loginUser("demo", "demo123") in 404ms src/lib/actions/auth.ts
 GET / 200 in 126ms (next.js: 12ms, proxy.ts: 17ms, application-code: 96ms)
 GET / 200 in 148ms (next.js: 10ms, proxy.ts: 34ms, application-code: 105ms)
 POST / 200 in 76ms (next.js: 6ms, proxy.ts: 37ms, application-code: 33ms)
  └─ ƒ getAssets() in 21ms src/lib/actions/assets.ts
 POST / 200 in 175ms (next.js: 8ms, proxy.ts: 28ms, application-code: 140ms)
  └─ ƒ getLiabilities() in 121ms src/lib/actions/liabilities.ts
⨯ Error: aborted
    at ignore-listed frames {
  code: 'ECONNRESET'
}
 GET / 200 in 226ms (next.js: 13ms, proxy.ts: 20ms, application-code: 193ms)
⨯ Error: aborted
    at ignore-listed frames {
  code: 'ECONNRESET'
}
 POST / 200 in 65ms (next.js: 11ms, proxy.ts: 16ms, application-code: 38ms)
  └─ ƒ getAssets() in 21ms src/lib/actions/assets.ts
 POST / 200 in 54ms (next.js: 6ms, proxy.ts: 18ms, application-code: 30ms)
  └─ ƒ getLiabilities() in 17ms src/lib/actions/liabilities.ts
 POST / 200 in 140ms (next.js: 6ms, proxy.ts: 19ms, application-code: 115ms)
  └─ ƒ getTransactions() in 103ms src/lib/actions/ledger.ts
 POST / 200 in 41ms (next.js: 5ms, proxy.ts: 15ms, application-code: 21ms)
  └─ ƒ getAutoForecast(12) in 12ms src/lib/actions/forecast.ts
 POST / 200 in 46ms (next.js: 4ms, proxy.ts: 14ms, application-code: 28ms)
  └─ ƒ getBudgetProgress("2026-06-16") in 19ms src/lib/actions/budget.ts
 POST / 200 in 44ms (next.js: 4ms, proxy.ts: 17ms, application-code: 23ms)
  └─ ƒ getGoals() in 14ms src/lib/actions/goals.ts
 POST / 200 in 41ms (next.js: 4ms, proxy.ts: 18ms, application-code: 19ms)
  └─ ƒ simulateCashflow({"monthlyExpense":"10307.50","monthlyIncome":"32680.00","months":12}) in 9ms src/lib/actions/forecast.ts
[browser] [ECharts] Can't get DOM width or height. Please check dom.clientWidth and dom.clientHeight. They should not be 0.For example, you may need to call this in the callback of window.onload. (<anonymous>)
[browser] [ECharts] Can't get DOM width or height. Please check dom.clientWidth and dom.clientHeight. They should not be 0.For example, you may need to call this in the callback of window.onload. (<anonymous>)
 GET /management/assets 200 in 164ms (next.js: 10ms, proxy.ts: 16ms, application-code: 138ms)
 POST /management/assets 200 in 45ms (next.js: 4ms, proxy.ts: 12ms, application-code: 29ms)
  └─ ƒ getAssets() in 16ms src/lib/actions/assets.ts
 POST /management/assets 200 in 56ms (next.js: 4ms, proxy.ts: 17ms, application-code: 35ms)
  └─ ƒ getTransactions() in 21ms src/lib/actions/ledger.ts
 GET /management/ledger 200 in 145ms (next.js: 10ms, proxy.ts: 15ms, application-code: 120ms)
 POST /management/ledger 200 in 47ms (next.js: 4ms, proxy.ts: 11ms, application-code: 31ms)
  └─ ƒ getTransactions() in 20ms src/lib/actions/ledger.ts
 POST /management/ledger 200 in 57ms (next.js: 6ms, proxy.ts: 27ms, application-code: 25ms)
  └─ ƒ getAssets() in 14ms src/lib/actions/assets.ts
 POST /management/ledger 200 in 48ms (next.js: 4ms, proxy.ts: 18ms, application-code: 25ms)
  └─ ƒ getCategories() in 14ms src/lib/actions/categories.ts
 GET /management/budget 200 in 144ms (next.js: 10ms, proxy.ts: 16ms, application-code: 118ms)
 POST /management/budget 200 in 47ms (next.js: 4ms, proxy.ts: 14ms, application-code: 28ms)
  └─ ƒ getBudgetProgress("2026-06-16") in 18ms src/lib/actions/budget.ts
 POST /management/budget 200 in 43ms (next.js: 4ms, proxy.ts: 16ms, application-code: 23ms)
  └─ ƒ getBudgets() in 13ms src/lib/actions/budget.ts
 POST /management/budget 200 in 49ms (next.js: 4ms, proxy.ts: 15ms, application-code: 30ms)
  └─ ƒ getCategories() in 11ms src/lib/actions/categories.ts
 POST /management/budget 200 in 41ms (next.js: 4ms, proxy.ts: 13ms, application-code: 24ms)
  └─ ƒ getAssets() in 13ms src/lib/actions/assets.ts
 POST /management/budget 200 in 55ms (next.js: 6ms, proxy.ts: 14ms, application-code: 35ms)
  └─ ƒ getTransactions() in 20ms src/lib/actions/ledger.ts
 GET /privacy 200 in 91ms (next.js: 10ms, application-code: 81ms)
 GET /login 200 in 79ms (next.js: 6ms, proxy.ts: 8ms, application-code: 65ms)
 POST /login 200 in 439ms (next.js: 4ms, proxy.ts: 21ms, application-code: 414ms)
  └─ ƒ loginUser("demo", "demo123") in 372ms src/lib/actions/auth.ts
 GET / 200 in 111ms (next.js: 5ms, proxy.ts: 18ms, application-code: 88ms)
 GET / 200 in 146ms (next.js: 12ms, proxy.ts: 38ms, application-code: 97ms)
 POST / 200 in 167ms (next.js: 7ms, proxy.ts: 36ms, application-code: 124ms)
  └─ ƒ getAssets() in 91ms src/lib/actions/assets.ts
⨯ Error: aborted
    at ignore-listed frames {
  code: 'ECONNRESET'
}
 GET / 200 in 222ms (next.js: 7ms, proxy.ts: 30ms, application-code: 185ms)
 POST / 200 in 44ms (next.js: 6ms, proxy.ts: 17ms, application-code: 22ms)
  └─ ƒ getAssets() in 12ms src/lib/actions/assets.ts
 POST / 200 in 41ms (next.js: 4ms, proxy.ts: 19ms, application-code: 18ms)
  └─ ƒ getLiabilities() in 11ms src/lib/actions/liabilities.ts
 POST / 200 in 53ms (next.js: 5ms, proxy.ts: 20ms, application-code: 28ms)
  └─ ƒ getTransactions() in 17ms src/lib/actions/ledger.ts
 POST / 200 in 47ms (next.js: 5ms, proxy.ts: 22ms, application-code: 20ms)
  └─ ƒ getAutoForecast(12) in 12ms src/lib/actions/forecast.ts
 POST / 200 in 57ms (next.js: 6ms, proxy.ts: 25ms, application-code: 26ms)
  └─ ƒ getBudgetProgress("2026-06-16") in 15ms src/lib/actions/budget.ts
 POST / 200 in 45ms (next.js: 4ms, proxy.ts: 17ms, application-code: 24ms)
  └─ ƒ getGoals() in 15ms src/lib/actions/goals.ts
 POST / 200 in 45ms (next.js: 6ms, proxy.ts: 20ms, application-code: 20ms)
  └─ ƒ simulateCashflow({"monthlyExpense":"10307.50","monthlyIncome":"32680.00","months":12}) in 9ms src/lib/actions/forecast.ts
[browser] [ECharts] Can't get DOM width or height. Please check dom.clientWidth and dom.clientHeight. They should not be 0.For example, you may need to call this in the callback of window.onload. (<anonymous>)
[browser] [ECharts] Can't get DOM width or height. Please check dom.clientWidth and dom.clientHeight. They should not be 0.For example, you may need to call this in the callback of window.onload. (<anonymous>)
 GET /management/assets 200 in 149ms (next.js: 10ms, proxy.ts: 18ms, application-code: 121ms)
 POST /management/assets 200 in 47ms (next.js: 4ms, proxy.ts: 15ms, application-code: 28ms)
  └─ ƒ getAssets() in 19ms src/lib/actions/assets.ts
 POST /management/assets 200 in 50ms (next.js: 5ms, proxy.ts: 16ms, application-code: 28ms)
  └─ ƒ getTransactions() in 17ms src/lib/actions/ledger.ts
 GET /management/ledger 200 in 140ms (next.js: 4ms, proxy.ts: 15ms, application-code: 121ms)
 POST /management/ledger 200 in 47ms (next.js: 4ms, proxy.ts: 15ms, application-code: 29ms)
  └─ ƒ getTransactions() in 18ms src/lib/actions/ledger.ts
 POST /management/ledger 200 in 51ms (next.js: 5ms, proxy.ts: 16ms, application-code: 30ms)
  └─ ƒ getAssets() in 18ms src/lib/actions/assets.ts
 POST /management/ledger 200 in 52ms (next.js: 4ms, proxy.ts: 13ms, application-code: 35ms)
  └─ ƒ getCategories() in 24ms src/lib/actions/categories.ts
 GET /management/budget 200 in 140ms (next.js: 4ms, proxy.ts: 16ms, application-code: 121ms)
 POST /management/budget 200 in 48ms (next.js: 4ms, proxy.ts: 16ms, application-code: 29ms)
  └─ ƒ getBudgetProgress("2026-06-16") in 20ms src/lib/actions/budget.ts
 POST /management/budget 200 in 44ms (next.js: 4ms, proxy.ts: 19ms, application-code: 22ms)
  └─ ƒ getBudgets() in 13ms src/lib/actions/budget.ts
 POST /management/budget 200 in 65ms (next.js: 6ms, proxy.ts: 32ms, application-code: 26ms)
  └─ ƒ getCategories() in 14ms src/lib/actions/categories.ts
 POST /management/budget 200 in 63ms (next.js: 6ms, proxy.ts: 22ms, application-code: 35ms)
  └─ ƒ getAssets() in 14ms src/lib/actions/assets.ts
 POST /management/budget 200 in 49ms (next.js: 4ms, proxy.ts: 20ms, application-code: 25ms)
  └─ ƒ getTransactions() in 16ms src/lib/actions/ledger.ts
 GET /privacy 200 in 74ms (next.js: 6ms, application-code: 68ms)
 GET /login 200 in 73ms (next.js: 5ms, proxy.ts: 7ms, application-code: 61ms)
 POST /login 200 in 432ms (next.js: 4ms, proxy.ts: 11ms, application-code: 417ms)
  └─ ƒ loginUser("demo", "demo123") in 374ms src/lib/actions/auth.ts
 GET / 200 in 94ms (next.js: 4ms, proxy.ts: 15ms, application-code: 76ms)
 GET / 200 in 150ms (next.js: 5ms, proxy.ts: 26ms, application-code: 119ms)
 POST / 200 in 206ms (next.js: 7ms, proxy.ts: 44ms, application-code: 155ms)
  └─ ƒ getAssets() in 111ms src/lib/actions/assets.ts
⨯ Error: aborted
    at ignore-listed frames {
  code: 'ECONNRESET'
}
 GET / 200 in 272ms (next.js: 5ms, proxy.ts: 43ms, application-code: 224ms)
 POST / 200 in 47ms (next.js: 4ms, proxy.ts: 21ms, application-code: 22ms)
  └─ ƒ getAssets() in 13ms src/lib/actions/assets.ts
 POST / 200 in 54ms (next.js: 4ms, proxy.ts: 31ms, application-code: 19ms)
  └─ ƒ getLiabilities() in 11ms src/lib/actions/liabilities.ts
 POST / 200 in 41ms (next.js: 4ms, proxy.ts: 16ms, application-code: 21ms)
  └─ ƒ getTransactions() in 12ms src/lib/actions/ledger.ts
 POST / 200 in 45ms (next.js: 7ms, proxy.ts: 15ms, application-code: 23ms)
  └─ ƒ getAutoForecast(12) in 12ms src/lib/actions/forecast.ts
 POST / 200 in 49ms (next.js: 6ms, proxy.ts: 15ms, application-code: 28ms)
  └─ ƒ getBudgetProgress("2026-06-16") in 16ms src/lib/actions/budget.ts
 POST / 200 in 56ms (next.js: 6ms, proxy.ts: 14ms, application-code: 37ms)
  └─ ƒ getGoals() in 24ms src/lib/actions/goals.ts
 POST / 200 in 39ms (next.js: 6ms, proxy.ts: 16ms, application-code: 16ms)
  └─ ƒ simulateCashflow({"monthlyExpense":"10307.50","monthlyIncome":"32680.00","months":12}) in 8ms src/lib/actions/forecast.ts
[browser] [ECharts] Can't get DOM width or height. Please check dom.clientWidth and dom.clientHeight. They should not be 0.For example, you may need to call this in the callback of window.onload. (<anonymous>)
[browser] [ECharts] Can't get DOM width or height. Please check dom.clientWidth and dom.clientHeight. They should not be 0.For example, you may need to call this in the callback of window.onload. (<anonymous>)
 GET /management/assets 200 in 175ms (next.js: 4ms, proxy.ts: 13ms, application-code: 158ms)
 POST /management/assets 200 in 43ms (next.js: 6ms, proxy.ts: 13ms, application-code: 24ms)
  └─ ƒ getAssets() in 14ms src/lib/actions/assets.ts
 POST /management/assets 200 in 39ms (next.js: 4ms, proxy.ts: 13ms, application-code: 23ms)
  └─ ƒ getTransactions() in 13ms src/lib/actions/ledger.ts
 GET /management/ledger 200 in 135ms (next.js: 5ms, proxy.ts: 15ms, application-code: 116ms)
 POST /management/ledger 200 in 45ms (next.js: 5ms, proxy.ts: 15ms, application-code: 26ms)
  └─ ƒ getTransactions() in 13ms src/lib/actions/ledger.ts
 POST /management/ledger 200 in 50ms (next.js: 4ms, proxy.ts: 16ms, application-code: 31ms)
  └─ ƒ getAssets() in 20ms src/lib/actions/assets.ts
 POST /management/ledger 200 in 57ms (next.js: 16ms, proxy.ts: 16ms, application-code: 25ms)
  └─ ƒ getCategories() in 13ms src/lib/actions/categories.ts
 GET /management/budget 200 in 129ms (next.js: 4ms, proxy.ts: 15ms, application-code: 110ms)
 POST /management/budget 200 in 43ms (next.js: 4ms, proxy.ts: 16ms, application-code: 23ms)
  └─ ƒ getBudgetProgress("2026-06-16") in 15ms src/lib/actions/budget.ts
 POST /management/budget 200 in 49ms (next.js: 5ms, proxy.ts: 18ms, application-code: 25ms)
  └─ ƒ getBudgets() in 13ms src/lib/actions/budget.ts
 POST /management/budget 200 in 36ms (next.js: 3ms, proxy.ts: 13ms, application-code: 19ms)
  └─ ƒ getCategories() in 11ms src/lib/actions/categories.ts
 POST /management/budget 200 in 47ms (next.js: 3ms, proxy.ts: 23ms, application-code: 20ms)
  └─ ƒ getAssets() in 12ms src/lib/actions/assets.ts
 POST /management/budget 200 in 50ms (next.js: 6ms, proxy.ts: 18ms, application-code: 27ms)
  └─ ƒ getTransactions() in 14ms src/lib/actions/ledger.ts
 GET /privacy 200 in 71ms (next.js: 5ms, application-code: 66ms)
 GET /login 200 in 75ms (next.js: 5ms, proxy.ts: 11ms, application-code: 58ms)
 POST /login 200 in 452ms (next.js: 4ms, proxy.ts: 6ms, application-code: 442ms)
  └─ ƒ loginUser("demo", "demo123") in 397ms src/lib/actions/auth.ts
 GET / 200 in 97ms (next.js: 4ms, proxy.ts: 10ms, application-code: 83ms)
 GET / 200 in 131ms (next.js: 8ms, proxy.ts: 35ms, application-code: 88ms)
 POST / 200 in 54ms (next.js: 4ms, proxy.ts: 20ms, application-code: 31ms)
  └─ ƒ getAssets() in 20ms src/lib/actions/assets.ts
 POST / 200 in 46ms (next.js: 5ms, proxy.ts: 19ms, application-code: 22ms)
  └─ ƒ getLiabilities() in 12ms src/lib/actions/liabilities.ts
 POST / 200 in 78ms (next.js: 4ms, proxy.ts: 18ms, application-code: 55ms)
  └─ ƒ getTransactions() in 46ms src/lib/actions/ledger.ts
 POST / 200 in 46ms (next.js: 12ms, proxy.ts: 14ms, application-code: 19ms)
  └─ ƒ getAutoForecast(12) in 12ms src/lib/actions/forecast.ts
 POST / 200 in 46ms (next.js: 4ms, proxy.ts: 14ms, application-code: 28ms)
  └─ ƒ getBudgetProgress("2026-06-16") in 19ms src/lib/actions/budget.ts
 POST / 200 in 48ms (next.js: 4ms, proxy.ts: 18ms, application-code: 26ms)
  └─ ƒ getGoals() in 16ms src/lib/actions/goals.ts
 POST / 200 in 38ms (next.js: 4ms, proxy.ts: 15ms, application-code: 19ms)
  └─ ƒ simulateCashflow({"monthlyExpense":"10307.50","monthlyIncome":"32680.00","months":12}) in 10ms src/lib/actions/forecast.ts
[browser] [ECharts] Can't get DOM width or height. Please check dom.clientWidth and dom.clientHeight. They should not be 0.For example, you may need to call this in the callback of window.onload. (<anonymous>)
[browser] [ECharts] Can't get DOM width or height. Please check dom.clientWidth and dom.clientHeight. They should not be 0.For example, you may need to call this in the callback of window.onload. (<anonymous>)
 GET /login 200 in 102ms (next.js: 12ms, proxy.ts: 11ms, application-code: 79ms)
 POST /login 200 in 459ms (next.js: 4ms, proxy.ts: 15ms, application-code: 441ms)
  └─ ƒ loginUser("demo", "demo123") in 397ms src/lib/actions/auth.ts
 GET / 200 in 115ms (next.js: 6ms, proxy.ts: 22ms, application-code: 88ms)
 GET / 200 in 135ms (next.js: 9ms, proxy.ts: 28ms, application-code: 98ms)
 POST / 200 in 53ms (next.js: 4ms, proxy.ts: 15ms, application-code: 33ms)
  └─ ƒ getAssets() in 22ms src/lib/actions/assets.ts
 POST / 200 in 48ms (next.js: 4ms, proxy.ts: 24ms, application-code: 20ms)
  └─ ƒ getLiabilities() in 12ms src/lib/actions/liabilities.ts
 POST / 200 in 84ms (next.js: 4ms, proxy.ts: 15ms, application-code: 65ms)
  └─ ƒ getTransactions() in 51ms src/lib/actions/ledger.ts
 POST / 200 in 57ms (next.js: 4ms, proxy.ts: 23ms, application-code: 30ms)
  └─ ƒ getAutoForecast(12) in 18ms src/lib/actions/forecast.ts
 POST / 200 in 50ms (next.js: 6ms, proxy.ts: 15ms, application-code: 28ms)
  └─ ƒ getBudgetProgress("2026-06-16") in 17ms src/lib/actions/budget.ts
 POST / 200 in 50ms (next.js: 5ms, proxy.ts: 23ms, application-code: 23ms)
  └─ ƒ getGoals() in 14ms src/lib/actions/goals.ts
 POST / 200 in 39ms (next.js: 5ms, proxy.ts: 15ms, application-code: 19ms)
  └─ ƒ simulateCashflow({"monthlyExpense":"10307.50","monthlyIncome":"32680.00","months":12}) in 10ms src/lib/actions/forecast.ts
[browser] [ECharts] Can't get DOM width or height. Please check dom.clientWidth and dom.clientHeight. They should not be 0.For example, you may need to call this in the callback of window.onload. (<anonymous>)
[browser] [ECharts] Can't get DOM width or height. Please check dom.clientWidth and dom.clientHeight. They should not be 0.For example, you may need to call this in the callback of window.onload. (<anonymous>)
✓ Compiled in 244ms
 GET /login 200 in 93ms (next.js: 10ms, proxy.ts: 10ms, application-code: 73ms)
 POST /login 200 in 492ms (next.js: 4ms, proxy.ts: 10ms, application-code: 478ms)
  └─ ƒ loginUser("demo", "demo123") in 427ms src/lib/actions/auth.ts
 GET / 200 in 139ms (next.js: 9ms, proxy.ts: 23ms, application-code: 107ms)
 GET / 200 in 167ms (next.js: 7ms, proxy.ts: 43ms, application-code: 117ms)
 POST / 200 in 77ms (next.js: 5ms, proxy.ts: 36ms, application-code: 36ms)
  └─ ƒ getAssets() in 21ms src/lib/actions/assets.ts
 POST / 200 in 45ms (next.js: 5ms, proxy.ts: 17ms, application-code: 23ms)
  └─ ƒ getLiabilities() in 15ms src/lib/actions/liabilities.ts
 POST / 200 in 78ms (next.js: 4ms, proxy.ts: 14ms, application-code: 60ms)
  └─ ƒ getTransactions() in 48ms src/lib/actions/ledger.ts
 POST / 200 in 52ms (next.js: 6ms, proxy.ts: 15ms, application-code: 31ms)
  └─ ƒ getAutoForecast(12) in 18ms src/lib/actions/forecast.ts
 POST / 200 in 45ms (next.js: 4ms, proxy.ts: 13ms, application-code: 29ms)
  └─ ƒ getBudgetProgress("2026-06-16") in 19ms src/lib/actions/budget.ts
 POST / 200 in 46ms (next.js: 4ms, proxy.ts: 12ms, application-code: 30ms)
  └─ ƒ getGoals() in 15ms src/lib/actions/goals.ts
 POST / 200 in 36ms (next.js: 4ms, proxy.ts: 12ms, application-code: 19ms)
  └─ ƒ simulateCashflow({"monthlyExpense":"10307.50","monthlyIncome":"32680.00","months":12}) in 10ms src/lib/actions/forecast.ts
[browser] [ECharts] Can't get DOM width or height. Please check dom.clientWidth and dom.clientHeight. They should not be 0.For example, you may need to call this in the callback of window.onload. (<anonymous>)
[browser] [ECharts] Can't get DOM width or height. Please check dom.clientWidth and dom.clientHeight. They should not be 0.For example, you may need to call this in the callback of window.onload. (<anonymous>)
 GET /login 200 in 79ms (next.js: 3ms, proxy.ts: 9ms, application-code: 67ms)
 POST /login 200 in 453ms (next.js: 5ms, proxy.ts: 8ms, application-code: 440ms)
  └─ ƒ loginUser("demo", "demo123") in 392ms src/lib/actions/auth.ts
 GET / 200 in 125ms (next.js: 4ms, proxy.ts: 19ms, application-code: 102ms)
 GET / 200 in 156ms (next.js: 10ms, proxy.ts: 45ms, application-code: 101ms)
 POST / 200 in 67ms (next.js: 4ms, proxy.ts: 31ms, application-code: 33ms)
  └─ ƒ getAssets() in 20ms src/lib/actions/assets.ts
 POST / 200 in 41ms (next.js: 4ms, proxy.ts: 15ms, application-code: 22ms)
  └─ ƒ getLiabilities() in 11ms src/lib/actions/liabilities.ts
 POST / 200 in 84ms (next.js: 4ms, proxy.ts: 17ms, application-code: 63ms)
  └─ ƒ getTransactions() in 51ms src/lib/actions/ledger.ts
 POST / 200 in 49ms (next.js: 7ms, proxy.ts: 18ms, application-code: 23ms)
  └─ ƒ getAutoForecast(12) in 15ms src/lib/actions/forecast.ts
 POST / 200 in 53ms (next.js: 5ms, proxy.ts: 17ms, application-code: 31ms)
  └─ ƒ getBudgetProgress("2026-06-16") in 20ms src/lib/actions/budget.ts
 POST / 200 in 48ms (next.js: 5ms, proxy.ts: 19ms, application-code: 25ms)
  └─ ƒ getGoals() in 16ms src/lib/actions/goals.ts
 POST / 200 in 42ms (next.js: 4ms, proxy.ts: 20ms, application-code: 18ms)
  └─ ƒ simulateCashflow({"monthlyExpense":"10307.50","monthlyIncome":"32680.00","months":12}) in 9ms src/lib/actions/forecast.ts
[browser] [ECharts] Can't get DOM width or height. Please check dom.clientWidth and dom.clientHeight. They should not be 0.For example, you may need to call this in the callback of window.onload. (<anonymous>)
[browser] [ECharts] Can't get DOM width or height. Please check dom.clientWidth and dom.clientHeight. They should not be 0.For example, you may need to call this in the callback of window.onload. (<anonymous>)
✓ Compiled in 214ms
 GET /login 200 in 98ms (next.js: 6ms, proxy.ts: 9ms, application-code: 82ms)
 POST /login 200 in 452ms (next.js: 4ms, proxy.ts: 10ms, application-code: 438ms)
  └─ ƒ loginUser("demo", "demo123") in 392ms src/lib/actions/auth.ts
 GET / 200 in 110ms (next.js: 6ms, proxy.ts: 17ms, application-code: 87ms)
 GET / 200 in 142ms (next.js: 7ms, proxy.ts: 33ms, application-code: 102ms)
 POST / 200 in 62ms (next.js: 5ms, proxy.ts: 20ms, application-code: 37ms)
  └─ ƒ getAssets() in 25ms src/lib/actions/assets.ts
 POST / 200 in 46ms (next.js: 6ms, proxy.ts: 15ms, application-code: 25ms)
  └─ ƒ getLiabilities() in 12ms src/lib/actions/liabilities.ts
 POST / 200 in 82ms (next.js: 5ms, proxy.ts: 16ms, application-code: 61ms)
  └─ ƒ getTransactions() in 47ms src/lib/actions/ledger.ts
 POST / 200 in 47ms (next.js: 6ms, proxy.ts: 16ms, application-code: 25ms)
  └─ ƒ getAutoForecast(12) in 13ms src/lib/actions/forecast.ts
 POST / 200 in 58ms (next.js: 4ms, proxy.ts: 24ms, application-code: 30ms)
  └─ ƒ getBudgetProgress("2026-06-16") in 20ms src/lib/actions/budget.ts
 POST / 200 in 50ms (next.js: 5ms, proxy.ts: 17ms, application-code: 29ms)
  └─ ƒ getGoals() in 16ms src/lib/actions/goals.ts
 POST / 200 in 58ms (next.js: 4ms, proxy.ts: 19ms, application-code: 35ms)
  └─ ƒ simulateCashflow({"monthlyExpense":"10307.50","monthlyIncome":"32680.00","months":12}) in 21ms src/lib/actions/forecast.ts
[browser] [ECharts] Can't get DOM width or height. Please check dom.clientWidth and dom.clientHeight. They should not be 0.For example, you may need to call this in the callback of window.onload. (<anonymous>)
[browser] [ECharts] Can't get DOM width or height. Please check dom.clientWidth and dom.clientHeight. They should not be 0.For example, you may need to call this in the callback of window.onload. (<anonymous>)
 GET /login 200 in 106ms (next.js: 8ms, proxy.ts: 11ms, application-code: 86ms)
 POST /login 200 in 457ms (next.js: 7ms, proxy.ts: 15ms, application-code: 435ms)
  └─ ƒ loginUser("demo", "demo123") in 393ms src/lib/actions/auth.ts
 GET / 200 in 109ms (next.js: 7ms, proxy.ts: 12ms, application-code: 90ms)
 GET / 200 in 134ms (next.js: 10ms, proxy.ts: 31ms, application-code: 93ms)
 POST / 200 in 69ms (next.js: 5ms, proxy.ts: 31ms, application-code: 33ms)
  └─ ƒ getAssets() in 19ms src/lib/actions/assets.ts
 POST / 200 in 159ms (next.js: 5ms, proxy.ts: 25ms, application-code: 129ms)
  └─ ƒ getLiabilities() in 100ms src/lib/actions/liabilities.ts
⨯ Error: aborted
    at ignore-listed frames {
  code: 'ECONNRESET'
}
 GET / 200 in 264ms (next.js: 9ms, proxy.ts: 28ms, application-code: 226ms)
 POST / 200 in 46ms (next.js: 5ms, proxy.ts: 15ms, application-code: 26ms)
  └─ ƒ getAssets() in 14ms src/lib/actions/assets.ts
 POST / 200 in 49ms (next.js: 6ms, proxy.ts: 16ms, application-code: 27ms)
  └─ ƒ getLiabilities() in 16ms src/lib/actions/liabilities.ts
 POST / 200 in 82ms (next.js: 6ms, proxy.ts: 13ms, application-code: 63ms)
  └─ ƒ getTransactions() in 47ms src/lib/actions/ledger.ts
 POST / 200 in 48ms (next.js: 4ms, proxy.ts: 21ms, application-code: 22ms)
  └─ ƒ getAutoForecast(12) in 14ms src/lib/actions/forecast.ts
 POST / 200 in 65ms (next.js: 4ms, proxy.ts: 16ms, application-code: 45ms)
  └─ ƒ getBudgetProgress("2026-06-16") in 36ms src/lib/actions/budget.ts
 POST / 200 in 53ms (next.js: 6ms, proxy.ts: 16ms, application-code: 32ms)
  └─ ƒ getGoals() in 21ms src/lib/actions/goals.ts
 POST / 200 in 102ms (next.js: 5ms, proxy.ts: 17ms, application-code: 80ms)
  └─ ƒ simulateCashflow({"monthlyExpense":"10307.50","monthlyIncome":"32680.00","months":12}) in 13ms src/lib/actions/forecast.ts
[browser] [ECharts] Can't get DOM width or height. Please check dom.clientWidth and dom.clientHeight. They should not be 0.For example, you may need to call this in the callback of window.onload. (<anonymous>)
[browser] [ECharts] Can't get DOM width or height. Please check dom.clientWidth and dom.clientHeight. They should not be 0.For example, you may need to call this in the callback of window.onload. (<anonymous>)
 GET /management/assets 200 in 185ms (next.js: 11ms, proxy.ts: 28ms, application-code: 146ms)
 POST /management/assets 200 in 49ms (next.js: 4ms, proxy.ts: 18ms, application-code: 28ms)
  └─ ƒ getAssets() in 16ms src/lib/actions/assets.ts
 POST /management/assets 200 in 56ms (next.js: 6ms, proxy.ts: 19ms, application-code: 30ms)
  └─ ƒ getTransactions() in 18ms src/lib/actions/ledger.ts
 GET /management/ledger 200 in 149ms (next.js: 5ms, proxy.ts: 11ms, application-code: 132ms)
 POST /management/ledger 200 in 59ms (next.js: 4ms, proxy.ts: 16ms, application-code: 40ms)
  └─ ƒ getTransactions() in 30ms src/lib/actions/ledger.ts
 POST /management/ledger 200 in 36ms (next.js: 3ms, proxy.ts: 11ms, application-code: 22ms)
  └─ ƒ getAssets() in 13ms src/lib/actions/assets.ts
 POST /management/ledger 200 in 47ms (next.js: 4ms, proxy.ts: 16ms, application-code: 27ms)
  └─ ƒ getCategories() in 17ms src/lib/actions/categories.ts
 GET /management/budget 200 in 165ms (next.js: 6ms, proxy.ts: 16ms, application-code: 144ms)
 POST /management/budget 200 in 52ms (next.js: 4ms, proxy.ts: 21ms, application-code: 27ms)
  └─ ƒ getBudgetProgress("2026-06-16") in 17ms src/lib/actions/budget.ts
 POST /management/budget 200 in 56ms (next.js: 4ms, proxy.ts: 12ms, application-code: 40ms)
  └─ ƒ getBudgets() in 30ms src/lib/actions/budget.ts
 POST /management/budget 200 in 45ms (next.js: 6ms, proxy.ts: 18ms, application-code: 21ms)
  └─ ƒ getCategories() in 11ms src/lib/actions/categories.ts
 POST /management/budget 200 in 42ms (next.js: 4ms, proxy.ts: 15ms, application-code: 24ms)
  └─ ƒ getAssets() in 14ms src/lib/actions/assets.ts
 POST /management/budget 200 in 57ms (next.js: 7ms, proxy.ts: 22ms, application-code: 29ms)
  └─ ƒ getTransactions() in 16ms src/lib/actions/ledger.ts
 GET /privacy 200 in 84ms (next.js: 6ms, application-code: 78ms)
 GET /login 200 in 73ms (next.js: 4ms, proxy.ts: 9ms, application-code: 60ms)
 POST /login 200 in 428ms (next.js: 4ms, proxy.ts: 11ms, application-code: 413ms)
  └─ ƒ loginUser("demo", "demo123") in 377ms src/lib/actions/auth.ts
 GET / 200 in 117ms (next.js: 6ms, proxy.ts: 13ms, application-code: 98ms)
 GET / 200 in 140ms (next.js: 10ms, proxy.ts: 27ms, application-code: 103ms)
 POST / 200 in 170ms (next.js: 5ms, proxy.ts: 30ms, application-code: 135ms)
  └─ ƒ getAssets() in 102ms src/lib/actions/assets.ts
⨯ Error: aborted
    at ignore-listed frames {
  code: 'ECONNRESET'
}
 GET / 200 in 225ms (next.js: 5ms, proxy.ts: 26ms, application-code: 194ms)
 POST / 200 in 43ms (next.js: 5ms, proxy.ts: 16ms, application-code: 22ms)
  └─ ƒ getAssets() in 13ms src/lib/actions/assets.ts
 POST / 200 in 50ms (next.js: 4ms, proxy.ts: 21ms, application-code: 24ms)
  └─ ƒ getLiabilities() in 15ms src/lib/actions/liabilities.ts
 POST / 200 in 47ms (next.js: 4ms, proxy.ts: 17ms, application-code: 26ms)
  └─ ƒ getTransactions() in 16ms src/lib/actions/ledger.ts
 POST / 200 in 47ms (next.js: 4ms, proxy.ts: 14ms, application-code: 30ms)
  └─ ƒ getAutoForecast(12) in 20ms src/lib/actions/forecast.ts
 POST / 200 in 43ms (next.js: 4ms, proxy.ts: 14ms, application-code: 24ms)
  └─ ƒ getBudgetProgress("2026-06-16") in 15ms src/lib/actions/budget.ts
 POST / 200 in 50ms (next.js: 6ms, proxy.ts: 13ms, application-code: 31ms)
  └─ ƒ getGoals() in 18ms src/lib/actions/goals.ts
 POST / 200 in 41ms (next.js: 5ms, proxy.ts: 14ms, application-code: 23ms)
  └─ ƒ simulateCashflow({"monthlyExpense":"10307.50","monthlyIncome":"32680.00","months":12}) in 12ms src/lib/actions/forecast.ts
[browser] [ECharts] Can't get DOM width or height. Please check dom.clientWidth and dom.clientHeight. They should not be 0.For example, you may need to call this in the callback of window.onload. (<anonymous>)
[browser] [ECharts] Can't get DOM width or height. Please check dom.clientWidth and dom.clientHeight. They should not be 0.For example, you may need to call this in the callback of window.onload. (<anonymous>)
 GET /management/assets 200 in 158ms (next.js: 4ms, proxy.ts: 14ms, application-code: 139ms)
 POST /management/assets 200 in 51ms (next.js: 12ms, proxy.ts: 15ms, application-code: 24ms)
  └─ ƒ getAssets() in 13ms src/lib/actions/assets.ts
 POST /management/assets 200 in 45ms (next.js: 3ms, proxy.ts: 18ms, application-code: 24ms)
  └─ ƒ getTransactions() in 15ms src/lib/actions/ledger.ts
 GET /management/ledger 200 in 151ms (next.js: 4ms, proxy.ts: 14ms, application-code: 133ms)
 POST /management/ledger 200 in 40ms (next.js: 3ms, proxy.ts: 14ms, application-code: 23ms)
  └─ ƒ getTransactions() in 14ms src/lib/actions/ledger.ts
 POST /management/ledger 200 in 45ms (next.js: 4ms, proxy.ts: 17ms, application-code: 24ms)
  └─ ƒ getAssets() in 15ms src/lib/actions/assets.ts
 POST /management/ledger 200 in 53ms (next.js: 4ms, proxy.ts: 20ms, application-code: 28ms)
  └─ ƒ getCategories() in 20ms src/lib/actions/categories.ts
 GET /management/budget 200 in 137ms (next.js: 5ms, proxy.ts: 13ms, application-code: 119ms)
 POST /management/budget 200 in 42ms (next.js: 3ms, proxy.ts: 17ms, application-code: 22ms)
  └─ ƒ getBudgetProgress("2026-06-16") in 14ms src/lib/actions/budget.ts
 POST /management/budget 200 in 41ms (next.js: 4ms, proxy.ts: 18ms, application-code: 20ms)
  └─ ƒ getBudgets() in 12ms src/lib/actions/budget.ts
 POST /management/budget 200 in 46ms (next.js: 4ms, proxy.ts: 16ms, application-code: 26ms)
  └─ ƒ getCategories() in 14ms src/lib/actions/categories.ts
 POST /management/budget 200 in 56ms (next.js: 5ms, proxy.ts: 17ms, application-code: 34ms)
  └─ ƒ getAssets() in 22ms src/lib/actions/assets.ts
 POST /management/budget 200 in 52ms (next.js: 6ms, proxy.ts: 12ms, application-code: 34ms)
  └─ ƒ getTransactions() in 18ms src/lib/actions/ledger.ts
 GET /privacy 200 in 62ms (next.js: 4ms, application-code: 59ms)
 GET /login 200 in 73ms (next.js: 5ms, proxy.ts: 9ms, application-code: 59ms)
 POST /login 200 in 432ms (next.js: 4ms, proxy.ts: 12ms, application-code: 417ms)
  └─ ƒ loginUser("demo", "demo123") in 366ms src/lib/actions/auth.ts
 GET / 200 in 100ms (next.js: 4ms, proxy.ts: 15ms, application-code: 81ms)
 GET / 200 in 162ms (next.js: 10ms, proxy.ts: 30ms, application-code: 122ms)
 POST / 200 in 135ms (next.js: 13ms, proxy.ts: 26ms, application-code: 95ms)
  └─ ƒ getAssets() in 81ms src/lib/actions/assets.ts
⨯ Error: aborted
    at ignore-listed frames {
  code: 'ECONNRESET',
  digest: '3419021255'
}
 GET / 200 in 199ms (next.js: 6ms, proxy.ts: 33ms, application-code: 160ms)
 POST / 200 in 42ms (next.js: 4ms, proxy.ts: 13ms, application-code: 25ms)
  └─ ƒ getAssets() in 12ms src/lib/actions/assets.ts
 POST / 200 in 46ms (next.js: 4ms, proxy.ts: 20ms, application-code: 22ms)
  └─ ƒ getLiabilities() in 12ms src/lib/actions/liabilities.ts
 POST / 200 in 51ms (next.js: 4ms, proxy.ts: 14ms, application-code: 33ms)
  └─ ƒ getTransactions() in 21ms src/lib/actions/ledger.ts
 POST / 200 in 43ms (next.js: 4ms, proxy.ts: 14ms, application-code: 24ms)
  └─ ƒ getAutoForecast(12) in 14ms src/lib/actions/forecast.ts
 POST / 200 in 46ms (next.js: 4ms, proxy.ts: 15ms, application-code: 27ms)
  └─ ƒ getBudgetProgress("2026-06-16") in 16ms src/lib/actions/budget.ts
 POST / 200 in 56ms (next.js: 4ms, proxy.ts: 17ms, application-code: 35ms)
  └─ ƒ getGoals() in 25ms src/lib/actions/goals.ts
 POST / 200 in 34ms (next.js: 4ms, proxy.ts: 12ms, application-code: 18ms)
  └─ ƒ simulateCashflow({"monthlyExpense":"10307.50","monthlyIncome":"32680.00","months":12}) in 9ms src/lib/actions/forecast.ts
[browser] [ECharts] Can't get DOM width or height. Please check dom.clientWidth and dom.clientHeight. They should not be 0.For example, you may need to call this in the callback of window.onload. (<anonymous>)
[browser] [ECharts] Can't get DOM width or height. Please check dom.clientWidth and dom.clientHeight. They should not be 0.For example, you may need to call this in the callback of window.onload. (<anonymous>)
 GET /management/assets 200 in 143ms (next.js: 5ms, proxy.ts: 16ms, application-code: 122ms)
 POST /management/assets 200 in 49ms (next.js: 5ms, proxy.ts: 21ms, application-code: 23ms)
  └─ ƒ getAssets() in 14ms src/lib/actions/assets.ts
 POST /management/assets 200 in 45ms (next.js: 4ms, proxy.ts: 14ms, application-code: 27ms)
  └─ ƒ getTransactions() in 19ms src/lib/actions/ledger.ts
 GET /management/ledger 200 in 148ms (next.js: 6ms, proxy.ts: 19ms, application-code: 123ms)
 POST /management/ledger 200 in 50ms (next.js: 3ms, proxy.ts: 22ms, application-code: 24ms)
  └─ ƒ getTransactions() in 15ms src/lib/actions/ledger.ts
 POST /management/ledger 200 in 65ms (next.js: 6ms, proxy.ts: 26ms, application-code: 33ms)
  └─ ƒ getAssets() in 19ms src/lib/actions/assets.ts
 POST /management/ledger 200 in 51ms (next.js: 5ms, proxy.ts: 18ms, application-code: 28ms)
  └─ ƒ getCategories() in 16ms src/lib/actions/categories.ts
 GET /management/budget 200 in 135ms (next.js: 4ms, proxy.ts: 18ms, application-code: 113ms)
 POST /management/budget 200 in 41ms (next.js: 4ms, proxy.ts: 16ms, application-code: 21ms)
  └─ ƒ getBudgetProgress("2026-06-16") in 13ms src/lib/actions/budget.ts
 POST /management/budget 200 in 42ms (next.js: 4ms, proxy.ts: 13ms, application-code: 25ms)
  └─ ƒ getBudgets() in 15ms src/lib/actions/budget.ts
 POST /management/budget 200 in 40ms (next.js: 4ms, proxy.ts: 14ms, application-code: 21ms)
  └─ ƒ getCategories() in 12ms src/lib/actions/categories.ts
 POST /management/budget 200 in 52ms (next.js: 6ms, proxy.ts: 15ms, application-code: 31ms)
  └─ ƒ getAssets() in 19ms src/lib/actions/assets.ts
 POST /management/budget 200 in 55ms (next.js: 5ms, proxy.ts: 17ms, application-code: 34ms)
  └─ ƒ getTransactions() in 22ms src/lib/actions/ledger.ts
 GET /privacy 200 in 74ms (next.js: 5ms, application-code: 68ms)
 GET /login 200 in 30ms (next.js: 7ms, proxy.ts: 10ms, application-code: 12ms)
 GET /login 200 in 102ms (next.js: 6ms, proxy.ts: 10ms, application-code: 85ms)
 GET /login 200 in 97ms (next.js: 5ms, proxy.ts: 13ms, application-code: 79ms)
 GET /login 200 in 28ms (next.js: 9ms, proxy.ts: 8ms, application-code: 11ms)
✓ Compiled in 86ms
 GET /login 200 in 132ms (next.js: 7ms, proxy.ts: 20ms, application-code: 105ms)
 HEAD /register 200 in 1178ms (next.js: 930ms, proxy.ts: 167ms, application-code: 81ms)
 GET /register 200 in 63ms (next.js: 4ms, proxy.ts: 11ms, application-code: 48ms)
 GET /login 200 in 84ms (next.js: 6ms, proxy.ts: 12ms, application-code: 67ms)
 GET /register 200 in 53ms (next.js: 4ms, proxy.ts: 11ms, application-code: 37ms)
 GET /register 200 in 91ms (next.js: 4ms, proxy.ts: 9ms, application-code: 78ms)
 GET /login 200 in 95ms (next.js: 4ms, proxy.ts: 12ms, application-code: 79ms)
 GET /register 200 in 45ms (next.js: 4ms, proxy.ts: 14ms, application-code: 28ms)
 GET /login 200 in 92ms (next.js: 4ms, proxy.ts: 9ms, application-code: 79ms)
[browser] A tree hydrated but some attributes of the server rendered HTML didn't match the client properties. This won't be patched up. This can happen if a SSR-ed Client Component used:

- A server/client branch `if (typeof window !== 'undefined')`.
- Variable input such as `Date.now()` or `Math.random()` which changes each time it's called.
- Date formatting in a user's locale which doesn't match the server.
- External changing data without sending a snapshot of it along with the HTML.
- Invalid HTML tag nesting.

It can also happen if the client has a browser extension installed which messes with the HTML before React loaded.

https://react.dev/link/hydration-mismatch

  ...
    <InnerScrollAndFocusHandlerOld focusAndScrollRef={{scrollRef:null, ...}} cacheNode={{rsc:{...}, ...}}>
      <ErrorBoundary errorComponent={undefined} errorStyles={undefined} errorScripts={undefined}>
        <LoadingBoundary name="login/" loading={null}>
          <HTTPAccessFallbackBoundary notFound={undefined} forbidden={undefined} unauthorized={undefined}>
            <RedirectBoundary>
              <RedirectErrorBoundary router={{...}}>
                <InnerLayoutRouter url="/login" tree={[...]} params={{}} cacheNode={{rsc:{...}, ...}} segmentPath={[...]} ...>
                  <SegmentViewNode type="page" pagePath="(auth)/log...">
                    <SegmentTrieNode>
                    <ClientPageRoot Component={function LoginPage} serverProvidedParams={{...}}>
                      <LoginPage params={Promise} searchParams={Promise}>
                        <div className="w-full max...">
                          <h1>
                          <form onSubmit={function handleSubmit} className="space-y-4">
                            <div>
                              <label>
                              <input
                                id="username"
                                type="text"
                                value=""
                                onChange={function onChange}
                                required={true}
                                autoComplete="username"
                                className="w-full rounded-lg border border-ledger-muted/30 bg-ledger-bg px-4 py-2.5 te..."
                                placeholder="Enter your username"
-                               style={{caret-color:"transparent"}}
                              >
                            <div>
                              <label>
                              <input
                                id="password"
                                type="password"
                                value=""
                                onChange={function onChange}
                                required={true}
                                autoComplete="current-password"
                                className="w-full rounded-lg border border-ledger-muted/30 bg-ledger-bg px-4 py-2.5 te..."
                                placeholder="Enter your password"
-                               style={{caret-color:"transparent"}}
                              >
                            ...
                          ...
                  ...
                ...
      ...
 
 GET /login 200 in 106ms (next.js: 8ms, proxy.ts: 13ms, application-code: 85ms)
 GET /login 200 in 95ms (next.js: 5ms, proxy.ts: 12ms, application-code: 78ms)
 GET /login 200 in 78ms (next.js: 3ms, proxy.ts: 11ms, application-code: 64ms)
 GET /login 200 in 93ms (next.js: 6ms, proxy.ts: 14ms, application-code: 74ms)
 GET /login 200 in 77ms (next.js: 3ms, proxy.ts: 9ms, application-code: 65ms)
 GET /login 200 in 82ms (next.js: 4ms, proxy.ts: 12ms, application-code: 66ms)
 GET /register 200 in 48ms (next.js: 4ms, proxy.ts: 11ms, application-code: 33ms)
 GET /login 200 in 44ms (next.js: 4ms, proxy.ts: 9ms, application-code: 31ms)
 GET /register 200 in 49ms (next.js: 4ms, proxy.ts: 11ms, application-code: 34ms)
 GET /login 200 in 93ms (next.js: 5ms, proxy.ts: 11ms, application-code: 77ms)
 GET /register 200 in 94ms (next.js: 4ms, proxy.ts: 9ms, application-code: 81ms)
[browser] A tree hydrated but some attributes of the server rendered HTML didn't match the client properties. This won't be patched up. This can happen if a SSR-ed Client Component used:

- A server/client branch `if (typeof window !== 'undefined')`.
- Variable input such as `Date.now()` or `Math.random()` which changes each time it's called.
- Date formatting in a user's locale which doesn't match the server.
- External changing data without sending a snapshot of it along with the HTML.
- Invalid HTML tag nesting.

It can also happen if the client has a browser extension installed which messes with the HTML before React loaded.

https://react.dev/link/hydration-mismatch

  ...
    <InnerScrollAndFocusHandlerOld focusAndScrollRef={{scrollRef:null, ...}} cacheNode={{rsc:{...}, ...}}>
      <ErrorBoundary errorComponent={undefined} errorStyles={undefined} errorScripts={undefined}>
        <LoadingBoundary name="register/" loading={null}>
          <HTTPAccessFallbackBoundary notFound={undefined} forbidden={undefined} unauthorized={undefined}>
            <RedirectBoundary>
              <RedirectErrorBoundary router={{...}}>
                <InnerLayoutRouter url="/register" tree={[...]} params={{}} cacheNode={{rsc:{...}, ...}} ...>
                  <SegmentViewNode type="page" pagePath="(auth)/reg...">
                    <SegmentTrieNode>
                    <ClientPageRoot Component={function RegisterPage} serverProvidedParams={{...}}>
                      <RegisterPage params={Promise} searchParams={Promise}>
                        <div className="w-full max...">
                          <h1>
                          <form onSubmit={function handleSubmit} className="space-y-4">
                            <div>
                              <label>
                              <input
                                id="displayName"
                                type="text"
                                value=""
                                onChange={function onChange}
                                required={true}
                                autoComplete="name"
                                className="w-full rounded-lg border border-ledger-muted/30 bg-ledger-bg px-4 py-2.5 te..."
                                placeholder="Enter your display name"
-                               style={{caret-color:"transparent"}}
                              >
                            <div>
                              <label>
                              <input
                                id="username"
                                type="text"
                                value=""
                                onChange={function onChange}
                                required={true}
                                autoComplete="username"
                                className="w-full rounded-lg border border-ledger-muted/30 bg-ledger-bg px-4 py-2.5 te..."
                                placeholder="Choose a username"
-                               style={{caret-color:"transparent"}}
                              >
                            <div>
                              <label>
                              <input
                                id="password"
                                type="password"
                                value=""
                                onChange={function onChange}
                                required={true}
                                autoComplete="new-password"
                                className="w-full rounded-lg border border-ledger-muted/30 bg-ledger-bg px-4 py-2.5 te..."
                                placeholder="Create a password"
-                               style={{caret-color:"transparent"}}
                              >
                            ...
                          ...
                  ...
                ...
      ...
 
✓ Compiled in 144ms
✓ Compiled in 66ms
 GET /login 200 in 116ms (next.js: 10ms, proxy.ts: 13ms, application-code: 93ms)
[browser] A tree hydrated but some attributes of the server rendered HTML didn't match the client properties. This won't be patched up. This can happen if a SSR-ed Client Component used:

- A server/client branch `if (typeof window !== 'undefined')`.
- Variable input such as `Date.now()` or `Math.random()` which changes each time it's called.
- Date formatting in a user's locale which doesn't match the server.
- External changing data without sending a snapshot of it along with the HTML.
- Invalid HTML tag nesting.

It can also happen if the client has a browser extension installed which messes with the HTML before React loaded.

https://react.dev/link/hydration-mismatch

  ...
    <InnerScrollAndFocusHandlerOld focusAndScrollRef={{scrollRef:null, ...}} cacheNode={{rsc:{...}, ...}}>
      <ErrorBoundary errorComponent={undefined} errorStyles={undefined} errorScripts={undefined}>
        <LoadingBoundary name="login/" loading={null}>
          <HTTPAccessFallbackBoundary notFound={undefined} forbidden={undefined} unauthorized={undefined}>
            <RedirectBoundary>
              <RedirectErrorBoundary router={{...}}>
                <InnerLayoutRouter url="/login" tree={[...]} params={{}} cacheNode={{rsc:{...}, ...}} segmentPath={[...]} ...>
                  <SegmentViewNode type="page" pagePath="(auth)/log...">
                    <SegmentTrieNode>
                    <ClientPageRoot Component={function LoginPage} serverProvidedParams={{...}}>
                      <LoginPage params={Promise} searchParams={Promise}>
                        <div className="w-full max...">
                          <h1>
                          <form onSubmit={function handleSubmit} className="space-y-4">
                            <div>
                              <label>
                              <input
                                id="username"
                                type="text"
                                value=""
                                onChange={function onChange}
                                required={true}
                                autoComplete="username"
                                className="w-full rounded-lg border border-ledger-muted/30 bg-ledger-bg px-4 py-2.5 te..."
                                placeholder="Enter your username"
-                               style={{caret-color:"transparent"}}
                              >
                            <div>
                              <label>
                              <input
                                id="password"
                                type="password"
                                value=""
                                onChange={function onChange}
                                required={true}
                                autoComplete="current-password"
                                className="w-full rounded-lg border border-ledger-muted/30 bg-ledger-bg px-4 py-2.5 te..."
                                placeholder="Enter your password"
-                               style={{caret-color:"transparent"}}
                              >
                            ...
                          ...
                  ...
                ...
      ...
 
 GET /register 200 in 111ms (next.js: 10ms, proxy.ts: 10ms, application-code: 91ms)
 GET /login 200 in 97ms (next.js: 7ms, proxy.ts: 11ms, application-code: 80ms)
 GET /register 200 in 88ms (next.js: 4ms, proxy.ts: 9ms, application-code: 75ms)
 GET /login 200 in 94ms (next.js: 6ms, proxy.ts: 10ms, application-code: 77ms)
 GET /register 200 in 90ms (next.js: 6ms, proxy.ts: 8ms, application-code: 76ms)
 GET /login 200 in 46ms (next.js: 4ms, proxy.ts: 10ms, application-code: 31ms)
 POST /login 200 in 464ms (next.js: 8ms, proxy.ts: 10ms, application-code: 446ms)
  └─ ƒ loginUser("demo", "demo123") in 402ms src/lib/actions/auth.ts
 GET / 200 in 115ms (next.js: 8ms, proxy.ts: 24ms, application-code: 83ms)
 GET / 200 in 112ms (next.js: 4ms, proxy.ts: 18ms, application-code: 90ms)
 POST / 200 in 77ms (next.js: 4ms, proxy.ts: 21ms, application-code: 52ms)
  └─ ƒ getAssets() in 32ms src/lib/actions/assets.ts
 POST / 200 in 54ms (next.js: 6ms, proxy.ts: 23ms, application-code: 26ms)
  └─ ƒ getLiabilities() in 12ms src/lib/actions/liabilities.ts
 POST / 200 in 78ms (next.js: 4ms, proxy.ts: 16ms, application-code: 58ms)
  └─ ƒ getTransactions() in 49ms src/lib/actions/ledger.ts
 POST / 200 in 58ms (next.js: 6ms, proxy.ts: 22ms, application-code: 30ms)
  └─ ƒ getAutoForecast(12) in 18ms src/lib/actions/forecast.ts
 POST / 200 in 61ms (next.js: 6ms, proxy.ts: 19ms, application-code: 36ms)
  └─ ƒ getBudgetProgress("2026-06-16") in 25ms src/lib/actions/budget.ts
 POST / 200 in 47ms (next.js: 4ms, proxy.ts: 14ms, application-code: 29ms)
  └─ ƒ getGoals() in 19ms src/lib/actions/goals.ts
 POST / 200 in 37ms (next.js: 4ms, proxy.ts: 15ms, application-code: 18ms)
  └─ ƒ simulateCashflow({"monthlyExpense":"10307.50","monthlyIncome":"32680.00","months":12}) in 10ms src/lib/actions/forecast.ts
[browser] [ECharts] Can't get DOM width or height. Please check dom.clientWidth and dom.clientHeight. They should not be 0.For example, you may need to call this in the callback of window.onload. (<anonymous>)
[browser] [ECharts] Can't get DOM width or height. Please check dom.clientWidth and dom.clientHeight. They should not be 0.For example, you may need to call this in the callback of window.onload. (<anonymous>)
 POST / 200 in 3.1s (next.js: 4ms, proxy.ts: 17ms, application-code: 3.1s)
  └─ ƒ refreshMyPrices() in 3118ms src/lib/actions/assets.ts
 POST / 200 in 3.9s (next.js: 4ms, proxy.ts: 17ms, application-code: 3.9s)
  └─ ƒ refreshMyPrices() in 3885ms src/lib/actions/assets.ts
 POST / 200 in 72ms (next.js: 20ms, proxy.ts: 16ms, application-code: 36ms)
  └─ ƒ getAssets() in 25ms src/lib/actions/assets.ts
 POST / 200 in 40ms (next.js: 4ms, proxy.ts: 15ms, application-code: 21ms)
  └─ ƒ getAssets() in 12ms src/lib/actions/assets.ts
 GET /management/assets 200 in 113ms (next.js: 11ms, proxy.ts: 16ms, application-code: 86ms)
 POST /management/assets 200 in 80ms (next.js: 5ms, proxy.ts: 24ms, application-code: 51ms)
  └─ ƒ getAssets() in 41ms src/lib/actions/assets.ts
 POST /management/assets 200 in 83ms (next.js: 5ms, proxy.ts: 17ms, application-code: 61ms)
  └─ ƒ getTransactions() in 48ms src/lib/actions/ledger.ts
 GET /management/ledger 200 in 80ms (next.js: 7ms, proxy.ts: 16ms, application-code: 57ms)
 POST /management/ledger 200 in 43ms (next.js: 4ms, proxy.ts: 15ms, application-code: 25ms)
  └─ ƒ getCategories() in 13ms src/lib/actions/categories.ts
 POST /management/ledger 200 in 57ms (next.js: 4ms, proxy.ts: 19ms, application-code: 34ms)
  └─ ƒ getTransactions() in 21ms src/lib/actions/ledger.ts
 POST /management/ledger 200 in 44ms (next.js: 4ms, proxy.ts: 20ms, application-code: 21ms)
  └─ ƒ getAssets() in 13ms src/lib/actions/assets.ts
 GET /management/liabilities 200 in 1063ms (next.js: 974ms, proxy.ts: 18ms, application-code: 70ms)
 POST /management/liabilities 200 in 42ms (next.js: 4ms, proxy.ts: 15ms, application-code: 24ms)
  └─ ƒ getLiabilities() in 14ms src/lib/actions/liabilities.ts
 POST /management/liabilities 200 in 49ms (next.js: 5ms, proxy.ts: 16ms, application-code: 29ms)
  └─ ƒ getTransactions() in 16ms src/lib/actions/ledger.ts
 POST /management/liabilities 200 in 47ms (next.js: 3ms, proxy.ts: 16ms, application-code: 28ms)
  └─ ƒ getAssets() in 20ms src/lib/actions/assets.ts
 GET /management/assets 200 in 65ms (next.js: 3ms, proxy.ts: 13ms, application-code: 48ms)
 GET / 200 in 89ms (next.js: 4ms, proxy.ts: 16ms, application-code: 70ms)
[browser] [ECharts] Can't get DOM width or height. Please check dom.clientWidth and dom.clientHeight. They should not be 0.For example, you may need to call this in the callback of window.onload. (<anonymous>)
[browser] [ECharts] Can't get DOM width or height. Please check dom.clientWidth and dom.clientHeight. They should not be 0.For example, you may need to call this in the callback of window.onload. (<anonymous>)
 POST / 200 in 92ms (next.js: 10ms, proxy.ts: 16ms, application-code: 66ms)
  └─ ƒ getAssets() in 51ms src/lib/actions/assets.ts
 POST / 200 in 53ms (next.js: 6ms, proxy.ts: 16ms, application-code: 30ms)
  └─ ƒ getLiabilities() in 20ms src/lib/actions/liabilities.ts
 POST / 200 in 92ms (next.js: 6ms, proxy.ts: 19ms, application-code: 67ms)
  └─ ƒ getTransactions() in 47ms src/lib/actions/ledger.ts
 POST / 200 in 45ms (next.js: 4ms, proxy.ts: 18ms, application-code: 23ms)
  └─ ƒ getAutoForecast(12) in 13ms src/lib/actions/forecast.ts
 POST / 200 in 50ms (next.js: 4ms, proxy.ts: 16ms, application-code: 30ms)
  └─ ƒ getBudgetProgress("2026-06-16") in 18ms src/lib/actions/budget.ts
 POST / 200 in 47ms (next.js: 4ms, proxy.ts: 17ms, application-code: 27ms)
  └─ ƒ getGoals() in 18ms src/lib/actions/goals.ts
 POST / 200 in 39ms (next.js: 4ms, proxy.ts: 18ms, application-code: 18ms)
  └─ ƒ simulateCashflow({"monthlyExpense":"10307.50","monthlyIncome":"32680.00","months":12}) in 9ms src/lib/actions/forecast.ts
 GET /management/budget 200 in 109ms (next.js: 4ms, proxy.ts: 19ms, application-code: 86ms)
[browser] Uncaught TypeError: txs.filter is not a function
    at <unknown> (src/components/widgets/BudgetTracker.tsx:141:33)
    at Array.map (<anonymous>)
    at BudgetTracker (src/components/widgets/BudgetTracker.tsx:139:19)
    at BudgetManager (src/app/management/budget/BudgetManager.tsx:228:9)
    at BudgetManagementPage (src/app/management/budget/page.tsx:13:10)
  139 |         {progress.map(p => {
  140 |           const isExpanded = activeExpandedId === p.id;
> 141 |           const budgetTxs = txs.filter(t => t.budgetId === p.id).sort((a, b) => new Date(...
      |                                 ^
  142 |
  143 |           return (
  144 |             <div key={p.id}>
 GET /management/budget? 200 in 146ms (next.js: 4ms, proxy.ts: 19ms, application-code: 123ms)
 POST /management/budget 200 in 82ms (next.js: 4ms, proxy.ts: 17ms, application-code: 61ms)
  └─ ƒ getBudgetProgress("2026-06-16") in 47ms src/lib/actions/budget.ts
 POST /management/budget 200 in 48ms (next.js: 4ms, proxy.ts: 16ms, application-code: 28ms)
  └─ ƒ getBudgets() in 15ms src/lib/actions/budget.ts
 POST /management/budget 200 in 41ms (next.js: 4ms, proxy.ts: 16ms, application-code: 20ms)
  └─ ƒ getCategories() in 11ms src/lib/actions/categories.ts
 POST /management/budget 200 in 61ms (next.js: 5ms, proxy.ts: 19ms, application-code: 36ms)
  └─ ƒ getAssets() in 24ms src/lib/actions/assets.ts
 POST /management/budget 200 in 164ms (next.js: 6ms, proxy.ts: 24ms, application-code: 134ms)
  └─ ƒ getTransactions() in 123ms src/lib/actions/ledger.ts
 GET /management/categories 200 in 860ms (next.js: 696ms, proxy.ts: 15ms, application-code: 150ms)
 GET /management/budget 200 in 117ms (next.js: 10ms, proxy.ts: 26ms, application-code: 81ms)
 POST /management/budget 200 in 49ms (next.js: 4ms, proxy.ts: 15ms, application-code: 30ms)
  └─ ƒ getBudgetProgress("2026-06-16") in 20ms src/lib/actions/budget.ts
 POST /management/budget 200 in 45ms (next.js: 4ms, proxy.ts: 17ms, application-code: 24ms)
  └─ ƒ getBudgets() in 14ms src/lib/actions/budget.ts
 POST /management/budget 200 in 45ms (next.js: 4ms, proxy.ts: 20ms, application-code: 21ms)
  └─ ƒ getCategories() in 12ms src/lib/actions/categories.ts
 POST /management/budget 200 in 53ms (next.js: 4ms, proxy.ts: 17ms, application-code: 32ms)
  └─ ƒ getAssets() in 23ms src/lib/actions/assets.ts
 POST /management/budget 200 in 53ms (next.js: 4ms, proxy.ts: 21ms, application-code: 28ms)
  └─ ƒ getTransactions() in 17ms src/lib/actions/ledger.ts
 GET / 200 in 109ms (next.js: 5ms, proxy.ts: 16ms, application-code: 88ms)
 POST / 200 in 58ms (next.js: 4ms, proxy.ts: 21ms, application-code: 32ms)
  └─ ƒ getLiabilities() in 21ms src/lib/actions/liabilities.ts
 POST / 200 in 37ms (next.js: 4ms, proxy.ts: 14ms, application-code: 20ms)
  └─ ƒ getAutoForecast(12) in 13ms src/lib/actions/forecast.ts
 POST / 200 in 48ms (next.js: 4ms, proxy.ts: 15ms, application-code: 29ms)
  └─ ƒ getGoals() in 21ms src/lib/actions/goals.ts
 POST / 200 in 41ms (next.js: 3ms, proxy.ts: 15ms, application-code: 22ms)
  └─ ƒ getAssets() in 13ms src/lib/actions/assets.ts
 POST / 200 in 41ms (next.js: 4ms, proxy.ts: 15ms, application-code: 23ms)
  └─ ƒ getTransactions() in 14ms src/lib/actions/ledger.ts
 POST / 200 in 43ms (next.js: 4ms, proxy.ts: 19ms, application-code: 21ms)
  └─ ƒ getBudgetProgress("2026-06-16") in 13ms src/lib/actions/budget.ts
 POST / 200 in 45ms (next.js: 4ms, proxy.ts: 16ms, application-code: 26ms)
  └─ ƒ simulateCashflow({"monthlyExpense":"10307.50","monthlyIncome":"32680.00","months":12}) in 9ms src/lib/actions/forecast.ts
[browser] [ECharts] Can't get DOM width or height. Please check dom.clientWidth and dom.clientHeight. They should not be 0.For example, you may need to call this in the callback of window.onload. (<anonymous>)
[browser] [ECharts] Can't get DOM width or height. Please check dom.clientWidth and dom.clientHeight. They should not be 0.For example, you may need to call this in the callback of window.onload. (<anonymous>)
 GET /management/budget 200 in 81ms (next.js: 4ms, proxy.ts: 14ms, application-code: 63ms)
[browser] Uncaught TypeError: txs.filter is not a function
    at <unknown> (src/components/widgets/BudgetTracker.tsx:141:33)
    at Array.map (<anonymous>)
    at BudgetTracker (src/components/widgets/BudgetTracker.tsx:139:19)
    at BudgetManager (src/app/management/budget/BudgetManager.tsx:228:9)
    at BudgetManagementPage (src/app/management/budget/page.tsx:13:10)
  139 |         {progress.map(p => {
  140 |           const isExpanded = activeExpandedId === p.id;
> 141 |           const budgetTxs = txs.filter(t => t.budgetId === p.id).sort((a, b) => new Date(...
      |                                 ^
  142 |
  143 |           return (
  144 |             <div key={p.id}>
 GET /? 200 in 189ms (next.js: 5ms, proxy.ts: 18ms, application-code: 167ms)
 POST / 200 in 74ms (next.js: 6ms, proxy.ts: 17ms, application-code: 51ms)
  └─ ƒ getAssets() in 39ms src/lib/actions/assets.ts
 POST / 200 in 43ms (next.js: 6ms, proxy.ts: 17ms, application-code: 20ms)
  └─ ƒ getLiabilities() in 12ms src/lib/actions/liabilities.ts
 POST / 200 in 86ms (next.js: 4ms, proxy.ts: 17ms, application-code: 64ms)
  └─ ƒ getTransactions() in 52ms src/lib/actions/ledger.ts
 POST / 200 in 46ms (next.js: 4ms, proxy.ts: 21ms, application-code: 22ms)
  └─ ƒ getAutoForecast(12) in 13ms src/lib/actions/forecast.ts
 POST / 200 in 53ms (next.js: 7ms, proxy.ts: 17ms, application-code: 29ms)
  └─ ƒ getBudgetProgress("2026-06-16") in 17ms src/lib/actions/budget.ts
 POST / 200 in 49ms (next.js: 4ms, proxy.ts: 16ms, application-code: 30ms)
  └─ ƒ getGoals() in 15ms src/lib/actions/goals.ts
 POST / 200 in 40ms (next.js: 4ms, proxy.ts: 16ms, application-code: 20ms)
  └─ ƒ simulateCashflow({"monthlyExpense":"10307.50","monthlyIncome":"32680.00","months":12}) in 10ms src/lib/actions/forecast.ts
[browser] [ECharts] Can't get DOM width or height. Please check dom.clientWidth and dom.clientHeight. They should not be 0.For example, you may need to call this in the callback of window.onload. (<anonymous>)
[browser] [ECharts] Can't get DOM width or height. Please check dom.clientWidth and dom.clientHeight. They should not be 0.For example, you may need to call this in the callback of window.onload. (<anonymous>)
 GET /management/assets 200 in 108ms (next.js: 5ms, proxy.ts: 15ms, application-code: 89ms)
 POST /management/assets 200 in 68ms (next.js: 4ms, proxy.ts: 16ms, application-code: 48ms)
  └─ ƒ getAssets() in 38ms src/lib/actions/assets.ts
 POST /management/assets 200 in 87ms (next.js: 4ms, proxy.ts: 20ms, application-code: 64ms)
  └─ ƒ getTransactions() in 48ms src/lib/actions/ledger.ts
 POST /management/assets 200 in 135ms (next.js: 3ms, proxy.ts: 14ms, application-code: 117ms)
  └─ ƒ updateAsset("00c0a0b1-1387-42e8-a93c-75a8ac64c307", {"balance":"85600","name":"ybc招商银行卡"}) in 106ms src/lib/actions/assets.ts
 POST /management/assets 200 in 110ms (next.js: 4ms, proxy.ts: 20ms, application-code: 86ms)
  └─ ƒ getAssets() in 73ms src/lib/actions/assets.ts
 POST /management/assets 200 in 201ms (next.js: 4ms, proxy.ts: 20ms, application-code: 176ms)
  └─ ƒ updateAsset("fec7e10b-0b9f-4efe-9b7d-dc46d7aff67d", {"balance":"47084","costUnitPrice":"700","name":"黄金储备","...":"1 item not stringified"}) in 162ms src/lib/actions/assets.ts
 POST /management/assets 200 in 214ms (next.js: 4ms, proxy.ts: 18ms, application-code: 193ms)
  └─ ƒ getAssets() in 181ms src/lib/actions/assets.ts
 POST /management/assets 200 in 136ms (next.js: 6ms, proxy.ts: 17ms, application-code: 112ms)
  └─ ƒ updateAsset("e2ef671f-d8e6-45f3-9dcd-5175f8072fcf", {"balance":"18000","name":"ch中国银行"}) in 97ms src/lib/actions/assets.ts
 POST /management/assets 200 in 272ms (next.js: 6ms, proxy.ts: 18ms, application-code: 248ms)
  └─ ƒ getAssets() in 233ms src/lib/actions/assets.ts
 POST /management/assets 200 in 303ms (next.js: 6ms, proxy.ts: 18ms, application-code: 279ms)
  └─ ƒ getAssets() in 254ms src/lib/actions/assets.ts
 GET /management/budget 200 in 97ms (next.js: 4ms, proxy.ts: 18ms, application-code: 75ms)
[browser] Uncaught TypeError: txs.filter is not a function
    at <unknown> (src/components/widgets/BudgetTracker.tsx:141:33)
    at Array.map (<anonymous>)
    at BudgetTracker (src/components/widgets/BudgetTracker.tsx:139:19)
    at BudgetManager (src/app/management/budget/BudgetManager.tsx:228:9)
    at BudgetManagementPage (src/app/management/budget/page.tsx:13:10)
  139 |         {progress.map(p => {
  140 |           const isExpanded = activeExpandedId === p.id;
> 141 |           const budgetTxs = txs.filter(t => t.budgetId === p.id).sort((a, b) => new Date(...
      |                                 ^
  142 |
  143 |           return (
  144 |             <div key={p.id}>
 POST /management/assets 200 in 417ms (next.js: 4ms, proxy.ts: 38ms, application-code: 375ms)
  └─ ƒ getTransactions() in 353ms src/lib/actions/ledger.ts
 GET /? 200 in 161ms (next.js: 6ms, proxy.ts: 15ms, application-code: 140ms)
 POST / 200 in 286ms (next.js: 6ms, proxy.ts: 17ms, application-code: 263ms)
  └─ ƒ getAssets() in 253ms src/lib/actions/assets.ts
 POST / 200 in 48ms (next.js: 5ms, proxy.ts: 14ms, application-code: 30ms)
  └─ ƒ getLiabilities() in 19ms src/lib/actions/liabilities.ts
 POST / 200 in 393ms (next.js: 4ms, proxy.ts: 15ms, application-code: 374ms)
  └─ ƒ getTransactions() in 363ms src/lib/actions/ledger.ts
 POST / 200 in 44ms (next.js: 7ms, proxy.ts: 14ms, application-code: 22ms)
  └─ ƒ getAutoForecast(12) in 14ms src/lib/actions/forecast.ts
 POST / 200 in 66ms (next.js: 4ms, proxy.ts: 15ms, application-code: 47ms)
  └─ ƒ getBudgetProgress("2026-06-16") in 35ms src/lib/actions/budget.ts
 POST / 200 in 60ms (next.js: 6ms, proxy.ts: 18ms, application-code: 36ms)
  └─ ƒ getGoals() in 24ms src/lib/actions/goals.ts
 POST / 200 in 108ms (next.js: 67ms, proxy.ts: 17ms, application-code: 24ms)
  └─ ƒ simulateCashflow({"monthlyExpense":"10307.50","monthlyIncome":"32680.00","months":12}) in 11ms src/lib/actions/forecast.ts
[browser] [ECharts] Can't get DOM width or height. Please check dom.clientWidth and dom.clientHeight. They should not be 0.For example, you may need to call this in the callback of window.onload. (<anonymous>)
[browser] [ECharts] Can't get DOM width or height. Please check dom.clientWidth and dom.clientHeight. They should not be 0.For example, you may need to call this in the callback of window.onload. (<anonymous>)
✓ Compiled in 105ms
 GET / 200 in 675ms (next.js: 193ms, proxy.ts: 183ms, application-code: 298ms)
 GET / 200 in 279ms (next.js: 9ms, proxy.ts: 78ms, application-code: 192ms)
 GET / 200 in 271ms (next.js: 48ms, proxy.ts: 72ms, application-code: 152ms)
 GET / 200 in 207ms (next.js: 9ms, proxy.ts: 90ms, application-code: 108ms)
 GET / 200 in 121ms (next.js: 4ms, proxy.ts: 17ms, application-code: 99ms)
 GET / 200 in 868ms (next.js: 4ms, proxy.ts: 20ms, application-code: 844ms)
 POST / 200 in 310ms (next.js: 5ms, proxy.ts: 18ms, application-code: 287ms)
  └─ ƒ getAssets() in 254ms src/lib/actions/assets.ts
 POST / 200 in 56ms (next.js: 6ms, proxy.ts: 18ms, application-code: 32ms)
  └─ ƒ getLiabilities() in 21ms src/lib/actions/liabilities.ts
 POST / 200 in 388ms (next.js: 4ms, proxy.ts: 15ms, application-code: 370ms)
  └─ ƒ getTransactions() in 360ms src/lib/actions/ledger.ts
 POST / 200 in 46ms (next.js: 4ms, proxy.ts: 17ms, application-code: 25ms)
  └─ ƒ getAutoForecast(12) in 15ms src/lib/actions/forecast.ts
 POST / 200 in 47ms (next.js: 4ms, proxy.ts: 16ms, application-code: 28ms)
  └─ ƒ getBudgetProgress("2026-06-16") in 19ms src/lib/actions/budget.ts
 POST / 200 in 63ms (next.js: 4ms, proxy.ts: 19ms, application-code: 40ms)
  └─ ƒ getGoals() in 18ms src/lib/actions/goals.ts
 POST / 200 in 43ms (next.js: 4ms, proxy.ts: 16ms, application-code: 23ms)
  └─ ƒ simulateCashflow({"monthlyExpense":"10307.50","monthlyIncome":"32680.00","months":12}) in 14ms src/lib/actions/forecast.ts
 POST / 200 in 294ms (next.js: 8ms, proxy.ts: 19ms, application-code: 267ms)
  └─ ƒ getAssets() in 256ms src/lib/actions/assets.ts
 POST / 200 in 66ms (next.js: 8ms, proxy.ts: 24ms, application-code: 34ms)
  └─ ƒ getLiabilities() in 19ms src/lib/actions/liabilities.ts
 POST / 200 in 390ms (next.js: 4ms, proxy.ts: 19ms, application-code: 366ms)
  └─ ƒ getTransactions() in 354ms src/lib/actions/ledger.ts
 POST / 200 in 48ms (next.js: 4ms, proxy.ts: 20ms, application-code: 24ms)
  └─ ƒ getAutoForecast(12) in 16ms src/lib/actions/forecast.ts
 POST / 200 in 52ms (next.js: 4ms, proxy.ts: 20ms, application-code: 29ms)
  └─ ƒ getBudgetProgress("2026-06-16") in 20ms src/lib/actions/budget.ts
 POST / 200 in 47ms (next.js: 4ms, proxy.ts: 20ms, application-code: 23ms)
  └─ ƒ getGoals() in 14ms src/lib/actions/goals.ts
 POST / 200 in 43ms (next.js: 4ms, proxy.ts: 17ms, application-code: 22ms)
  └─ ƒ simulateCashflow({"monthlyExpense":"10307.50","monthlyIncome":"32680.00","months":12}) in 13ms src/lib/actions/forecast.ts
 POST / 200 in 537ms (next.js: 8ms, proxy.ts: 36ms, application-code: 493ms)
  └─ ƒ getAssets() in 271ms src/lib/actions/assets.ts
 POST / 200 in 535ms (next.js: 15ms, proxy.ts: 34ms, application-code: 487ms)
  └─ ƒ getAssets() in 472ms src/lib/actions/assets.ts
 POST / 200 in 70ms (next.js: 9ms, proxy.ts: 19ms, application-code: 42ms)
  └─ ƒ getLiabilities() in 25ms src/lib/actions/liabilities.ts
 POST / 200 in 69ms (next.js: 8ms, proxy.ts: 37ms, application-code: 24ms)
  └─ ƒ getLiabilities() in 14ms src/lib/actions/liabilities.ts
 POST / 200 in 411ms (next.js: 7ms, proxy.ts: 14ms, application-code: 389ms)
  └─ ƒ getTransactions() in 377ms src/lib/actions/ledger.ts
 POST / 200 in 707ms (next.js: 8ms, proxy.ts: 23ms, application-code: 676ms)
  └─ ƒ getTransactions() in 661ms src/lib/actions/ledger.ts
 POST / 200 in 58ms (next.js: 6ms, proxy.ts: 13ms, application-code: 39ms)
  └─ ƒ getAutoForecast(12) in 27ms src/lib/actions/forecast.ts
 POST / 200 in 54ms (next.js: 5ms, proxy.ts: 28ms, application-code: 21ms)
  └─ ƒ getAutoForecast(12) in 10ms src/lib/actions/forecast.ts
 POST / 200 in 70ms (next.js: 4ms, proxy.ts: 17ms, application-code: 49ms)
  └─ ƒ getBudgetProgress("2026-06-16") in 40ms src/lib/actions/budget.ts
 POST / 200 in 59ms (next.js: 10ms, proxy.ts: 22ms, application-code: 28ms)
  └─ ƒ getBudgetProgress("2026-06-16") in 19ms src/lib/actions/budget.ts
 POST / 200 in 78ms (next.js: 5ms, proxy.ts: 25ms, application-code: 48ms)
  └─ ƒ getGoals() in 31ms src/lib/actions/goals.ts
 POST / 200 in 67ms (next.js: 5ms, proxy.ts: 27ms, application-code: 34ms)
  └─ ƒ getGoals() in 26ms src/lib/actions/goals.ts
 POST / 200 in 3.5s (next.js: 13ms, proxy.ts: 24ms, application-code: 3.5s)
  └─ ƒ refreshMyPrices() in 3453ms src/lib/actions/assets.ts
 POST / 200 in 36ms (next.js: 3ms, proxy.ts: 16ms, application-code: 17ms)
  └─ ƒ simulateCashflow({"monthlyExpense":"10307.50","monthlyIncome":"32680.00","months":12}) in 9ms src/lib/actions/forecast.ts
 POST / 200 in 249ms (next.js: 4ms, proxy.ts: 15ms, application-code: 230ms)
  └─ ƒ getAssets() in 221ms src/lib/actions/assets.ts
 POST / 200 in 4.7s (next.js: 6ms, proxy.ts: 25ms, application-code: 4.6s)
  └─ ƒ refreshMyPrices() in 4637ms src/lib/actions/assets.ts
 POST / 200 in 37ms (next.js: 3ms, proxy.ts: 16ms, application-code: 17ms)
  └─ ƒ simulateCashflow({"monthlyExpense":"10307.50","monthlyIncome":"32680.00","months":12}) in 9ms src/lib/actions/forecast.ts
 POST / 200 in 325ms (next.js: 4ms, proxy.ts: 17ms, application-code: 304ms)
  └─ ƒ getAssets() in 276ms src/lib/actions/assets.ts
 POST / 200 in 573ms (next.js: 22ms, proxy.ts: 34ms, application-code: 516ms)
  └─ ƒ getAssets() in 504ms src/lib/actions/assets.ts
 POST / 200 in 578ms (next.js: 9ms, proxy.ts: 37ms, application-code: 533ms)
  └─ ƒ getAssets() in 308ms src/lib/actions/assets.ts
 POST / 200 in 90ms (next.js: 10ms, proxy.ts: 34ms, application-code: 45ms)
  └─ ƒ getLiabilities() in 32ms src/lib/actions/liabilities.ts
 POST / 200 in 89ms (next.js: 12ms, proxy.ts: 38ms, application-code: 38ms)
  └─ ƒ getLiabilities() in 29ms src/lib/actions/liabilities.ts
 POST / 200 in 751ms (next.js: 7ms, proxy.ts: 34ms, application-code: 710ms)
  └─ ƒ getTransactions() in 388ms src/lib/actions/ledger.ts
 POST / 200 in 741ms (next.js: 15ms, proxy.ts: 27ms, application-code: 698ms)
  └─ ƒ getTransactions() in 682ms src/lib/actions/ledger.ts
 POST / 200 in 77ms (next.js: 6ms, proxy.ts: 27ms, application-code: 45ms)
  └─ ƒ getAutoForecast(12) in 31ms src/lib/actions/forecast.ts
 POST / 200 in 75ms (next.js: 15ms, proxy.ts: 26ms, application-code: 35ms)
  └─ ƒ getAutoForecast(12) in 25ms src/lib/actions/forecast.ts
 POST / 200 in 77ms (next.js: 6ms, proxy.ts: 26ms, application-code: 45ms)
  └─ ƒ getBudgetProgress("2026-06-16") in 30ms src/lib/actions/budget.ts
 POST / 200 in 85ms (next.js: 16ms, proxy.ts: 25ms, application-code: 44ms)
  └─ ƒ getBudgetProgress("2026-06-16") in 30ms src/lib/actions/budget.ts
 POST / 200 in 73ms (next.js: 7ms, proxy.ts: 24ms, application-code: 41ms)
  └─ ƒ getGoals() in 32ms src/lib/actions/goals.ts
 POST / 200 in 67ms (next.js: 10ms, proxy.ts: 26ms, application-code: 32ms)
  └─ ƒ getGoals() in 23ms src/lib/actions/goals.ts
 POST / 200 in 68ms (next.js: 5ms, proxy.ts: 29ms, application-code: 34ms)
  └─ ƒ simulateCashflow({"monthlyExpense":"10307.50","monthlyIncome":"32680.00","months":12}) in 22ms src/lib/actions/forecast.ts
 POST / 200 in 61ms (next.js: 6ms, proxy.ts: 27ms, application-code: 28ms)
  └─ ƒ simulateCashflow({"monthlyExpense":"10307.50","monthlyIncome":"32680.00","months":12}) in 19ms src/lib/actions/forecast.ts
[browser] [ECharts] Can't get DOM width or height. Please check dom.clientWidth and dom.clientHeight. They should not be 0.For example, you may need to call this in the callback of window.onload. (<anonymous>)
[browser] [ECharts] Can't get DOM width or height. Please check dom.clientWidth and dom.clientHeight. They should not be 0.For example, you may need to call this in the callback of window.onload. (<anonymous>)
[browser] [ECharts] Can't get DOM width or height. Please check dom.clientWidth and dom.clientHeight. They should not be 0.For example, you may need to call this in the callback of window.onload. (<anonymous>)
[browser] [ECharts] Can't get DOM width or height. Please check dom.clientWidth and dom.clientHeight. They should not be 0.For example, you may need to call this in the callback of window.onload. (<anonymous>)
[browser] [ECharts] Can't get DOM width or height. Please check dom.clientWidth and dom.clientHeight. They should not be 0.For example, you may need to call this in the callback of window.onload. (<anonymous>)
[browser] [ECharts] Can't get DOM width or height. Please check dom.clientWidth and dom.clientHeight. They should not be 0.For example, you may need to call this in the callback of window.onload. (<anonymous>)
 POST / 200 in 568ms (next.js: 27ms, proxy.ts: 40ms, application-code: 501ms)
  └─ ƒ getAssets() in 274ms src/lib/actions/assets.ts
 POST / 200 in 579ms (next.js: 11ms, proxy.ts: 47ms, application-code: 521ms)
  └─ ƒ getAssets() in 500ms src/lib/actions/assets.ts
 POST / 200 in 83ms (next.js: 8ms, proxy.ts: 32ms, application-code: 42ms)
  └─ ƒ getLiabilities() in 28ms src/lib/actions/liabilities.ts
 POST / 200 in 81ms (next.js: 15ms, proxy.ts: 33ms, application-code: 33ms)
  └─ ƒ getLiabilities() in 24ms src/lib/actions/liabilities.ts
 POST / 200 in 752ms (next.js: 9ms, proxy.ts: 31ms, application-code: 712ms)
  └─ ƒ getTransactions() in 382ms src/lib/actions/ledger.ts
 POST / 200 in 755ms (next.js: 14ms, proxy.ts: 35ms, application-code: 706ms)
  └─ ƒ getTransactions() in 695ms src/lib/actions/ledger.ts
 POST / 200 in 74ms (next.js: 6ms, proxy.ts: 26ms, application-code: 42ms)
  └─ ƒ getAutoForecast(12) in 30ms src/lib/actions/forecast.ts
 POST / 200 in 73ms (next.js: 13ms, proxy.ts: 26ms, application-code: 34ms)
  └─ ƒ getAutoForecast(12) in 25ms src/lib/actions/forecast.ts
 POST / 200 in 129ms (next.js: 8ms, proxy.ts: 31ms, application-code: 90ms)
  └─ ƒ getBudgetProgress("2026-06-16") in 60ms src/lib/actions/budget.ts
 POST / 200 in 128ms (next.js: 12ms, proxy.ts: 31ms, application-code: 86ms)
  └─ ƒ getBudgetProgress("2026-06-16") in 73ms src/lib/actions/budget.ts
 POST / 200 in 128ms (next.js: 14ms, proxy.ts: 46ms, application-code: 68ms)
  └─ ƒ getGoals() in 52ms src/lib/actions/goals.ts
 POST / 200 in 131ms (next.js: 25ms, proxy.ts: 44ms, application-code: 62ms)
  └─ ƒ getGoals() in 47ms src/lib/actions/goals.ts
 POST / 200 in 3.6s (next.js: 13ms, proxy.ts: 24ms, application-code: 3.6s)
  └─ ƒ refreshMyPrices() in 3554ms src/lib/actions/assets.ts
 POST / 200 in 44ms (next.js: 4ms, proxy.ts: 18ms, application-code: 22ms)
  └─ ƒ simulateCashflow({"monthlyExpense":"10307.50","monthlyIncome":"32680.00","months":12}) in 13ms src/lib/actions/forecast.ts
 POST / 200 in 5.8s (next.js: 9ms, proxy.ts: 100ms, application-code: 5.7s)
  └─ ƒ refreshMyPrices() in 5656ms src/lib/actions/assets.ts
 POST / 200 in 37ms (next.js: 4ms, proxy.ts: 15ms, application-code: 18ms)
  └─ ƒ simulateCashflow({"monthlyExpense":"10307.50","monthlyIncome":"32680.00","months":12}) in 10ms src/lib/actions/forecast.ts
⨯ Error: aborted
    at ignore-listed frames {
  code: 'ECONNRESET'
}
 GET / 200 in 193ms (next.js: 4ms, proxy.ts: 25ms, application-code: 163ms)
 POST / 200 in 275ms (next.js: 4ms, proxy.ts: 20ms, application-code: 251ms)
  └─ ƒ getAssets() in 241ms src/lib/actions/assets.ts
 POST / 200 in 41ms (next.js: 4ms, proxy.ts: 18ms, application-code: 20ms)
  └─ ƒ getLiabilities() in 12ms src/lib/actions/liabilities.ts
 POST / 200 in 400ms (next.js: 4ms, proxy.ts: 20ms, application-code: 377ms)
  └─ ƒ getTransactions() in 365ms src/lib/actions/ledger.ts
 POST / 200 in 47ms (next.js: 4ms, proxy.ts: 17ms, application-code: 25ms)
  └─ ƒ getAutoForecast(12) in 13ms src/lib/actions/forecast.ts
 POST / 200 in 46ms (next.js: 4ms, proxy.ts: 15ms, application-code: 27ms)
  └─ ƒ getBudgetProgress("2026-06-17") in 18ms src/lib/actions/budget.ts
 POST / 200 in 48ms (next.js: 4ms, proxy.ts: 17ms, application-code: 26ms)
  └─ ƒ getGoals() in 16ms src/lib/actions/goals.ts
 POST / 200 in 43ms (next.js: 4ms, proxy.ts: 21ms, application-code: 18ms)
  └─ ƒ simulateCashflow({"monthlyExpense":"10307.50","monthlyIncome":"32680.00","months":12}) in 9ms src/lib/actions/forecast.ts
[browser] [ECharts] Can't get DOM width or height. Please check dom.clientWidth and dom.clientHeight. They should not be 0.For example, you may need to call this in the callback of window.onload. (<anonymous>)
[browser] [ECharts] Can't get DOM width or height. Please check dom.clientWidth and dom.clientHeight. They should not be 0.For example, you may need to call this in the callback of window.onload. (<anonymous>)
 POST / 200 in 4.2s (next.js: 4ms, proxy.ts: 17ms, application-code: 4.2s)
  └─ ƒ refreshMyPrices() in 4174ms src/lib/actions/assets.ts
 POST / 200 in 3.1s (next.js: 4ms, proxy.ts: 24ms, application-code: 3.1s)
  └─ ƒ refreshMyPrices() in 3070ms src/lib/actions/assets.ts
 POST / 200 in 330ms (next.js: 6ms, proxy.ts: 20ms, application-code: 303ms)
  └─ ƒ getAssets() in 274ms src/lib/actions/assets.ts
 GET /management/assets 200 in 160ms (next.js: 34ms, proxy.ts: 14ms, application-code: 112ms)
 POST / 200 in 150ms (next.js: 9ms, proxy.ts: 85ms, application-code: 56ms)
  └─ ƒ getLiabilities() in 40ms src/lib/actions/liabilities.ts
 POST /management/assets 200 in 477ms (next.js: 9ms, proxy.ts: 75ms, application-code: 393ms)
  └─ ƒ getTransactions() in 375ms src/lib/actions/ledger.ts
 POST / 200 in 363ms (next.js: 5ms, proxy.ts: 22ms, application-code: 336ms)
  └─ ƒ getAutoForecast(12) in 323ms src/lib/actions/forecast.ts
 POST / 200 in 88ms (next.js: 8ms, proxy.ts: 36ms, application-code: 44ms)
  └─ ƒ getGoals() in 35ms src/lib/actions/goals.ts
 POST / 200 in 72ms (next.js: 4ms, proxy.ts: 26ms, application-code: 43ms)
  └─ ƒ getBudgetProgress("2026-06-17") in 28ms src/lib/actions/budget.ts
 POST /management/assets 200 in 134ms (next.js: 5ms, proxy.ts: 24ms, application-code: 104ms)
 POST / 200 in 3.5s (next.js: 4ms, proxy.ts: 17ms, application-code: 3.4s)
  └─ ƒ refreshMyPrices() in 3436ms src/lib/actions/assets.ts
 POST / 200 in 41ms (next.js: 5ms, proxy.ts: 16ms, application-code: 20ms)
  └─ ƒ simulateCashflow({"monthlyExpense":"10307.50","monthlyIncome":"32680.00","months":12}) in 10ms src/lib/actions/forecast.ts
[browser] [ECharts] Can't get DOM width or height. Please check dom.clientWidth and dom.clientHeight. They should not be 0.For example, you may need to call this in the callback of window.onload. (<anonymous>)
[browser] [ECharts] Can't get DOM width or height. Please check dom.clientWidth and dom.clientHeight. They should not be 0.For example, you may need to call this in the callback of window.onload. (<anonymous>)
 POST /management/assets 200 in 3.7s (next.js: 4ms, proxy.ts: 18ms, application-code: 3.6s)
  └─ ƒ refreshMyPrices() in 3619ms src/lib/actions/assets.ts
 POST /management/assets 200 in 3.4s (next.js: 4ms, proxy.ts: 16ms, application-code: 3.4s)
  └─ ƒ refreshMyPrices() in 3410ms src/lib/actions/assets.ts
 GET /management/assets 200 in 557ms (next.js: 29ms, proxy.ts: 73ms, application-code: 455ms)
 POST /management/assets 200 in 564ms (next.js: 17ms, proxy.ts: 72ms, application-code: 476ms)
  └─ ƒ getAssets() in 439ms src/lib/actions/assets.ts
 POST / 200 in 406ms (next.js: 4ms, proxy.ts: 369ms, application-code: 33ms)
  └─ ƒ getLiabilities() in 18ms src/lib/actions/liabilities.ts
 POST /management/assets 200 in 596ms (next.js: 89ms, proxy.ts: 67ms, application-code: 440ms)
 POST /management/assets 200 in 379ms (next.js: 4ms, proxy.ts: 29ms, application-code: 347ms)
  └─ ƒ getTransactions() in 333ms src/lib/actions/ledger.ts
 POST / 200 in 83ms (next.js: 5ms, proxy.ts: 22ms, application-code: 56ms)
  └─ ƒ getBudgetProgress("2026-06-17") in 42ms src/lib/actions/budget.ts
 POST /management/assets 200 in 443ms (next.js: 4ms, proxy.ts: 336ms, application-code: 104ms)
 POST / 200 in 65ms (next.js: 9ms, proxy.ts: 24ms, application-code: 32ms)
  └─ ƒ getGoals() in 18ms src/lib/actions/goals.ts
 POST /management/assets 200 in 134ms (next.js: 6ms, proxy.ts: 29ms, application-code: 100ms)
 POST / 200 in 5.0s (next.js: 4ms, proxy.ts: 16ms, application-code: 5.0s)
  └─ ƒ refreshMyPrices() in 4984ms src/lib/actions/assets.ts
 POST /management/assets 200 in 3.6s (next.js: 4ms, proxy.ts: 32ms, application-code: 3.6s)
  └─ ƒ refreshMyPrices() in 3573ms src/lib/actions/assets.ts
 POST /management/assets 200 in 4.0s (next.js: 4ms, proxy.ts: 20ms, application-code: 4.0s)
  └─ ƒ refreshMyPrices() in 4010ms src/lib/actions/assets.ts
 POST /management/assets 200 in 153ms (next.js: 5ms, proxy.ts: 23ms, application-code: 125ms)
  └─ ƒ updateAsset("00c0a0b1-1387-42e8-a93c-75a8ac64c307", {"balance":"9000","name":"ybc招商银行卡"}) in 109ms src/lib/actions/assets.ts
 POST /management/assets 200 in 261ms (next.js: 5ms, proxy.ts: 21ms, application-code: 235ms)
  └─ ƒ getAssets() in 221ms src/lib/actions/assets.ts
 POST /management/assets 200 in 124ms (next.js: 6ms, proxy.ts: 19ms, application-code: 100ms)
  └─ ƒ updateAsset("e2ef671f-d8e6-45f3-9dcd-5175f8072fcf", {"balance":"8000","name":"ch中国银行"}) in 83ms src/lib/actions/assets.ts
 POST /management/assets 200 in 259ms (next.js: 6ms, proxy.ts: 18ms, application-code: 235ms)
  └─ ƒ getAssets() in 223ms src/lib/actions/assets.ts
 POST /management/assets 200 in 124ms (next.js: 4ms, proxy.ts: 21ms, application-code: 99ms)
  └─ ƒ updateAsset("e2ef671f-d8e6-45f3-9dcd-5175f8072fcf", {"balance":"8000","name":"ch中国银行"}) in 81ms src/lib/actions/assets.ts
 POST /management/assets 200 in 256ms (next.js: 7ms, proxy.ts: 22ms, application-code: 227ms)
  └─ ƒ getAssets() in 211ms src/lib/actions/assets.ts
 POST /management/assets 200 in 136ms (next.js: 6ms, proxy.ts: 21ms, application-code: 110ms)
  └─ ƒ updateAsset("e2ef671f-d8e6-45f3-9dcd-5175f8072fcf", {"balance":"7000","name":"ch中国银行"}) in 94ms src/lib/actions/assets.ts
 POST /management/assets 200 in 266ms (next.js: 4ms, proxy.ts: 19ms, application-code: 243ms)
  └─ ƒ getAssets() in 227ms src/lib/actions/assets.ts
 POST /management/assets 200 in 87ms (next.js: 5ms, proxy.ts: 20ms, application-code: 62ms)
  └─ ƒ deleteAsset("39d7890a-b943-4640-8cea-4b23e9785815") in 47ms src/lib/actions/assets.ts
 POST /management/assets 200 in 262ms (next.js: 6ms, proxy.ts: 20ms, application-code: 236ms)
  └─ ƒ getAssets() in 221ms src/lib/actions/assets.ts
 POST /management/assets 200 in 61ms (next.js: 6ms, proxy.ts: 20ms, application-code: 35ms)
  └─ ƒ deleteAsset("d28369bb-1e8c-4a22-bbab-0d707535b65b") in 19ms src/lib/actions/assets.ts
 POST /management/assets 200 in 264ms (next.js: 4ms, proxy.ts: 20ms, application-code: 240ms)
  └─ ƒ getAssets() in 226ms src/lib/actions/assets.ts
 GET / 200 in 117ms (next.js: 5ms, proxy.ts: 20ms, application-code: 93ms)
[browser] [ECharts] Can't get DOM width or height. Please check dom.clientWidth and dom.clientHeight. They should not be 0.For example, you may need to call this in the callback of window.onload. (<anonymous>)
[browser] [ECharts] Can't get DOM width or height. Please check dom.clientWidth and dom.clientHeight. They should not be 0.For example, you may need to call this in the callback of window.onload. (<anonymous>)
 POST / 200 in 253ms (next.js: 4ms, proxy.ts: 19ms, application-code: 230ms)
  └─ ƒ getAssets() in 220ms src/lib/actions/assets.ts
 POST / 200 in 45ms (next.js: 5ms, proxy.ts: 18ms, application-code: 21ms)
  └─ ƒ getLiabilities() in 13ms src/lib/actions/liabilities.ts
 POST / 200 in 399ms (next.js: 5ms, proxy.ts: 16ms, application-code: 377ms)
  └─ ƒ getTransactions() in 364ms src/lib/actions/ledger.ts
 POST / 200 in 46ms (next.js: 4ms, proxy.ts: 16ms, application-code: 25ms)
  └─ ƒ getAutoForecast(12) in 16ms src/lib/actions/forecast.ts
 POST / 200 in 49ms (next.js: 4ms, proxy.ts: 18ms, application-code: 27ms)
  └─ ƒ getBudgetProgress("2026-06-17") in 18ms src/lib/actions/budget.ts
 POST / 200 in 47ms (next.js: 4ms, proxy.ts: 15ms, application-code: 28ms)
  └─ ƒ getGoals() in 19ms src/lib/actions/goals.ts
 POST / 200 in 36ms (next.js: 4ms, proxy.ts: 16ms, application-code: 17ms)
  └─ ƒ simulateCashflow({"monthlyExpense":"10307.50","monthlyIncome":"32680.00","months":12}) in 8ms src/lib/actions/forecast.ts
 GET /management/assets 200 in 92ms (next.js: 4ms, proxy.ts: 16ms, application-code: 72ms)
 POST /management/assets 200 in 262ms (next.js: 4ms, proxy.ts: 21ms, application-code: 237ms)
  └─ ƒ getAssets() in 228ms src/lib/actions/assets.ts
 POST /management/assets 200 in 365ms (next.js: 3ms, proxy.ts: 17ms, application-code: 344ms)
  └─ ƒ getTransactions() in 334ms src/lib/actions/ledger.ts
 POST /management/assets 200 in 3.1s (next.js: 4ms, proxy.ts: 25ms, application-code: 3.1s)
  └─ ƒ createAsset({"category":"stock","costUnitPrice":"74.75","currency":"CNY","...":"4 items not stringified"}) in 3045ms src/lib/actions/assets.ts
 POST /management/assets 200 in 354ms (next.js: 4ms, proxy.ts: 12ms, application-code: 337ms)
  └─ ƒ getAssets() in 328ms src/lib/actions/assets.ts
 POST /management/assets 200 in 2.3s (next.js: 4ms, proxy.ts: 15ms, application-code: 2.3s)
  └─ ƒ createAsset({"category":"stock","costUnitPrice":"69.51","currency":"CNY","...":"4 items not stringified"}) in 2264ms src/lib/actions/assets.ts
 POST /management/assets 200 in 471ms (next.js: 4ms, proxy.ts: 19ms, application-code: 448ms)
  └─ ƒ getAssets() in 436ms src/lib/actions/assets.ts
 POST /management/assets 200 in 1646ms (next.js: 7ms, proxy.ts: 19ms, application-code: 1620ms)
  └─ ƒ createAsset({"category":"stock","costUnitPrice":"128.63","currency":"CNY","...":"4 items not stringified"}) in 1602ms src/lib/actions/assets.ts
 POST /management/assets 200 in 586ms (next.js: 6ms, proxy.ts: 18ms, application-code: 562ms)
  └─ ƒ getAssets() in 543ms src/lib/actions/assets.ts
 GET /management/liabilities 200 in 126ms (next.js: 36ms, proxy.ts: 19ms, application-code: 72ms)
 POST /management/liabilities 200 in 62ms (next.js: 4ms, proxy.ts: 28ms, application-code: 30ms)
  └─ ƒ getLiabilities() in 16ms src/lib/actions/liabilities.ts
 POST /management/liabilities 200 in 384ms (next.js: 6ms, proxy.ts: 15ms, application-code: 363ms)
  └─ ƒ getTransactions() in 353ms src/lib/actions/ledger.ts
 POST /management/liabilities 200 in 548ms (next.js: 4ms, proxy.ts: 18ms, application-code: 526ms)
  └─ ƒ getAssets() in 517ms src/lib/actions/assets.ts
 GET /management/ledger 200 in 117ms (next.js: 25ms, proxy.ts: 15ms, application-code: 76ms)
 POST /management/ledger 200 in 47ms (next.js: 4ms, proxy.ts: 14ms, application-code: 29ms)
  └─ ƒ getCategories() in 16ms src/lib/actions/categories.ts
 POST /management/ledger 200 in 367ms (next.js: 4ms, proxy.ts: 16ms, application-code: 347ms)
  └─ ƒ getTransactions() in 336ms src/lib/actions/ledger.ts
 POST /management/ledger 200 in 562ms (next.js: 4ms, proxy.ts: 17ms, application-code: 541ms)
  └─ ƒ getAssets() in 531ms src/lib/actions/assets.ts
 POST /management/ledger 200 in 90ms (next.js: 4ms, proxy.ts: 15ms, application-code: 70ms)
  └─ ƒ deleteTransaction("9852a3d3-e391-495f-8d71-b6b63110e3f3") in 57ms src/lib/actions/ledger.ts
 POST /management/ledger 200 in 418ms (next.js: 6ms, proxy.ts: 24ms, application-code: 389ms)
  └─ ƒ getTransactions() in 378ms src/lib/actions/ledger.ts
 POST /management/ledger 200 in 85ms (next.js: 7ms, proxy.ts: 20ms, application-code: 58ms)
  └─ ƒ deleteTransaction("42782a57-4434-4747-8617-42ccde133fca") in 44ms src/lib/actions/ledger.ts
 POST /management/ledger 200 in 389ms (next.js: 5ms, proxy.ts: 25ms, application-code: 360ms)
  └─ ƒ getTransactions() in 348ms src/lib/actions/ledger.ts
 GET /management/assets 200 in 104ms (next.js: 8ms, proxy.ts: 24ms, application-code: 71ms)
 POST /management/assets 200 in 569ms (next.js: 6ms, proxy.ts: 16ms, application-code: 546ms)
  └─ ƒ getAssets() in 534ms src/lib/actions/assets.ts
 POST /management/assets 200 in 378ms (next.js: 4ms, proxy.ts: 15ms, application-code: 358ms)
  └─ ƒ getTransactions() in 341ms src/lib/actions/ledger.ts
 GET / 200 in 107ms (next.js: 5ms, proxy.ts: 17ms, application-code: 85ms)
[browser] [ECharts] Can't get DOM width or height. Please check dom.clientWidth and dom.clientHeight. They should not be 0.For example, you may need to call this in the callback of window.onload. (<anonymous>)
[browser] [ECharts] Can't get DOM width or height. Please check dom.clientWidth and dom.clientHeight. They should not be 0.For example, you may need to call this in the callback of window.onload. (<anonymous>)
 POST / 200 in 570ms (next.js: 5ms, proxy.ts: 18ms, application-code: 547ms)
  └─ ƒ getAssets() in 532ms src/lib/actions/assets.ts
 GET / 200 in 27ms (next.js: 4ms, proxy.ts: 16ms, application-code: 7ms)
 GET / 200 in 134ms (next.js: 6ms, proxy.ts: 34ms, application-code: 95ms)
 POST / 200 in 139ms (next.js: 40ms, proxy.ts: 35ms, application-code: 64ms)
  └─ ƒ getLiabilities() in 52ms src/lib/actions/liabilities.ts
 POST / 200 in 463ms (next.js: 13ms, proxy.ts: 71ms, application-code: 379ms)
  └─ ƒ getTransactions() in 361ms src/lib/actions/ledger.ts
 POST / 200 in 62ms (next.js: 4ms, proxy.ts: 18ms, application-code: 40ms)
  └─ ƒ getAutoForecast(12) in 28ms src/lib/actions/forecast.ts
 POST / 200 in 68ms (next.js: 5ms, proxy.ts: 23ms, application-code: 39ms)
  └─ ƒ getBudgetProgress("2026-06-17") in 25ms src/lib/actions/budget.ts
 POST / 200 in 87ms (next.js: 5ms, proxy.ts: 29ms, application-code: 53ms)
  └─ ƒ getGoals() in 40ms src/lib/actions/goals.ts
 POST / 200 in 61ms (next.js: 5ms, proxy.ts: 26ms, application-code: 31ms)
  └─ ƒ simulateCashflow({"monthlyExpense":"10039.50","monthlyIncome":"32000.00","months":12}) in 20ms src/lib/actions/forecast.ts
 GET / 200 in 185ms (next.js: 4ms, proxy.ts: 17ms, application-code: 164ms)
 POST / 200 in 613ms (next.js: 9ms, proxy.ts: 22ms, application-code: 582ms)
  └─ ƒ getAssets() in 569ms src/lib/actions/assets.ts
 POST / 200 in 50ms (next.js: 8ms, proxy.ts: 15ms, application-code: 27ms)
  └─ ƒ getLiabilities() in 13ms src/lib/actions/liabilities.ts
 POST / 200 in 391ms (next.js: 4ms, proxy.ts: 16ms, application-code: 372ms)
  └─ ƒ getTransactions() in 353ms src/lib/actions/ledger.ts
 POST / 200 in 48ms (next.js: 4ms, proxy.ts: 16ms, application-code: 28ms)
  └─ ƒ getAutoForecast(12) in 14ms src/lib/actions/forecast.ts
 POST / 200 in 48ms (next.js: 4ms, proxy.ts: 18ms, application-code: 27ms)
  └─ ƒ getBudgetProgress("2026-06-17") in 18ms src/lib/actions/budget.ts
 POST / 200 in 47ms (next.js: 4ms, proxy.ts: 19ms, application-code: 24ms)
  └─ ƒ getGoals() in 16ms src/lib/actions/goals.ts
 POST / 200 in 42ms (next.js: 4ms, proxy.ts: 20ms, application-code: 18ms)
  └─ ƒ simulateCashflow({"monthlyExpense":"10039.50","monthlyIncome":"32000.00","months":12}) in 9ms src/lib/actions/forecast.ts
[browser] [ECharts] Can't get DOM width or height. Please check dom.clientWidth and dom.clientHeight. They should not be 0.For example, you may need to call this in the callback of window.onload. (<anonymous>)
[browser] [ECharts] Can't get DOM width or height. Please check dom.clientWidth and dom.clientHeight. They should not be 0.For example, you may need to call this in the callback of window.onload. (<anonymous>)
 POST / 200 in 587ms (next.js: 4ms, proxy.ts: 16ms, application-code: 567ms)
  └─ ƒ getAssets() in 558ms src/lib/actions/assets.ts
 POST / 200 in 64ms (next.js: 6ms, proxy.ts: 25ms, application-code: 32ms)
  └─ ƒ getLiabilities() in 14ms src/lib/actions/liabilities.ts
 POST / 200 in 397ms (next.js: 4ms, proxy.ts: 20ms, application-code: 374ms)
  └─ ƒ getTransactions() in 364ms src/lib/actions/ledger.ts
 POST / 200 in 55ms (next.js: 7ms, proxy.ts: 20ms, application-code: 29ms)
  └─ ƒ getAutoForecast(12) in 17ms src/lib/actions/forecast.ts
 POST / 200 in 56ms (next.js: 6ms, proxy.ts: 19ms, application-code: 31ms)
  └─ ƒ getBudgetProgress("2026-06-17") in 22ms src/lib/actions/budget.ts
 POST / 200 in 61ms (next.js: 7ms, proxy.ts: 24ms, application-code: 29ms)
  └─ ƒ getGoals() in 17ms src/lib/actions/goals.ts
 POST / 200 in 42ms (next.js: 4ms, proxy.ts: 18ms, application-code: 20ms)
  └─ ƒ simulateCashflow({"monthlyExpense":"10039.50","monthlyIncome":"32000.00","months":12}) in 8ms src/lib/actions/forecast.ts
 GET / 200 in 151ms (next.js: 4ms, proxy.ts: 11ms, application-code: 136ms)
 POST / 200 in 662ms (next.js: 7ms, proxy.ts: 22ms, application-code: 633ms)
  └─ ƒ getAssets() in 541ms src/lib/actions/assets.ts
 POST / 200 in 43ms (next.js: 4ms, proxy.ts: 18ms, application-code: 21ms)
  └─ ƒ getLiabilities() in 13ms src/lib/actions/liabilities.ts
 POST / 200 in 398ms (next.js: 4ms, proxy.ts: 22ms, application-code: 372ms)
  └─ ƒ getTransactions() in 360ms src/lib/actions/ledger.ts
 POST / 200 in 40ms (next.js: 4ms, proxy.ts: 15ms, application-code: 21ms)
  └─ ƒ getAutoForecast(12) in 13ms src/lib/actions/forecast.ts
 POST / 200 in 44ms (next.js: 4ms, proxy.ts: 16ms, application-code: 25ms)
  └─ ƒ getBudgetProgress("2026-06-17") in 17ms src/lib/actions/budget.ts
 POST / 200 in 50ms (next.js: 4ms, proxy.ts: 16ms, application-code: 29ms)
  └─ ƒ getGoals() in 19ms src/lib/actions/goals.ts
 POST / 200 in 44ms (next.js: 8ms, proxy.ts: 17ms, application-code: 19ms)
  └─ ƒ simulateCashflow({"monthlyExpense":"10039.50","monthlyIncome":"32000.00","months":12}) in 10ms src/lib/actions/forecast.ts
[browser] [ECharts] Can't get DOM width or height. Please check dom.clientWidth and dom.clientHeight. They should not be 0.For example, you may need to call this in the callback of window.onload. (<anonymous>)
[browser] [ECharts] Can't get DOM width or height. Please check dom.clientWidth and dom.clientHeight. They should not be 0.For example, you may need to call this in the callback of window.onload. (<anonymous>)
 POST / 200 in 613ms (next.js: 7ms, proxy.ts: 21ms, application-code: 585ms)
  └─ ƒ getAssets() in 568ms src/lib/actions/assets.ts
 GET /management/budget 200 in 184ms (next.js: 41ms, proxy.ts: 17ms, application-code: 127ms)
 POST / 200 in 125ms (next.js: 8ms, proxy.ts: 73ms, application-code: 45ms)
  └─ ƒ getLiabilities() in 34ms src/lib/actions/liabilities.ts
 POST /management/budget 200 in 444ms (next.js: 6ms, proxy.ts: 37ms, application-code: 401ms)
  └─ ƒ getTransactions() in 376ms src/lib/actions/ledger.ts
 POST / 200 in 368ms (next.js: 319ms, proxy.ts: 17ms, application-code: 32ms)
  └─ ƒ getAutoForecast(12) in 22ms src/lib/actions/forecast.ts
 POST /management/budget 200 in 77ms (next.js: 6ms, proxy.ts: 25ms, application-code: 46ms)
  └─ ƒ getBudgetProgress("2026-06-17") in 34ms src/lib/actions/budget.ts
 POST / 200 in 76ms (next.js: 16ms, proxy.ts: 25ms, application-code: 35ms)
  └─ ƒ getGoals() in 26ms src/lib/actions/goals.ts
 POST /management/budget 200 in 90ms (next.js: 6ms, proxy.ts: 26ms, application-code: 58ms)
  └─ ƒ getBudgets() in 40ms src/lib/actions/budget.ts
 POST /management/budget 200 in 59ms (next.js: 8ms, proxy.ts: 19ms, application-code: 33ms)
  └─ ƒ getCategories() in 12ms src/lib/actions/categories.ts
 POST / 200 in 119ms (next.js: 11ms, proxy.ts: 25ms, application-code: 83ms)
 POST / 200 in 44ms (next.js: 4ms, proxy.ts: 17ms, application-code: 23ms)
  └─ ƒ simulateCashflow({"monthlyExpense":"10039.50","monthlyIncome":"32000.00","months":12}) in 10ms src/lib/actions/forecast.ts
 POST /management/budget 200 in 79ms (next.js: 4ms, proxy.ts: 20ms, application-code: 54ms)
[browser] [ECharts] Can't get DOM width or height. Please check dom.clientWidth and dom.clientHeight. They should not be 0.For example, you may need to call this in the callback of window.onload. (<anonymous>)
[browser] [ECharts] Can't get DOM width or height. Please check dom.clientWidth and dom.clientHeight. They should not be 0.For example, you may need to call this in the callback of window.onload. (<anonymous>)
 POST / 200 in 572ms (next.js: 7ms, proxy.ts: 18ms, application-code: 548ms)
  └─ ƒ getAssets() in 537ms src/lib/actions/assets.ts
 POST / 200 in 45ms (next.js: 4ms, proxy.ts: 20ms, application-code: 21ms)
  └─ ƒ getLiabilities() in 12ms src/lib/actions/liabilities.ts
 POST / 200 in 359ms (next.js: 4ms, proxy.ts: 16ms, application-code: 339ms)
  └─ ƒ getTransactions() in 329ms src/lib/actions/ledger.ts
 POST / 200 in 47ms (next.js: 9ms, proxy.ts: 16ms, application-code: 22ms)
  └─ ƒ getAutoForecast(12) in 13ms src/lib/actions/forecast.ts
 POST / 200 in 49ms (next.js: 4ms, proxy.ts: 19ms, application-code: 26ms)
  └─ ƒ getBudgetProgress("2026-06-17") in 18ms src/lib/actions/budget.ts
 POST / 200 in 55ms (next.js: 4ms, proxy.ts: 18ms, application-code: 33ms)
  └─ ƒ getGoals() in 23ms src/lib/actions/goals.ts
 POST / 200 in 37ms (next.js: 4ms, proxy.ts: 16ms, application-code: 18ms)
  └─ ƒ simulateCashflow({"monthlyExpense":"10039.50","monthlyIncome":"32000.00","months":12}) in 9ms src/lib/actions/forecast.ts
 POST / 200 in 607ms (next.js: 4ms, proxy.ts: 16ms, application-code: 587ms)
  └─ ƒ getAssets() in 566ms src/lib/actions/assets.ts
 GET /management/assets 200 in 137ms (next.js: 6ms, proxy.ts: 18ms, application-code: 112ms)
 POST / 200 in 123ms (next.js: 5ms, proxy.ts: 67ms, application-code: 51ms)
  └─ ƒ getLiabilities() in 40ms src/lib/actions/liabilities.ts
 POST /management/assets 200 in 443ms (next.js: 13ms, proxy.ts: 30ms, application-code: 400ms)
  └─ ƒ getTransactions() in 373ms src/lib/actions/ledger.ts
 POST / 200 in 464ms (next.js: 20ms, proxy.ts: 331ms, application-code: 113ms)
  └─ ƒ getAutoForecast(12) in 89ms src/lib/actions/forecast.ts
 GET /management/assets 200 in 196ms (next.js: 15ms, proxy.ts: 48ms, application-code: 133ms)
 POST / 200 in 169ms (next.js: 12ms, proxy.ts: 76ms, application-code: 82ms)
  └─ ƒ getBudgetProgress("2026-06-17") in 62ms src/lib/actions/budget.ts
 POST /management/assets 200 in 318ms (next.js: 55ms, proxy.ts: 49ms, application-code: 214ms)
 POST / 200 in 131ms (next.js: 13ms, proxy.ts: 57ms, application-code: 61ms)
  └─ ƒ getGoals() in 47ms src/lib/actions/goals.ts
 POST /management/assets 200 in 305ms (next.js: 23ms, proxy.ts: 125ms, application-code: 157ms)
 POST / 200 in 95ms (next.js: 8ms, proxy.ts: 50ms, application-code: 37ms)
  └─ ƒ simulateCashflow({"monthlyExpense":"10039.50","monthlyIncome":"32000.00","months":12}) in 22ms src/lib/actions/forecast.ts
 POST /management/assets 200 in 203ms (next.js: 7ms, proxy.ts: 79ms, application-code: 117ms)
 GET /management/liabilities 200 in 75ms (next.js: 4ms, proxy.ts: 17ms, application-code: 54ms)
 POST /management/liabilities 200 in 66ms (next.js: 20ms, proxy.ts: 20ms, application-code: 26ms)
  └─ ƒ getLiabilities() in 14ms src/lib/actions/liabilities.ts
 POST /management/liabilities 200 in 443ms (next.js: 5ms, proxy.ts: 37ms, application-code: 401ms)
  └─ ƒ getTransactions() in 331ms src/lib/actions/ledger.ts
 POST /management/liabilities 200 in 561ms (next.js: 3ms, proxy.ts: 18ms, application-code: 541ms)
  └─ ƒ getAssets() in 530ms src/lib/actions/assets.ts
 GET / 200 in 103ms (next.js: 4ms, proxy.ts: 20ms, application-code: 79ms)
[browser] [ECharts] Can't get DOM width or height. Please check dom.clientWidth and dom.clientHeight. They should not be 0.For example, you may need to call this in the callback of window.onload. (<anonymous>)
[browser] [ECharts] Can't get DOM width or height. Please check dom.clientWidth and dom.clientHeight. They should not be 0.For example, you may need to call this in the callback of window.onload. (<anonymous>)
 POST / 200 in 579ms (next.js: 4ms, proxy.ts: 26ms, application-code: 549ms)
  └─ ƒ getAssets() in 538ms src/lib/actions/assets.ts
 POST / 200 in 47ms (next.js: 5ms, proxy.ts: 21ms, application-code: 20ms)
  └─ ƒ getLiabilities() in 12ms src/lib/actions/liabilities.ts
 POST / 200 in 351ms (next.js: 4ms, proxy.ts: 16ms, application-code: 332ms)
  └─ ƒ getTransactions() in 322ms src/lib/actions/ledger.ts
 POST / 200 in 36ms (next.js: 4ms, proxy.ts: 15ms, application-code: 18ms)
  └─ ƒ getAutoForecast(12) in 10ms src/lib/actions/forecast.ts
 POST / 200 in 50ms (next.js: 4ms, proxy.ts: 15ms, application-code: 31ms)
  └─ ƒ getBudgetProgress("2026-06-17") in 23ms src/lib/actions/budget.ts
 POST / 200 in 40ms (next.js: 4ms, proxy.ts: 16ms, application-code: 20ms)
  └─ ƒ getGoals() in 12ms src/lib/actions/goals.ts
 POST / 200 in 45ms (next.js: 4ms, proxy.ts: 16ms, application-code: 26ms)
  └─ ƒ simulateCashflow({"monthlyExpense":"10039.50","monthlyIncome":"32000.00","months":12}) in 8ms src/lib/actions/forecast.ts
 GET / 200 in 690ms (next.js: 245ms, proxy.ts: 21ms, application-code: 424ms)
 GET / 200 in 305ms (next.js: 5ms, proxy.ts: 209ms, application-code: 91ms)
 GET / 200 in 159ms (next.js: 14ms, proxy.ts: 36ms, application-code: 110ms)
 GET / 200 in 151ms (next.js: 4ms, proxy.ts: 48ms, application-code: 100ms)
 GET / 200 in 142ms (next.js: 4ms, proxy.ts: 43ms, application-code: 95ms)
 GET / 200 in 99ms (next.js: 4ms, proxy.ts: 20ms, application-code: 75ms)
 GET / 200 in 713ms (next.js: 237ms, proxy.ts: 22ms, application-code: 455ms)
 GET / 200 in 368ms (next.js: 5ms, proxy.ts: 275ms, application-code: 88ms)
 GET / 200 in 129ms (next.js: 4ms, proxy.ts: 40ms, application-code: 86ms)
 GET / 200 in 91ms (next.js: 3ms, proxy.ts: 15ms, application-code: 73ms)
 GET / 200 in 671ms (next.js: 206ms, proxy.ts: 65ms, application-code: 399ms)
 GET / 200 in 287ms (next.js: 4ms, proxy.ts: 180ms, application-code: 102ms)
 GET / 200 in 175ms (next.js: 4ms, proxy.ts: 44ms, application-code: 127ms)
 GET / 200 in 183ms (next.js: 6ms, proxy.ts: 60ms, application-code: 118ms)
 GET / 200 in 217ms (next.js: 4ms, proxy.ts: 17ms, application-code: 197ms)
 GET / 200 in 182ms (next.js: 12ms, proxy.ts: 32ms, application-code: 138ms)
 POST / 200 in 613ms (next.js: 7ms, proxy.ts: 20ms, application-code: 586ms)
  └─ ƒ getAssets() in 549ms src/lib/actions/assets.ts
 POST / 200 in 50ms (next.js: 5ms, proxy.ts: 19ms, application-code: 27ms)
  └─ ƒ getLiabilities() in 16ms src/lib/actions/liabilities.ts
 POST / 200 in 413ms (next.js: 6ms, proxy.ts: 21ms, application-code: 386ms)
  └─ ƒ getTransactions() in 373ms src/lib/actions/ledger.ts
 POST / 200 in 2.6s (next.js: 4ms, proxy.ts: 16ms, application-code: 2.5s)
  └─ ƒ getAutoForecast(12) in 2515ms src/lib/actions/forecast.ts
 POST / 200 in 81ms (next.js: 9ms, proxy.ts: 30ms, application-code: 43ms)
  └─ ƒ getBudgetProgress("2026-06-17") in 31ms src/lib/actions/budget.ts
 POST / 200 in 52ms (next.js: 4ms, proxy.ts: 15ms, application-code: 33ms)
  └─ ƒ getGoals() in 19ms src/lib/actions/goals.ts
 POST / 200 in 38ms (next.js: 4ms, proxy.ts: 15ms, application-code: 19ms)
  └─ ƒ simulateCashflow({"monthlyExpense":"10039.50","monthlyIncome":"32000.00","months":12}) in 10ms src/lib/actions/forecast.ts
[browser] [ECharts] Can't get DOM width or height. Please check dom.clientWidth and dom.clientHeight. They should not be 0.For example, you may need to call this in the callback of window.onload. (<anonymous>)
[browser] [ECharts] Can't get DOM width or height. Please check dom.clientWidth and dom.clientHeight. They should not be 0.For example, you may need to call this in the callback of window.onload. (<anonymous>)
 POST / 200 in 637ms (next.js: 22ms, proxy.ts: 23ms, application-code: 592ms)
  └─ ƒ getAssets() in 572ms src/lib/actions/assets.ts
 GET /management/budget 200 in 166ms (next.js: 30ms, proxy.ts: 16ms, application-code: 120ms)
 POST / 200 in 125ms (next.js: 5ms, proxy.ts: 65ms, application-code: 55ms)
  └─ ƒ getLiabilities() in 41ms src/lib/actions/liabilities.ts
 POST /management/budget 200 in 482ms (next.js: 8ms, proxy.ts: 44ms, application-code: 430ms)
  └─ ƒ getTransactions() in 394ms src/lib/actions/ledger.ts
 POST /management/budget 200 in 58ms (next.js: 4ms, proxy.ts: 21ms, application-code: 33ms)
  └─ ƒ getBudgetProgress("2026-06-17") in 21ms src/lib/actions/budget.ts
 POST / 200 in 66ms (next.js: 6ms, proxy.ts: 24ms, application-code: 37ms)
  └─ ƒ getGoals() in 22ms src/lib/actions/goals.ts
 POST /management/budget 200 in 129ms (next.js: 12ms, proxy.ts: 13ms, application-code: 105ms)
 POST /management/budget 200 in 71ms (next.js: 6ms, proxy.ts: 31ms, application-code: 34ms)
  └─ ƒ getBudgets() in 20ms src/lib/actions/budget.ts
 POST /management/budget 200 in 127ms (next.js: 6ms, proxy.ts: 32ms, application-code: 90ms)
  └─ ƒ getCategories() in 18ms src/lib/actions/categories.ts
 POST / 200 in 2.5s (next.js: 339ms, proxy.ts: 21ms, application-code: 2.2s)
  └─ ƒ getAutoForecast(12) in 2175ms src/lib/actions/forecast.ts
 POST / 200 in 39ms (next.js: 4ms, proxy.ts: 12ms, application-code: 23ms)
  └─ ƒ simulateCashflow({"monthlyExpense":"10039.50","monthlyIncome":"32000.00","months":12}) in 11ms src/lib/actions/forecast.ts
 POST /management/budget 200 in 131ms (next.js: 59ms, proxy.ts: 17ms, application-code: 55ms)
 POST /management/budget 200 in 80ms (next.js: 7ms, proxy.ts: 29ms, application-code: 44ms)
  └─ ƒ updateBudget("0254c6f8-f8d7-4318-89e9-7939703133d9", {"amount":"15000.0000","endDate":"2027-02-15","name":"旅行预算","...":"1 item not stringified"}) in 28ms src/lib/actions/budget.ts
 POST /management/budget 200 in 64ms (next.js: 4ms, proxy.ts: 20ms, application-code: 40ms)
  └─ ƒ getBudgetProgress("2026-06-17") in 27ms src/lib/actions/budget.ts
 POST /management/budget 200 in 63ms (next.js: 8ms, proxy.ts: 18ms, application-code: 37ms)
  └─ ƒ getBudgets() in 19ms src/lib/actions/budget.ts
 POST /management/budget 200 in 87ms (next.js: 6ms, proxy.ts: 17ms, application-code: 65ms)
  └─ ƒ updateBudget("d9475167-6aa0-46f5-8f6b-ade2673c506c", {"amount":"100000","endDate":"2026-02-15","name":"生活品质提升","...":"1 item not stringified"}) in 50ms src/lib/actions/budget.ts
 POST /management/budget 200 in 62ms (next.js: 6ms, proxy.ts: 20ms, application-code: 36ms)
  └─ ƒ getBudgetProgress("2026-06-17") in 21ms src/lib/actions/budget.ts
 POST /management/budget 200 in 57ms (next.js: 5ms, proxy.ts: 21ms, application-code: 31ms)
  └─ ƒ getBudgets() in 14ms src/lib/actions/budget.ts
 POST /management/budget 200 in 89ms (next.js: 6ms, proxy.ts: 19ms, application-code: 64ms)
  └─ ƒ updateBudget("d9475167-6aa0-46f5-8f6b-ade2673c506c", {"amount":"100000.0000","endDate":"2027-02-15","name":"生活品质提升","...":"1 item not stringified"}) in 47ms src/lib/actions/budget.ts
 POST /management/budget 200 in 68ms (next.js: 7ms, proxy.ts: 18ms, application-code: 43ms)
  └─ ƒ getBudgetProgress("2026-06-17") in 28ms src/lib/actions/budget.ts
 POST /management/budget 200 in 50ms (next.js: 4ms, proxy.ts: 20ms, application-code: 27ms)
  └─ ƒ getBudgets() in 15ms src/lib/actions/budget.ts
 POST /management/budget 200 in 90ms (next.js: 4ms, proxy.ts: 26ms, application-code: 60ms)
  └─ ƒ updateBudget("991e8270-11fa-408c-97d9-16c43dfd1670", {"amount":"30000","endDate":"2017-02-15","name":"人情往来","...":"1 item not stringified"}) in 49ms src/lib/actions/budget.ts
 POST /management/budget 200 in 69ms (next.js: 6ms, proxy.ts: 22ms, application-code: 41ms)
  └─ ƒ getBudgetProgress("2026-06-17") in 28ms src/lib/actions/budget.ts
 POST /management/budget 200 in 60ms (next.js: 4ms, proxy.ts: 18ms, application-code: 38ms)
  └─ ƒ getBudgets() in 18ms src/lib/actions/budget.ts
 POST /management/budget 200 in 207ms (next.js: 6ms, proxy.ts: 19ms, application-code: 183ms)
  └─ ƒ deleteTransaction("6703b024-e77d-4f2a-91d2-02f8d169ed31") in 172ms src/lib/actions/ledger.ts
 POST /management/budget 200 in 564ms (next.js: 6ms, proxy.ts: 18ms, application-code: 540ms)
  └─ ƒ getAssets() in 528ms src/lib/actions/assets.ts
 POST /management/budget 200 in 342ms (next.js: 4ms, proxy.ts: 19ms, application-code: 319ms)
  └─ ƒ getTransactions() in 307ms src/lib/actions/ledger.ts
 POST /management/budget 200 in 56ms (next.js: 6ms, proxy.ts: 17ms, application-code: 32ms)
  └─ ƒ getBudgetProgress("2026-06-17") in 19ms src/lib/actions/budget.ts
 POST /management/budget 200 in 47ms (next.js: 6ms, proxy.ts: 16ms, application-code: 25ms)
  └─ ƒ getBudgets() in 14ms src/lib/actions/budget.ts
 POST /management/budget 200 in 41ms (next.js: 4ms, proxy.ts: 17ms, application-code: 20ms)
  └─ ƒ getCategories() in 11ms src/lib/actions/categories.ts
 POST /management/budget 200 in 47ms (next.js: 7ms, proxy.ts: 17ms, application-code: 23ms)
  └─ ƒ getBudgetProgress("2026-06-17") in 15ms src/lib/actions/budget.ts
 POST /management/budget 200 in 50ms (next.js: 7ms, proxy.ts: 16ms, application-code: 26ms)
  └─ ƒ getBudgets() in 16ms src/lib/actions/budget.ts
 POST /management/budget 200 in 319ms (next.js: 8ms, proxy.ts: 17ms, application-code: 294ms)
  └─ ƒ getTransactions() in 281ms src/lib/actions/ledger.ts
 POST /management/budget 200 in 563ms (next.js: 4ms, proxy.ts: 16ms, application-code: 543ms)
  └─ ƒ getAssets() in 529ms src/lib/actions/assets.ts
 GET /management/budget 200 in 179ms (next.js: 4ms, proxy.ts: 16ms, application-code: 160ms)
 POST /management/budget 200 in 55ms (next.js: 4ms, proxy.ts: 17ms, application-code: 33ms)
  └─ ƒ getBudgetProgress("2026-06-17") in 19ms src/lib/actions/budget.ts
 POST /management/budget 200 in 43ms (next.js: 4ms, proxy.ts: 18ms, application-code: 22ms)
  └─ ƒ getBudgets() in 13ms src/lib/actions/budget.ts
 POST /management/budget 200 in 44ms (next.js: 4ms, proxy.ts: 18ms, application-code: 22ms)
  └─ ƒ getCategories() in 12ms src/lib/actions/categories.ts
 POST /management/budget 200 in 582ms (next.js: 4ms, proxy.ts: 26ms, application-code: 553ms)
  └─ ƒ getAssets() in 543ms src/lib/actions/assets.ts
 POST /management/budget 200 in 305ms (next.js: 4ms, proxy.ts: 16ms, application-code: 285ms)
  └─ ƒ getTransactions() in 276ms src/lib/actions/ledger.ts
 POST /management/budget 200 in 255ms (next.js: 7ms, proxy.ts: 20ms, application-code: 228ms)
  └─ ƒ deleteTransaction("95b74559-44ed-4a50-ac7b-e6258b993333") in 215ms src/lib/actions/ledger.ts
 POST /management/budget 200 in 54ms (next.js: 4ms, proxy.ts: 16ms, application-code: 34ms)
  └─ ƒ getBudgetProgress("2026-06-17") in 22ms src/lib/actions/budget.ts
 POST /management/budget 200 in 57ms (next.js: 5ms, proxy.ts: 16ms, application-code: 36ms)
  └─ ƒ getBudgets() in 23ms src/lib/actions/budget.ts
 POST /management/budget 200 in 42ms (next.js: 4ms, proxy.ts: 16ms, application-code: 22ms)
  └─ ƒ getCategories() in 12ms src/lib/actions/categories.ts
 POST /management/budget 200 in 574ms (next.js: 4ms, proxy.ts: 18ms, application-code: 552ms)
  └─ ƒ getAssets() in 542ms src/lib/actions/assets.ts
 POST /management/budget 200 in 287ms (next.js: 4ms, proxy.ts: 18ms, application-code: 265ms)
  └─ ƒ getTransactions() in 255ms src/lib/actions/ledger.ts
 POST /management/budget 200 in 69ms (next.js: 4ms, proxy.ts: 17ms, application-code: 48ms)
  └─ ƒ getBudgetProgress("2026-06-17") in 38ms src/lib/actions/budget.ts
 POST /management/budget 200 in 59ms (next.js: 6ms, proxy.ts: 19ms, application-code: 34ms)
  └─ ƒ getBudgets() in 20ms src/lib/actions/budget.ts
 POST /management/budget 200 in 341ms (next.js: 6ms, proxy.ts: 21ms, application-code: 314ms)
  └─ ƒ getTransactions() in 229ms src/lib/actions/ledger.ts
 POST /management/budget 200 in 197ms (next.js: 4ms, proxy.ts: 15ms, application-code: 178ms)
  └─ ƒ createTransaction({"amount":"699","budgetId":"0254c6f8-f8d7-4318-89e9-7939703133d9","description":"苏州金鸡岛住宿","...":"3 items not stringified"}) in 165ms src/lib/actions/ledger.ts
 POST /management/budget 200 in 47ms (next.js: 4ms, proxy.ts: 16ms, application-code: 28ms)
  └─ ƒ getBudgetProgress("2026-06-17") in 19ms src/lib/actions/budget.ts
 POST /management/budget 200 in 42ms (next.js: 4ms, proxy.ts: 16ms, application-code: 22ms)
  └─ ƒ getBudgets() in 13ms src/lib/actions/budget.ts
 POST /management/budget 200 in 326ms (next.js: 4ms, proxy.ts: 16ms, application-code: 307ms)
  └─ ƒ getTransactions() in 297ms src/lib/actions/ledger.ts
 POST /management/budget 200 in 80ms (next.js: 11ms, proxy.ts: 16ms, application-code: 52ms)
  └─ ƒ getBudgetProgress("2026-06-17") in 42ms src/lib/actions/budget.ts
 POST /management/budget 200 in 136ms (next.js: 6ms, proxy.ts: 15ms, application-code: 115ms)
  └─ ƒ getBudgets() in 96ms src/lib/actions/budget.ts
 GET /management/ledger 200 in 136ms (next.js: 24ms, proxy.ts: 35ms, application-code: 77ms)
 POST /management/ledger 200 in 64ms (next.js: 4ms, proxy.ts: 14ms, application-code: 46ms)
  └─ ƒ getCategories() in 31ms src/lib/actions/categories.ts
 POST /management/budget 200 in 594ms (next.js: 5ms, proxy.ts: 34ms, application-code: 555ms)
  └─ ƒ getAssets() in 536ms src/lib/actions/assets.ts
 POST /management/ledger 200 in 871ms (next.js: 4ms, proxy.ts: 539ms, application-code: 327ms)
  └─ ƒ getTransactions() in 314ms src/lib/actions/ledger.ts
 GET /management/budget 200 in 87ms (next.js: 4ms, proxy.ts: 16ms, application-code: 67ms)
 POST /management/budget 200 in 78ms (next.js: 4ms, proxy.ts: 19ms, application-code: 55ms)
  └─ ƒ getBudgetProgress("2026-06-17") in 41ms src/lib/actions/budget.ts
 POST /management/budget 200 in 55ms (next.js: 4ms, proxy.ts: 21ms, application-code: 30ms)
  └─ ƒ getBudgets() in 17ms src/lib/actions/budget.ts
 POST /management/budget 200 in 44ms (next.js: 4ms, proxy.ts: 15ms, application-code: 25ms)
  └─ ƒ getCategories() in 12ms src/lib/actions/categories.ts
 POST /management/budget 200 in 582ms (next.js: 4ms, proxy.ts: 19ms, application-code: 559ms)
  └─ ƒ getAssets() in 549ms src/lib/actions/assets.ts
 POST /management/budget 200 in 343ms (next.js: 4ms, proxy.ts: 18ms, application-code: 321ms)
  └─ ƒ getTransactions() in 307ms src/lib/actions/ledger.ts
 POST /management/budget 200 in 55ms (next.js: 4ms, proxy.ts: 16ms, application-code: 34ms)
  └─ ƒ getBudgetProgress("2026-06-17") in 23ms src/lib/actions/budget.ts
 POST /management/budget 200 in 55ms (next.js: 4ms, proxy.ts: 22ms, application-code: 30ms)
  └─ ƒ getBudgets() in 16ms src/lib/actions/budget.ts
 POST /management/budget 200 in 49ms (next.js: 6ms, proxy.ts: 18ms, application-code: 25ms)
  └─ ƒ getCategories() in 14ms src/lib/actions/categories.ts
 POST /management/budget 200 in 577ms (next.js: 4ms, proxy.ts: 20ms, application-code: 553ms)
  └─ ƒ getAssets() in 541ms src/lib/actions/assets.ts
 POST /management/budget 200 in 346ms (next.js: 4ms, proxy.ts: 18ms, application-code: 324ms)
  └─ ƒ getTransactions() in 315ms src/lib/actions/ledger.ts
 GET / 200 in 116ms (next.js: 5ms, proxy.ts: 20ms, application-code: 91ms)
 POST / 200 in 157ms (next.js: 7ms, proxy.ts: 23ms, application-code: 127ms)
  └─ ƒ getLiabilities() in 109ms src/lib/actions/liabilities.ts
 POST / 200 in 1956ms (next.js: 5ms, proxy.ts: 19ms, application-code: 1932ms)
  └─ ƒ getAutoForecast(12) in 1919ms src/lib/actions/forecast.ts
 POST / 200 in 132ms (next.js: 80ms, proxy.ts: 16ms, application-code: 36ms)
  └─ ƒ getGoals() in 22ms src/lib/actions/goals.ts
 POST / 200 in 561ms (next.js: 4ms, proxy.ts: 15ms, application-code: 543ms)
  └─ ƒ getAssets() in 534ms src/lib/actions/assets.ts
 POST / 200 in 329ms (next.js: 4ms, proxy.ts: 16ms, application-code: 310ms)
  └─ ƒ getTransactions() in 301ms src/lib/actions/ledger.ts
 POST / 200 in 49ms (next.js: 4ms, proxy.ts: 15ms, application-code: 30ms)
  └─ ƒ getBudgetProgress("2026-06-17") in 20ms src/lib/actions/budget.ts
 POST / 200 in 50ms (next.js: 6ms, proxy.ts: 18ms, application-code: 26ms)
  └─ ƒ simulateCashflow({"monthlyExpense":"1119.00","monthlyIncome":"32000.00","months":12}) in 14ms src/lib/actions/forecast.ts
[browser] [ECharts] Can't get DOM width or height. Please check dom.clientWidth and dom.clientHeight. They should not be 0.For example, you may need to call this in the callback of window.onload. (<anonymous>)
[browser] [ECharts] Can't get DOM width or height. Please check dom.clientWidth and dom.clientHeight. They should not be 0.For example, you may need to call this in the callback of window.onload. (<anonymous>)
✓ Compiled in 92ms
 POST / 200 in 8.0s (next.js: 4ms, proxy.ts: 15ms, application-code: 8.0s)
  └─ ƒ refreshMyPrices() in 7945ms src/lib/actions/assets.ts
 POST / 200 in 6.0s (next.js: 17ms, proxy.ts: 15ms, application-code: 6.0s)
  └─ ƒ refreshMyPrices() in 5990ms src/lib/actions/assets.ts
 POST / 200 in 563ms (next.js: 5ms, proxy.ts: 20ms, application-code: 538ms)
  └─ ƒ getAssets() in 529ms src/lib/actions/assets.ts
 POST / 200 in 559ms (next.js: 4ms, proxy.ts: 15ms, application-code: 540ms)
  └─ ƒ getAssets() in 531ms src/lib/actions/assets.ts
 POST / 200 in 84ms (next.js: 4ms, proxy.ts: 24ms, application-code: 55ms)
  └─ ƒ getBudgetProgress("2026-06-17") in 41ms src/lib/actions/budget.ts
 POST / 200 in 569ms (next.js: 7ms, proxy.ts: 19ms, application-code: 542ms)
  └─ ƒ getAssets() in 526ms src/lib/actions/assets.ts
 POST / 200 in 367ms (next.js: 5ms, proxy.ts: 21ms, application-code: 341ms)
  └─ ƒ getTransactions() in 323ms src/lib/actions/ledger.ts
 POST / 200 in 102ms (next.js: 5ms, proxy.ts: 24ms, application-code: 73ms)
  └─ ƒ getLiabilities() in 63ms src/lib/actions/liabilities.ts
 POST / 200 in 3.0s (next.js: 4ms, proxy.ts: 18ms, application-code: 3.0s)
  └─ ƒ getAutoForecast(12) in 2939ms src/lib/actions/forecast.ts
 POST / 200 in 113ms (next.js: 57ms, proxy.ts: 22ms, application-code: 35ms)
  └─ ƒ getGoals() in 19ms src/lib/actions/goals.ts
 POST / 200 in 41ms (next.js: 5ms, proxy.ts: 15ms, application-code: 21ms)
  └─ ƒ simulateCashflow({"monthlyExpense":"1119.00","monthlyIncome":"32000.00","months":12}) in 9ms src/lib/actions/forecast.ts
 POST / 200 in 53ms (next.js: 4ms, proxy.ts: 19ms, application-code: 30ms)
  └─ ƒ getBudgetProgress("2026-06-17") in 19ms src/lib/actions/budget.ts
 POST / 200 in 558ms (next.js: 4ms, proxy.ts: 20ms, application-code: 533ms)
  └─ ƒ getAssets() in 524ms src/lib/actions/assets.ts
 POST / 200 in 317ms (next.js: 5ms, proxy.ts: 20ms, application-code: 291ms)
  └─ ƒ getTransactions() in 278ms src/lib/actions/ledger.ts
 POST / 200 in 99ms (next.js: 6ms, proxy.ts: 20ms, application-code: 73ms)
  └─ ƒ getLiabilities() in 61ms src/lib/actions/liabilities.ts
 POST / 200 in 57ms (next.js: 4ms, proxy.ts: 18ms, application-code: 34ms)
  └─ ƒ getBudgetProgress("2026-06-17") in 22ms src/lib/actions/budget.ts
 POST / 200 in 662ms (next.js: 6ms, proxy.ts: 35ms, application-code: 621ms)
  └─ ƒ getAssets() in 594ms src/lib/actions/assets.ts
 GET /management/budget 200 in 685ms (next.js: 17ms, proxy.ts: 39ms, application-code: 630ms)
 POST / 200 in 493ms (next.js: 10ms, proxy.ts: 29ms, application-code: 454ms)
  └─ ƒ getLiabilities() in 83ms src/lib/actions/liabilities.ts
 POST /management/budget 200 in 606ms (next.js: 8ms, proxy.ts: 67ms, application-code: 531ms)
  └─ ƒ getTransactions() in 423ms src/lib/actions/ledger.ts
 POST /management/budget 200 in 561ms (next.js: 6ms, proxy.ts: 42ms, application-code: 513ms)
 POST / 200 in 78ms (next.js: 17ms, proxy.ts: 22ms, application-code: 38ms)
  └─ ƒ getGoals() in 24ms src/lib/actions/goals.ts
 POST /management/budget 200 in 131ms (next.js: 14ms, proxy.ts: 21ms, application-code: 96ms)
 POST /management/budget 200 in 45ms (next.js: 3ms, proxy.ts: 19ms, application-code: 23ms)
  └─ ƒ getBudgets() in 14ms src/lib/actions/budget.ts
 POST /management/budget 200 in 48ms (next.js: 4ms, proxy.ts: 23ms, application-code: 21ms)
  └─ ƒ getCategories() in 13ms src/lib/actions/categories.ts
 POST / 200 in 2.2s (next.js: 10ms, proxy.ts: 23ms, application-code: 2.2s)
  └─ ƒ getAutoForecast(12) in 2194ms src/lib/actions/forecast.ts
 POST /management/budget 200 in 2.3s (next.js: 7ms, proxy.ts: 22ms, application-code: 2.3s)
 POST / 200 in 41ms (next.js: 8ms, proxy.ts: 12ms, application-code: 20ms)
  └─ ƒ simulateCashflow({"monthlyExpense":"1119.00","monthlyIncome":"32000.00","months":12}) in 10ms src/lib/actions/forecast.ts
 POST /management/budget 200 in 122ms (next.js: 47ms, proxy.ts: 20ms, application-code: 55ms)
 POST /management/budget 200 in 90ms (next.js: 5ms, proxy.ts: 24ms, application-code: 61ms)
  └─ ƒ updateBudget("991e8270-11fa-408c-97d9-16c43dfd1670", {"amount":"30000.0000","endDate":"0027-02-15","name":"人情往来","...":"1 item not stringified"}) in 44ms src/lib/actions/budget.ts
 POST /management/budget 200 in 59ms (next.js: 4ms, proxy.ts: 20ms, application-code: 35ms)
  └─ ƒ getBudgetProgress("2026-06-17") in 22ms src/lib/actions/budget.ts
 POST /management/budget 200 in 56ms (next.js: 7ms, proxy.ts: 19ms, application-code: 30ms)
  └─ ƒ getBudgets() in 18ms src/lib/actions/budget.ts
 GET / 200 in 119ms (next.js: 4ms, proxy.ts: 15ms, application-code: 100ms)
[browser] [ECharts] Can't get DOM width or height. Please check dom.clientWidth and dom.clientHeight. They should not be 0.For example, you may need to call this in the callback of window.onload. (<anonymous>)
[browser] [ECharts] Can't get DOM width or height. Please check dom.clientWidth and dom.clientHeight. They should not be 0.For example, you may need to call this in the callback of window.onload. (<anonymous>)
 POST / 200 in 646ms (next.js: 4ms, proxy.ts: 26ms, application-code: 616ms)
  └─ ƒ getAssets() in 587ms src/lib/actions/assets.ts
 POST / 200 in 108ms (next.js: 5ms, proxy.ts: 20ms, application-code: 83ms)
  └─ ƒ getLiabilities() in 72ms src/lib/actions/liabilities.ts
 POST / 200 in 351ms (next.js: 4ms, proxy.ts: 21ms, application-code: 326ms)
  └─ ƒ getTransactions() in 314ms src/lib/actions/ledger.ts
 POST / 200 in 2.5s (next.js: 4ms, proxy.ts: 16ms, application-code: 2.5s)
  └─ ƒ getAutoForecast(12) in 2471ms src/lib/actions/forecast.ts
 POST / 200 in 101ms (next.js: 43ms, proxy.ts: 22ms, application-code: 36ms)
  └─ ƒ getBudgetProgress("2026-06-17") in 18ms src/lib/actions/budget.ts
 POST / 200 in 44ms (next.js: 4ms, proxy.ts: 16ms, application-code: 25ms)
  └─ ƒ getGoals() in 15ms src/lib/actions/goals.ts
 POST / 200 in 42ms (next.js: 4ms, proxy.ts: 19ms, application-code: 18ms)
  └─ ƒ simulateCashflow({"monthlyExpense":"1119.00","monthlyIncome":"32000.00","months":12}) in 9ms src/lib/actions/forecast.ts
 POST / 200 in 81ms (next.js: 5ms, proxy.ts: 22ms, application-code: 53ms)
  └─ ƒ getBudgetProgress("2026-06-17") in 42ms src/lib/actions/budget.ts
 POST / 200 in 592ms (next.js: 8ms, proxy.ts: 23ms, application-code: 560ms)
  └─ ƒ getAssets() in 546ms src/lib/actions/assets.ts
 POST / 200 in 366ms (next.js: 4ms, proxy.ts: 25ms, application-code: 336ms)
  └─ ƒ getTransactions() in 322ms src/lib/actions/ledger.ts
 POST / 200 in 113ms (next.js: 4ms, proxy.ts: 18ms, application-code: 91ms)
  └─ ƒ getLiabilities() in 78ms src/lib/actions/liabilities.ts
 POST / 200 in 2.9s (next.js: 5ms, proxy.ts: 19ms, application-code: 2.8s)
  └─ ƒ getAutoForecast(12) in 2827ms src/lib/actions/forecast.ts
 POST / 200 in 104ms (next.js: 50ms, proxy.ts: 22ms, application-code: 32ms)
  └─ ƒ getGoals() in 16ms src/lib/actions/goals.ts
 POST / 200 in 37ms (next.js: 4ms, proxy.ts: 15ms, application-code: 19ms)
  └─ ƒ simulateCashflow({"monthlyExpense":"1119.00","monthlyIncome":"32000.00","months":12}) in 9ms src/lib/actions/forecast.ts
✓ Compiled in 80ms
 POST / 200 in 88ms (next.js: 9ms, proxy.ts: 20ms, application-code: 59ms)
  └─ ƒ getBudgetProgress("2026-06-17") in 48ms src/lib/actions/budget.ts
 POST / 200 in 549ms (next.js: 7ms, proxy.ts: 16ms, application-code: 527ms)
  └─ ƒ getAssets() in 515ms src/lib/actions/assets.ts
 POST / 200 in 337ms (next.js: 5ms, proxy.ts: 18ms, application-code: 314ms)
  └─ ƒ getTransactions() in 300ms src/lib/actions/ledger.ts
 POST / 200 in 93ms (next.js: 4ms, proxy.ts: 16ms, application-code: 73ms)
  └─ ƒ getLiabilities() in 64ms src/lib/actions/liabilities.ts
 POST / 200 in 2.7s (next.js: 4ms, proxy.ts: 18ms, application-code: 2.7s)
  └─ ƒ getAutoForecast(12) in 2667ms src/lib/actions/forecast.ts
 POST / 200 in 44ms (next.js: 4ms, proxy.ts: 17ms, application-code: 23ms)
  └─ ƒ getGoals() in 14ms src/lib/actions/goals.ts
 POST / 200 in 44ms (next.js: 4ms, proxy.ts: 20ms, application-code: 20ms)
  └─ ƒ simulateCashflow({"monthlyExpense":"1119.00","monthlyIncome":"32000.00","months":12}) in 11ms src/lib/actions/forecast.ts
 GET /login 200 in 199ms (next.js: 77ms, proxy.ts: 10ms, application-code: 112ms)
 POST / 200 in 90ms (next.js: 8ms, proxy.ts: 19ms, application-code: 62ms)
  └─ ƒ getBudgetProgress("2026-06-17") in 52ms src/lib/actions/budget.ts
 POST / 200 in 578ms (next.js: 7ms, proxy.ts: 20ms, application-code: 551ms)
  └─ ƒ getAssets() in 539ms src/lib/actions/assets.ts
 POST / 200 in 352ms (next.js: 4ms, proxy.ts: 20ms, application-code: 328ms)
  └─ ƒ getTransactions() in 311ms src/lib/actions/ledger.ts
 POST / 200 in 105ms (next.js: 4ms, proxy.ts: 20ms, application-code: 81ms)
  └─ ƒ getLiabilities() in 69ms src/lib/actions/liabilities.ts
 POST / 200 in 2.8s (next.js: 4ms, proxy.ts: 17ms, application-code: 2.8s)
  └─ ƒ getAutoForecast(12) in 2737ms src/lib/actions/forecast.ts
 POST / 200 in 53ms (next.js: 6ms, proxy.ts: 22ms, application-code: 24ms)
  └─ ƒ getGoals() in 15ms src/lib/actions/goals.ts
 POST / 200 in 41ms (next.js: 4ms, proxy.ts: 21ms, application-code: 17ms)
  └─ ƒ simulateCashflow({"monthlyExpense":"1119.00","monthlyIncome":"32000.00","months":12}) in 8ms src/lib/actions/forecast.ts
 GET / 200 in 264ms (next.js: 4ms, proxy.ts: 20ms, application-code: 240ms)
 POST / 200 in 610ms (next.js: 4ms, proxy.ts: 23ms, application-code: 583ms)
  └─ ƒ getAssets() in 572ms src/lib/actions/assets.ts
 POST / 200 in 107ms (next.js: 7ms, proxy.ts: 22ms, application-code: 78ms)
  └─ ƒ getLiabilities() in 68ms src/lib/actions/liabilities.ts
 POST / 200 in 331ms (next.js: 4ms, proxy.ts: 19ms, application-code: 308ms)
  └─ ƒ getTransactions() in 294ms src/lib/actions/ledger.ts
 POST / 200 in 2.6s (next.js: 4ms, proxy.ts: 16ms, application-code: 2.6s)
  └─ ƒ getAutoForecast(12) in 2598ms src/lib/actions/forecast.ts
 POST / 200 in 120ms (next.js: 75ms, proxy.ts: 17ms, application-code: 28ms)
  └─ ƒ getBudgetProgress("2026-06-17") in 18ms src/lib/actions/budget.ts
 POST / 200 in 48ms (next.js: 4ms, proxy.ts: 18ms, application-code: 27ms)
  └─ ƒ getGoals() in 17ms src/lib/actions/goals.ts
 POST / 200 in 47ms (next.js: 5ms, proxy.ts: 26ms, application-code: 16ms)
  └─ ƒ simulateCashflow({"monthlyExpense":"1119.00","monthlyIncome":"32000.00","months":12}) in 8ms src/lib/actions/forecast.ts
[browser] [ECharts] Can't get DOM width or height. Please check dom.clientWidth and dom.clientHeight. They should not be 0.For example, you may need to call this in the callback of window.onload. (<anonymous>)
[browser] [ECharts] Can't get DOM width or height. Please check dom.clientWidth and dom.clientHeight. They should not be 0.For example, you may need to call this in the callback of window.onload. (<anonymous>)
 GET / 200 in 172ms (next.js: 6ms, proxy.ts: 16ms, application-code: 150ms)
 POST / 200 in 587ms (next.js: 6ms, proxy.ts: 15ms, application-code: 565ms)
  └─ ƒ getAssets() in 553ms src/lib/actions/assets.ts
 POST / 200 in 97ms (next.js: 4ms, proxy.ts: 17ms, application-code: 76ms)
  └─ ƒ getLiabilities() in 67ms src/lib/actions/liabilities.ts
 POST / 200 in 352ms (next.js: 4ms, proxy.ts: 19ms, application-code: 329ms)
  └─ ƒ getTransactions() in 320ms src/lib/actions/ledger.ts
 POST / 200 in 2.9s (next.js: 4ms, proxy.ts: 16ms, application-code: 2.9s)
  └─ ƒ getAutoForecast(12) in 2840ms src/lib/actions/forecast.ts
 POST / 200 in 94ms (next.js: 45ms, proxy.ts: 15ms, application-code: 34ms)
  └─ ƒ getBudgetProgress("2026-06-17") in 21ms src/lib/actions/budget.ts
 POST / 200 in 47ms (next.js: 4ms, proxy.ts: 15ms, application-code: 27ms)
  └─ ƒ getGoals() in 18ms src/lib/actions/goals.ts
 POST / 200 in 44ms (next.js: 6ms, proxy.ts: 19ms, application-code: 19ms)
  └─ ƒ simulateCashflow({"monthlyExpense":"1119.00","monthlyIncome":"32000.00","months":12}) in 10ms src/lib/actions/forecast.ts
[browser] [ECharts] Can't get DOM width or height. Please check dom.clientWidth and dom.clientHeight. They should not be 0.For example, you may need to call this in the callback of window.onload. (<anonymous>)
[browser] [ECharts] Can't get DOM width or height. Please check dom.clientWidth and dom.clientHeight. They should not be 0.For example, you may need to call this in the callback of window.onload. (<anonymous>)
 POST / 200 in 607ms (next.js: 6ms, proxy.ts: 23ms, application-code: 578ms)
  └─ ƒ getAssets() in 559ms src/lib/actions/assets.ts
 POST / 200 in 113ms (next.js: 5ms, proxy.ts: 20ms, application-code: 88ms)
  └─ ƒ getLiabilities() in 71ms src/lib/actions/liabilities.ts
 POST / 200 in 347ms (next.js: 4ms, proxy.ts: 18ms, application-code: 326ms)
  └─ ƒ getTransactions() in 314ms src/lib/actions/ledger.ts
 POST / 200 in 2.6s (next.js: 4ms, proxy.ts: 18ms, application-code: 2.6s)
  └─ ƒ getAutoForecast(12) in 2544ms src/lib/actions/forecast.ts
 POST / 200 in 107ms (next.js: 49ms, proxy.ts: 22ms, application-code: 36ms)
  └─ ƒ getBudgetProgress("2026-06-17") in 25ms src/lib/actions/budget.ts
 POST / 200 in 48ms (next.js: 4ms, proxy.ts: 19ms, application-code: 26ms)
  └─ ƒ getGoals() in 15ms src/lib/actions/goals.ts
 POST / 200 in 45ms (next.js: 4ms, proxy.ts: 16ms, application-code: 25ms)
  └─ ƒ simulateCashflow({"monthlyExpense":"1119.00","monthlyIncome":"32000.00","months":12}) in 13ms src/lib/actions/forecast.ts
✓ Compiled in 86ms
✓ Compiled in 97ms
 POST / 200 in 609ms (next.js: 9ms, proxy.ts: 20ms, application-code: 581ms)
  └─ ƒ getAssets() in 565ms src/lib/actions/assets.ts
 GET /management/liabilities 200 in 170ms (next.js: 36ms, proxy.ts: 19ms, application-code: 115ms)
 POST / 200 in 173ms (next.js: 6ms, proxy.ts: 65ms, application-code: 101ms)
  └─ ƒ getLiabilities() in 88ms src/lib/actions/liabilities.ts
 POST /management/liabilities 200 in 453ms (next.js: 5ms, proxy.ts: 37ms, application-code: 411ms)
  └─ ƒ getTransactions() in 395ms src/lib/actions/ledger.ts
 POST / 200 in 52ms (next.js: 4ms, proxy.ts: 13ms, application-code: 35ms)
  └─ ƒ getBudgetProgress("2026-06-17") in 22ms src/lib/actions/budget.ts
 POST /management/liabilities 200 in 91ms (next.js: 3ms, proxy.ts: 21ms, application-code: 67ms)
 POST / 200 in 47ms (next.js: 4ms, proxy.ts: 12ms, application-code: 31ms)
  └─ ƒ getGoals() in 20ms src/lib/actions/goals.ts
 POST /management/liabilities 200 in 83ms (next.js: 4ms, proxy.ts: 16ms, application-code: 63ms)
 POST / 200 in 3.1s (next.js: 4ms, proxy.ts: 31ms, application-code: 3.1s)
  └─ ƒ getAutoForecast(12) in 3098ms src/lib/actions/forecast.ts
 POST / 200 in 36ms (next.js: 4ms, proxy.ts: 12ms, application-code: 21ms)
  └─ ƒ simulateCashflow({"monthlyExpense":"1119.00","monthlyIncome":"32000.00","months":12}) in 10ms src/lib/actions/forecast.ts
 POST /management/liabilities 200 in 133ms (next.js: 65ms, proxy.ts: 17ms, application-code: 51ms)
 POST /management/liabilities 200 in 74ms (next.js: 7ms, proxy.ts: 23ms, application-code: 44ms)
  └─ ƒ deleteLiability("910439c9-a70c-4e85-90df-99aa44a37114") in 33ms src/lib/actions/liabilities.ts
 POST /management/liabilities 200 in 39ms (next.js: 4ms, proxy.ts: 16ms, application-code: 19ms)
  └─ ƒ getLiabilities() in 10ms src/lib/actions/liabilities.ts
 POST /management/liabilities 200 in 344ms (next.js: 3ms, proxy.ts: 25ms, application-code: 316ms)
  └─ ƒ getTransactions() in 307ms src/lib/actions/ledger.ts
 POST /management/liabilities 200 in 191ms (next.js: 4ms, proxy.ts: 18ms, application-code: 170ms)
  └─ ƒ createLiability({"category":"car_loan","currentBalance":"240000","interestRate":"0.03","...":"5 items not stringified"}) in 158ms src/lib/actions/liabilities.ts
 POST /management/liabilities 200 in 160ms (next.js: 4ms, proxy.ts: 20ms, application-code: 136ms)
  └─ ƒ getLiabilities() in 121ms src/lib/actions/liabilities.ts
 POST /management/liabilities 200 in 349ms (next.js: 4ms, proxy.ts: 23ms, application-code: 322ms)
  └─ ƒ getTransactions() in 310ms src/lib/actions/ledger.ts
 POST /management/liabilities 200 in 194ms (next.js: 6ms, proxy.ts: 20ms, application-code: 168ms)
  └─ ƒ updateLiability("8668dfa2-a0e8-46ef-85bf-2a6d8d74b550", {"category":"car_loan","currentBalance":"280000.0000","interestRate":"0.03","...":"5 items not stringified"}) in 149ms src/lib/actions/liabilities.ts
 POST /management/liabilities 200 in 159ms (next.js: 7ms, proxy.ts: 19ms, application-code: 133ms)
  └─ ƒ getLiabilities() in 122ms src/lib/actions/liabilities.ts
 POST /management/liabilities 200 in 346ms (next.js: 4ms, proxy.ts: 18ms, application-code: 325ms)
  └─ ƒ getTransactions() in 310ms src/lib/actions/ledger.ts
 POST /management/liabilities 200 in 185ms (next.js: 5ms, proxy.ts: 17ms, application-code: 164ms)
  └─ ƒ updateLiability("8668dfa2-a0e8-46ef-85bf-2a6d8d74b550", {"category":"car_loan","currentBalance":"280000.0000","interestRate":"0.03","...":"5 items not stringified"}) in 149ms src/lib/actions/liabilities.ts
 POST /management/liabilities 200 in 149ms (next.js: 6ms, proxy.ts: 18ms, application-code: 124ms)
  └─ ƒ getLiabilities() in 114ms src/lib/actions/liabilities.ts
 POST /management/liabilities 200 in 340ms (next.js: 4ms, proxy.ts: 19ms, application-code: 317ms)
  └─ ƒ getTransactions() in 304ms src/lib/actions/ledger.ts
 POST /management/liabilities 200 in 214ms (next.js: 4ms, proxy.ts: 20ms, application-code: 190ms)
  └─ ƒ createTransaction({"amount":"200000","description":"还款","liabilityId":"8668dfa2-a0e8-46ef-85bf-2a6d8d74b550","...":"2 items not stringified"}) in 176ms src/lib/actions/ledger.ts
 POST /management/liabilities 200 in 170ms (next.js: 6ms, proxy.ts: 20ms, application-code: 144ms)
  └─ ƒ getLiabilities() in 131ms src/lib/actions/liabilities.ts
 POST /management/liabilities 200 in 457ms (next.js: 4ms, proxy.ts: 21ms, application-code: 432ms)
  └─ ƒ getTransactions() in 416ms src/lib/actions/ledger.ts
 POST /management/liabilities 200 in 328ms (next.js: 4ms, proxy.ts: 18ms, application-code: 305ms)
  └─ ƒ updateTransaction("37e12775-e04e-40eb-b542-3572c3866d7d", {"amount":"20000.0000","description":"还款","occurredAt":"2026-04-10"}) in 291ms src/lib/actions/ledger.ts
 POST /management/liabilities 200 in 159ms (next.js: 6ms, proxy.ts: 19ms, application-code: 134ms)
  └─ ƒ getLiabilities() in 123ms src/lib/actions/liabilities.ts
 POST /management/liabilities 200 in 456ms (next.js: 4ms, proxy.ts: 20ms, application-code: 433ms)
  └─ ƒ getTransactions() in 420ms src/lib/actions/ledger.ts
 POST /management/liabilities 200 in 210ms (next.js: 8ms, proxy.ts: 20ms, application-code: 181ms)
  └─ ƒ createTransaction({"amount":"20000","description":"还款","liabilityId":"8668dfa2-a0e8-46ef-85bf-2a6d8d74b550","...":"2 items not stringified"}) in 171ms src/lib/actions/ledger.ts
 POST /management/liabilities 200 in 170ms (next.js: 6ms, proxy.ts: 17ms, application-code: 146ms)
  └─ ƒ getLiabilities() in 136ms src/lib/actions/liabilities.ts
 POST /management/liabilities 200 in 695ms (next.js: 13ms, proxy.ts: 27ms, application-code: 655ms)
  └─ ƒ getTransactions() in 521ms src/lib/actions/ledger.ts
 GET /management/assets 200 in 123ms (next.js: 27ms, proxy.ts: 19ms, application-code: 78ms)
 POST /management/assets 200 in 587ms (next.js: 7ms, proxy.ts: 19ms, application-code: 561ms)
  └─ ƒ getAssets() in 548ms src/lib/actions/assets.ts
 POST /management/assets 200 in 559ms (next.js: 6ms, proxy.ts: 24ms, application-code: 530ms)
  └─ ƒ getTransactions() in 510ms src/lib/actions/ledger.ts
 GET /management/ledger 200 in 97ms (next.js: 5ms, proxy.ts: 17ms, application-code: 75ms)
 POST /management/ledger 200 in 78ms (next.js: 4ms, proxy.ts: 21ms, application-code: 54ms)
  └─ ƒ getCategories() in 40ms src/lib/actions/categories.ts
 POST /management/ledger 200 in 539ms (next.js: 6ms, proxy.ts: 17ms, application-code: 516ms)
  └─ ƒ getTransactions() in 501ms src/lib/actions/ledger.ts
 GET /management/budget 200 in 97ms (next.js: 6ms, proxy.ts: 16ms, application-code: 75ms)
 POST /management/ledger 200 in 570ms (next.js: 4ms, proxy.ts: 34ms, application-code: 532ms)
  └─ ƒ getAssets() in 521ms src/lib/actions/assets.ts
 POST /management/ledger 200 in 50ms (next.js: 4ms, proxy.ts: 17ms, application-code: 29ms)
  └─ ƒ getBudgets() in 15ms src/lib/actions/budget.ts
 POST /management/ledger 200 in 42ms (next.js: 3ms, proxy.ts: 11ms, application-code: 27ms)
  └─ ƒ getBudgetProgress("2026-06-17") in 15ms src/lib/actions/budget.ts
 GET /management/assets 200 in 95ms (next.js: 8ms, proxy.ts: 19ms, application-code: 69ms)
 POST /management/assets 200 in 602ms (next.js: 6ms, proxy.ts: 16ms, application-code: 579ms)
  └─ ƒ getAssets() in 569ms src/lib/actions/assets.ts
 POST /management/assets 200 in 557ms (next.js: 4ms, proxy.ts: 20ms, application-code: 532ms)
  └─ ƒ getTransactions() in 519ms src/lib/actions/ledger.ts
 GET /management/ledger?needsSource=1 200 in 85ms (next.js: 4ms, proxy.ts: 19ms, application-code: 63ms)
 POST /management/ledger?needsSource=1 200 in 564ms (next.js: 4ms, proxy.ts: 20ms, application-code: 540ms)
  └─ ƒ getTransactions() in 526ms src/lib/actions/ledger.ts
 POST /management/ledger?needsSource=1 200 in 549ms (next.js: 5ms, proxy.ts: 18ms, application-code: 526ms)
  └─ ƒ getAssets() in 516ms src/lib/actions/assets.ts
 POST /management/ledger?needsSource=1 200 in 44ms (next.js: 4ms, proxy.ts: 19ms, application-code: 22ms)
  └─ ƒ getCategories() in 13ms src/lib/actions/categories.ts
 GET / 200 in 119ms (next.js: 6ms, proxy.ts: 19ms, application-code: 93ms)
[browser] [ECharts] Can't get DOM width or height. Please check dom.clientWidth and dom.clientHeight. They should not be 0.For example, you may need to call this in the callback of window.onload. (<anonymous>)
[browser] [ECharts] Can't get DOM width or height. Please check dom.clientWidth and dom.clientHeight. They should not be 0.For example, you may need to call this in the callback of window.onload. (<anonymous>)
 POST / 200 in 596ms (next.js: 6ms, proxy.ts: 20ms, application-code: 570ms)
  └─ ƒ getAssets() in 561ms src/lib/actions/assets.ts
 POST / 200 in 167ms (next.js: 9ms, proxy.ts: 21ms, application-code: 137ms)
  └─ ƒ getLiabilities() in 122ms src/lib/actions/liabilities.ts
 POST / 200 in 541ms (next.js: 6ms, proxy.ts: 19ms, application-code: 517ms)
  └─ ƒ getTransactions() in 501ms src/lib/actions/ledger.ts
 POST / 200 in 3.0s (next.js: 4ms, proxy.ts: 16ms, application-code: 3.0s)
  └─ ƒ getAutoForecast(12) in 3005ms src/lib/actions/forecast.ts
 POST / 200 in 148ms (next.js: 93ms, proxy.ts: 16ms, application-code: 38ms)
  └─ ƒ getBudgetProgress("2026-06-17") in 26ms src/lib/actions/budget.ts
 POST / 200 in 53ms (next.js: 4ms, proxy.ts: 16ms, application-code: 33ms)
  └─ ƒ getGoals() in 22ms src/lib/actions/goals.ts
 POST / 200 in 53ms (next.js: 5ms, proxy.ts: 17ms, application-code: 31ms)
  └─ ƒ simulateCashflow({"monthlyExpense":"13706.33","monthlyIncome":"10666.67","months":12}) in 18ms src/lib/actions/forecast.ts
 GET /management/ledger 200 in 106ms (next.js: 4ms, proxy.ts: 17ms, application-code: 85ms)
 POST /management/ledger 200 in 582ms (next.js: 4ms, proxy.ts: 20ms, application-code: 558ms)
  └─ ƒ getTransactions() in 543ms src/lib/actions/ledger.ts
 POST /management/ledger 200 in 577ms (next.js: 5ms, proxy.ts: 20ms, application-code: 552ms)
  └─ ƒ getAssets() in 539ms src/lib/actions/assets.ts
 POST /management/ledger 200 in 52ms (next.js: 4ms, proxy.ts: 19ms, application-code: 29ms)
  └─ ƒ getCategories() in 13ms src/lib/actions/categories.ts
 GET /management/assets 200 in 91ms (next.js: 4ms, proxy.ts: 15ms, application-code: 72ms)
 POST /management/assets 200 in 580ms (next.js: 4ms, proxy.ts: 17ms, application-code: 558ms)
  └─ ƒ getAssets() in 543ms src/lib/actions/assets.ts
 POST /management/assets 200 in 553ms (next.js: 4ms, proxy.ts: 18ms, application-code: 531ms)
  └─ ƒ getTransactions() in 521ms src/lib/actions/ledger.ts
 POST /management/assets 200 in 150ms (next.js: 6ms, proxy.ts: 18ms, application-code: 126ms)
  └─ ƒ createAsset({"balance":"37712","category":"provident_fund","currency":"CNY","...":"1 item not stringified"}) in 107ms src/lib/actions/assets.ts
 POST /management/assets 200 in 635ms (next.js: 5ms, proxy.ts: 22ms, application-code: 608ms)
  └─ ƒ getAssets() in 591ms src/lib/actions/assets.ts
 POST /management/assets 200 in 108ms (next.js: 4ms, proxy.ts: 17ms, application-code: 87ms)
  └─ ƒ createAsset({"balance":"3200","category":"provident_fund","currency":"CNY","...":"1 item not stringified"}) in 74ms src/lib/actions/assets.ts
 POST /management/assets 200 in 654ms (next.js: 6ms, proxy.ts: 17ms, application-code: 630ms)
  └─ ƒ getAssets() in 616ms src/lib/actions/assets.ts
 POST /management/assets 200 in 79ms (next.js: 4ms, proxy.ts: 17ms, application-code: 58ms)
  └─ ƒ deleteAsset("e2ef671f-d8e6-45f3-9dcd-5175f8072fcf") in 43ms src/lib/actions/assets.ts
 POST /management/assets 200 in 608ms (next.js: 7ms, proxy.ts: 18ms, application-code: 583ms)
  └─ ƒ getAssets() in 571ms src/lib/actions/assets.ts
 POST /management/assets 200 in 146ms (next.js: 9ms, proxy.ts: 21ms, application-code: 116ms)
  └─ ƒ updateAsset("00c0a0b1-1387-42e8-a93c-75a8ac64c307", {"balance":"8000","name":"ybc招商银行卡"}) in 97ms src/lib/actions/assets.ts
 POST /management/assets 200 in 626ms (next.js: 4ms, proxy.ts: 19ms, application-code: 602ms)
  └─ ƒ getAssets() in 589ms src/lib/actions/assets.ts
 GET /management/assets 200 in 200ms (next.js: 9ms, proxy.ts: 19ms, application-code: 172ms)
 POST /management/assets 200 in 640ms (next.js: 4ms, proxy.ts: 17ms, application-code: 618ms)
  └─ ƒ getAssets() in 608ms src/lib/actions/assets.ts
 POST /management/assets 200 in 486ms (next.js: 4ms, proxy.ts: 18ms, application-code: 464ms)
  └─ ƒ getTransactions() in 450ms src/lib/actions/ledger.ts
 POST /management/assets 200 in 132ms (next.js: 8ms, proxy.ts: 15ms, application-code: 110ms)
  └─ ƒ createAsset({"balance":"7000","category":"current_deposit","currency":"CNY","...":"1 item not stringified"}) in 97ms src/lib/actions/assets.ts
 POST /management/assets 200 in 683ms (next.js: 9ms, proxy.ts: 18ms, application-code: 656ms)
  └─ ƒ getAssets() in 640ms src/lib/actions/assets.ts
 GET /management/ledger 200 in 111ms (next.js: 8ms, proxy.ts: 20ms, application-code: 83ms)
 POST /management/ledger 200 in 80ms (next.js: 7ms, proxy.ts: 21ms, application-code: 52ms)
  └─ ƒ getCategories() in 36ms src/lib/actions/categories.ts
 POST /management/ledger 200 in 501ms (next.js: 4ms, proxy.ts: 17ms, application-code: 481ms)
  └─ ƒ getTransactions() in 471ms src/lib/actions/ledger.ts
 POST /management/ledger 200 in 656ms (next.js: 4ms, proxy.ts: 18ms, application-code: 634ms)
  └─ ƒ getAssets() in 623ms src/lib/actions/assets.ts
 GET /management/budget 200 in 86ms (next.js: 7ms, proxy.ts: 14ms, application-code: 64ms)
 POST /management/budget 200 in 61ms (next.js: 5ms, proxy.ts: 19ms, application-code: 38ms)
  └─ ƒ getBudgetProgress("2026-06-17") in 24ms src/lib/actions/budget.ts
 POST /management/budget 200 in 42ms (next.js: 4ms, proxy.ts: 19ms, application-code: 19ms)
  └─ ƒ getBudgets() in 11ms src/lib/actions/budget.ts
 POST /management/budget 200 in 43ms (next.js: 4ms, proxy.ts: 18ms, application-code: 21ms)
  └─ ƒ getCategories() in 12ms src/lib/actions/categories.ts
 POST /management/budget 200 in 671ms (next.js: 4ms, proxy.ts: 21ms, application-code: 646ms)
  └─ ƒ getAssets() in 637ms src/lib/actions/assets.ts
 POST /management/budget 200 in 463ms (next.js: 4ms, proxy.ts: 17ms, application-code: 442ms)
  └─ ƒ getTransactions() in 432ms src/lib/actions/ledger.ts
 POST /management/budget 200 in 63ms (next.js: 5ms, proxy.ts: 17ms, application-code: 41ms)
  └─ ƒ updateBudget("0254c6f8-f8d7-4318-89e9-7939703133d9", {"amount":"15000.0000","endDate":"2027-02-15","name":"旅行预算","...":"1 item not stringified"}) in 29ms src/lib/actions/budget.ts
 POST /management/budget 200 in 45ms (next.js: 3ms, proxy.ts: 18ms, application-code: 23ms)
  └─ ƒ getBudgetProgress("2026-06-17") in 15ms src/lib/actions/budget.ts
 POST /management/budget 200 in 47ms (next.js: 5ms, proxy.ts: 16ms, application-code: 27ms)
  └─ ƒ getBudgets() in 17ms src/lib/actions/budget.ts
 POST /management/budget 200 in 195ms (next.js: 3ms, proxy.ts: 15ms, application-code: 177ms)
  └─ ƒ createTransaction({"amount":"699","budgetId":"0254c6f8-f8d7-4318-89e9-7939703133d9","categoryId":"1a70f779-6d10-4b19-99f6-a57ccdef533d","...":"4 items not stringified"}) in 169ms src/lib/actions/ledger.ts
 POST /management/budget 200 in 43ms (next.js: 4ms, proxy.ts: 11ms, application-code: 28ms)
  └─ ƒ getBudgetProgress("2026-06-17") in 20ms src/lib/actions/budget.ts
 POST /management/budget 200 in 47ms (next.js: 4ms, proxy.ts: 20ms, application-code: 23ms)
  └─ ƒ getBudgets() in 14ms src/lib/actions/budget.ts
 POST /management/budget 200 in 547ms (next.js: 7ms, proxy.ts: 19ms, application-code: 522ms)
  └─ ƒ getTransactions() in 512ms src/lib/actions/ledger.ts
 POST /management/budget 200 in 174ms (next.js: 6ms, proxy.ts: 18ms, application-code: 150ms)
  └─ ƒ createTransaction({"amount":"565","budgetId":"0254c6f8-f8d7-4318-89e9-7939703133d9","categoryId":"1a70f779-6d10-4b19-99f6-a57ccdef533d","...":"3 items not stringified"}) in 139ms src/lib/actions/ledger.ts
 POST /management/budget 200 in 55ms (next.js: 6ms, proxy.ts: 19ms, application-code: 30ms)
  └─ ƒ getBudgetProgress("2026-06-17") in 18ms src/lib/actions/budget.ts
 POST /management/budget 200 in 64ms (next.js: 6ms, proxy.ts: 23ms, application-code: 35ms)
  └─ ƒ getBudgets() in 19ms src/lib/actions/budget.ts
 POST /management/budget 200 in 577ms (next.js: 4ms, proxy.ts: 20ms, application-code: 553ms)
  └─ ƒ getTransactions() in 544ms src/lib/actions/ledger.ts
 POST /management/budget 200 in 316ms (next.js: 5ms, proxy.ts: 20ms, application-code: 291ms)
  └─ ƒ updateTransaction("51e59106-0101-4acd-834e-f868158c6713", {"amount":"565.0000","description":"宜兴住宿","fromAccountId":"6862e4c3-1761-4695-8100-86629c208024","...":"1 item not stringified"}) in 277ms src/lib/actions/ledger.ts
 POST /management/budget 200 in 55ms (next.js: 6ms, proxy.ts: 17ms, application-code: 31ms)
  └─ ƒ getBudgetProgress("2026-06-17") in 22ms src/lib/actions/budget.ts
 POST /management/budget 200 in 49ms (next.js: 6ms, proxy.ts: 16ms, application-code: 27ms)
  └─ ƒ getBudgets() in 15ms src/lib/actions/budget.ts
 POST /management/budget 200 in 576ms (next.js: 4ms, proxy.ts: 16ms, application-code: 556ms)
  └─ ƒ getTransactions() in 547ms src/lib/actions/ledger.ts
 POST /management/budget 200 in 371ms (next.js: 7ms, proxy.ts: 21ms, application-code: 343ms)
  └─ ƒ updateTransaction("c3ed6681-c7e5-49ed-be50-452a9bbedb7f", {"amount":"569","description":"崇明岛住宿","fromAccountId":"6862e4c3-1761-4695-8100-86629c208024","...":"1 item not stringified"}) in 314ms src/lib/actions/ledger.ts
 POST /management/budget 200 in 67ms (next.js: 5ms, proxy.ts: 24ms, application-code: 38ms)
  └─ ƒ getBudgetProgress("2026-06-17") in 23ms src/lib/actions/budget.ts
 POST /management/budget 200 in 58ms (next.js: 4ms, proxy.ts: 25ms, application-code: 28ms)
  └─ ƒ getBudgets() in 16ms src/lib/actions/budget.ts
 POST /management/budget 200 in 596ms (next.js: 4ms, proxy.ts: 19ms, application-code: 573ms)
  └─ ƒ getTransactions() in 561ms src/lib/actions/ledger.ts
 POST /management/budget 200 in 219ms (next.js: 7ms, proxy.ts: 20ms, application-code: 192ms)
  └─ ƒ createTransaction({"amount":"1255","budgetId":"d9475167-6aa0-46f5-8f6b-ade2673c506c","description":"ni'ke","...":"3 items not stringified"}) in 177ms src/lib/actions/ledger.ts
 POST /management/budget 200 in 58ms (next.js: 4ms, proxy.ts: 23ms, application-code: 32ms)
  └─ ƒ getBudgetProgress("2026-06-17") in 18ms src/lib/actions/budget.ts
 POST /management/budget 200 in 57ms (next.js: 7ms, proxy.ts: 19ms, application-code: 31ms)
  └─ ƒ getBudgets() in 17ms src/lib/actions/budget.ts
 POST /management/budget 200 in 639ms (next.js: 4ms, proxy.ts: 19ms, application-code: 616ms)
  └─ ƒ getTransactions() in 603ms src/lib/actions/ledger.ts
 POST /management/budget 200 in 337ms (next.js: 4ms, proxy.ts: 26ms, application-code: 307ms)
  └─ ƒ updateTransaction("8043c151-1574-4b7f-898b-a18a2a13426a", {"amount":"1255.0000","description":"ni'ke","fromAccountId":"00c0a0b1-1387-42e8-a93c-75a8ac64c307","...":"1 item not stringified"}) in 287ms src/lib/actions/ledger.ts
 POST /management/budget 200 in 61ms (next.js: 4ms, proxy.ts: 21ms, application-code: 36ms)
  └─ ƒ getBudgetProgress("2026-06-17") in 22ms src/lib/actions/budget.ts
 POST /management/budget 200 in 62ms (next.js: 4ms, proxy.ts: 29ms, application-code: 29ms)
  └─ ƒ getBudgets() in 16ms src/lib/actions/budget.ts
 POST /management/budget 200 in 627ms (next.js: 4ms, proxy.ts: 14ms, application-code: 609ms)
  └─ ƒ getTransactions() in 597ms src/lib/actions/ledger.ts
 POST /management/budget 200 in 181ms (next.js: 4ms, proxy.ts: 21ms, application-code: 156ms)
  └─ ƒ createTransaction({"amount":"1200","budgetId":"d9475167-6aa0-46f5-8f6b-ade2673c506c","description":"nike 女鞋","...":"3 items not stringified"}) in 144ms src/lib/actions/ledger.ts
 POST /management/budget 200 in 58ms (next.js: 3ms, proxy.ts: 19ms, application-code: 36ms)
  └─ ƒ getBudgetProgress("2026-06-17") in 24ms src/lib/actions/budget.ts
 POST /management/budget 200 in 54ms (next.js: 6ms, proxy.ts: 19ms, application-code: 29ms)
  └─ ƒ getBudgets() in 17ms src/lib/actions/budget.ts
 POST /management/budget 200 in 678ms (next.js: 4ms, proxy.ts: 17ms, application-code: 658ms)
  └─ ƒ getTransactions() in 648ms src/lib/actions/ledger.ts
 POST /management/budget 200 in 311ms (next.js: 4ms, proxy.ts: 20ms, application-code: 287ms)
  └─ ƒ updateTransaction("c197a3ca-3bdc-4e6e-ba69-933f31afc046", {"amount":"1200.0000","description":"nike 女鞋","fromAccountId":"00c0a0b1-1387-42e8-a93c-75a8ac64c307","...":"1 item not stringified"}) in 275ms src/lib/actions/ledger.ts
 POST /management/budget 200 in 58ms (next.js: 6ms, proxy.ts: 18ms, application-code: 33ms)
  └─ ƒ getBudgetProgress("2026-06-17") in 21ms src/lib/actions/budget.ts
 POST /management/budget 200 in 50ms (next.js: 4ms, proxy.ts: 20ms, application-code: 27ms)
  └─ ƒ getBudgets() in 15ms src/lib/actions/budget.ts
 POST /management/budget 200 in 710ms (next.js: 15ms, proxy.ts: 17ms, application-code: 678ms)
  └─ ƒ getTransactions() in 662ms src/lib/actions/ledger.ts
 POST /management/budget 200 in 321ms (next.js: 8ms, proxy.ts: 18ms, application-code: 296ms)
  └─ ƒ updateTransaction("8043c151-1574-4b7f-898b-a18a2a13426a", {"amount":"1255.0000","description":"nike","fromAccountId":"00c0a0b1-1387-42e8-a93c-75a8ac64c307","...":"1 item not stringified"}) in 283ms src/lib/actions/ledger.ts
 POST /management/budget 200 in 108ms (next.js: 4ms, proxy.ts: 23ms, application-code: 81ms)
  └─ ƒ getBudgetProgress("2026-06-17") in 69ms src/lib/actions/budget.ts
 POST /management/budget 200 in 76ms (next.js: 11ms, proxy.ts: 26ms, application-code: 39ms)
  └─ ƒ getBudgets() in 27ms src/lib/actions/budget.ts
 POST /management/budget 200 in 804ms (next.js: 6ms, proxy.ts: 19ms, application-code: 780ms)
  └─ ƒ getTransactions() in 657ms src/lib/actions/ledger.ts
 POST /management/budget 200 in 220ms (next.js: 5ms, proxy.ts: 24ms, application-code: 191ms)
  └─ ƒ createTransaction({"amount":"1200","budgetId":"d9475167-6aa0-46f5-8f6b-ade2673c506c","description":"nike","...":"3 items not stringified"}) in 174ms src/lib/actions/ledger.ts
 POST /management/budget 200 in 67ms (next.js: 8ms, proxy.ts: 25ms, application-code: 35ms)
  └─ ƒ getBudgetProgress("2026-06-17") in 21ms src/lib/actions/budget.ts
 POST /management/budget 200 in 52ms (next.js: 4ms, proxy.ts: 20ms, application-code: 29ms)
  └─ ƒ getBudgets() in 15ms src/lib/actions/budget.ts
 POST /management/budget 200 in 757ms (next.js: 6ms, proxy.ts: 20ms, application-code: 732ms)
  └─ ƒ getTransactions() in 719ms src/lib/actions/ledger.ts
 POST /management/budget 200 in 323ms (next.js: 4ms, proxy.ts: 20ms, application-code: 299ms)
  └─ ƒ updateTransaction("c197a3ca-3bdc-4e6e-ba69-933f31afc046", {"amount":"1200.0000","description":"nike ","fromAccountId":"00c0a0b1-1387-42e8-a93c-75a8ac64c307","...":"1 item not stringified"}) in 279ms src/lib/actions/ledger.ts
 POST /management/budget 200 in 53ms (next.js: 4ms, proxy.ts: 17ms, application-code: 32ms)
  └─ ƒ getBudgetProgress("2026-06-17") in 21ms src/lib/actions/budget.ts
 POST /management/budget 200 in 58ms (next.js: 6ms, proxy.ts: 20ms, application-code: 32ms)
  └─ ƒ getBudgets() in 18ms src/lib/actions/budget.ts
 POST /management/budget 200 in 755ms (next.js: 4ms, proxy.ts: 18ms, application-code: 734ms)
  └─ ƒ getTransactions() in 719ms src/lib/actions/ledger.ts
 POST /management/budget 200 in 84ms (next.js: 4ms, proxy.ts: 19ms, application-code: 61ms)
  └─ ƒ updateBudget("991e8270-11fa-408c-97d9-16c43dfd1670", {"amount":"30000.0000","endDate":"2027-02-15","name":"人情往来","...":"1 item not stringified"}) in 45ms src/lib/actions/budget.ts
 POST /management/budget 200 in 57ms (next.js: 4ms, proxy.ts: 20ms, application-code: 33ms)
  └─ ƒ getBudgetProgress("2026-06-17") in 22ms src/lib/actions/budget.ts
 POST /management/budget 200 in 61ms (next.js: 6ms, proxy.ts: 25ms, application-code: 30ms)
  └─ ƒ getBudgets() in 18ms src/lib/actions/budget.ts
 POST /management/budget 200 in 202ms (next.js: 4ms, proxy.ts: 20ms, application-code: 178ms)
  └─ ƒ createTransaction({"amount":"940","budgetId":"991e8270-11fa-408c-97d9-16c43dfd1670","categoryId":"dfd4adf6-faae-4747-a3de-967f598696e0","...":"4 items not stringified"}) in 165ms src/lib/actions/ledger.ts
 POST /management/budget 200 in 63ms (next.js: 6ms, proxy.ts: 19ms, application-code: 38ms)
  └─ ƒ getBudgetProgress("2026-06-17") in 26ms src/lib/actions/budget.ts
 POST /management/budget 200 in 55ms (next.js: 4ms, proxy.ts: 18ms, application-code: 33ms)
  └─ ƒ getBudgets() in 19ms src/lib/actions/budget.ts
 POST /management/budget 200 in 838ms (next.js: 6ms, proxy.ts: 19ms, application-code: 814ms)
  └─ ƒ getTransactions() in 800ms src/lib/actions/ledger.ts
 POST /management/budget 200 in 190ms (next.js: 7ms, proxy.ts: 18ms, application-code: 165ms)
  └─ ƒ deleteTransaction("dedfe23f-24d4-4a19-8fd1-be770a1e5aef") in 152ms src/lib/actions/ledger.ts
 POST /management/budget 200 in 744ms (next.js: 8ms, proxy.ts: 17ms, application-code: 719ms)
  └─ ƒ getAssets() in 708ms src/lib/actions/assets.ts
 POST /management/budget 200 in 49ms (next.js: 4ms, proxy.ts: 17ms, application-code: 27ms)
  └─ ƒ getCategories() in 16ms src/lib/actions/categories.ts
 POST /management/budget 200 in 51ms (next.js: 4ms, proxy.ts: 18ms, application-code: 30ms)
  └─ ƒ getBudgetProgress("2026-06-17") in 21ms src/lib/actions/budget.ts
 POST /management/budget 200 in 45ms (next.js: 4ms, proxy.ts: 17ms, application-code: 25ms)
  └─ ƒ getBudgets() in 16ms src/lib/actions/budget.ts
 POST /management/budget 200 in 46ms (next.js: 4ms, proxy.ts: 15ms, application-code: 27ms)
  └─ ƒ getBudgetProgress("2026-06-17") in 19ms src/lib/actions/budget.ts
 POST /management/budget 200 in 37ms (next.js: 4ms, proxy.ts: 14ms, application-code: 19ms)
  └─ ƒ getBudgets() in 11ms src/lib/actions/budget.ts
 POST /management/budget 200 in 740ms (next.js: 4ms, proxy.ts: 17ms, application-code: 719ms)
  └─ ƒ getTransactions() in 704ms src/lib/actions/ledger.ts
 GET /management/ledger 200 in 107ms (next.js: 6ms, proxy.ts: 23ms, application-code: 79ms)
 POST /management/ledger 200 in 776ms (next.js: 4ms, proxy.ts: 17ms, application-code: 754ms)
  └─ ƒ getTransactions() in 740ms src/lib/actions/ledger.ts
 POST /management/ledger 200 in 673ms (next.js: 4ms, proxy.ts: 16ms, application-code: 653ms)
  └─ ƒ getAssets() in 643ms src/lib/actions/assets.ts
 POST /management/ledger 200 in 50ms (next.js: 5ms, proxy.ts: 19ms, application-code: 26ms)
  └─ ƒ getCategories() in 13ms src/lib/actions/categories.ts
 POST /management/ledger 200 in 81ms (next.js: 4ms, proxy.ts: 18ms, application-code: 60ms)
  └─ ƒ createRecurringRule({"amount":"100","categoryId":"47d83b76-a513-4725-aecd-454a68421f09","currency":"USD","...":"6 items not stringified"}) in 49ms src/lib/actions/recurring.ts
 POST /management/ledger 200 in 760ms (next.js: 4ms, proxy.ts: 20ms, application-code: 737ms)
  └─ ƒ getTransactions() in 722ms src/lib/actions/ledger.ts
 GET /management/ledger 200 in 201ms (next.js: 4ms, proxy.ts: 18ms, application-code: 180ms)
 POST /management/ledger 200 in 723ms (next.js: 4ms, proxy.ts: 16ms, application-code: 703ms)
  └─ ƒ getTransactions() in 692ms src/lib/actions/ledger.ts
 POST /management/ledger 200 in 677ms (next.js: 4ms, proxy.ts: 18ms, application-code: 655ms)
  └─ ƒ getAssets() in 646ms src/lib/actions/assets.ts
 POST /management/ledger 200 in 47ms (next.js: 4ms, proxy.ts: 16ms, application-code: 27ms)
  └─ ƒ getCategories() in 17ms src/lib/actions/categories.ts
 GET /management/ledger 200 in 150ms (next.js: 4ms, proxy.ts: 16ms, application-code: 130ms)
 POST /management/ledger 200 in 735ms (next.js: 4ms, proxy.ts: 17ms, application-code: 713ms)
  └─ ƒ getTransactions() in 703ms src/lib/actions/ledger.ts
 POST /management/ledger 200 in 672ms (next.js: 5ms, proxy.ts: 21ms, application-code: 646ms)
  └─ ƒ getAssets() in 635ms src/lib/actions/assets.ts
 POST /management/ledger 200 in 54ms (next.js: 5ms, proxy.ts: 16ms, application-code: 33ms)
  └─ ƒ getCategories() in 19ms src/lib/actions/categories.ts
 GET /management/budget 200 in 71ms (next.js: 4ms, proxy.ts: 16ms, application-code: 51ms)
 POST /management/budget 200 in 46ms (next.js: 4ms, proxy.ts: 18ms, application-code: 25ms)
  └─ ƒ getBudgetProgress("2026-06-17") in 15ms src/lib/actions/budget.ts
 POST /management/budget 200 in 38ms (next.js: 4ms, proxy.ts: 15ms, application-code: 20ms)
  └─ ƒ getBudgets() in 11ms src/lib/actions/budget.ts
 POST /management/budget 200 in 45ms (next.js: 4ms, proxy.ts: 16ms, application-code: 26ms)
  └─ ƒ getCategories() in 17ms src/lib/actions/categories.ts
 POST /management/budget 200 in 632ms (next.js: 3ms, proxy.ts: 15ms, application-code: 614ms)
  └─ ƒ getAssets() in 605ms src/lib/actions/assets.ts
 POST /management/budget 200 in 725ms (next.js: 4ms, proxy.ts: 16ms, application-code: 705ms)
  └─ ƒ getTransactions() in 685ms src/lib/actions/ledger.ts
 GET /management/ledger 200 in 84ms (next.js: 4ms, proxy.ts: 18ms, application-code: 62ms)
 GET /management/ledger?needsSource=1 200 in 71ms (next.js: 6ms, proxy.ts: 15ms, application-code: 49ms)
 POST /management/ledger?needsSource=1 200 in 56ms (next.js: 4ms, proxy.ts: 16ms, application-code: 37ms)
  └─ ƒ createRecurringRule({"amount":"25500","categoryId":"fee5f646-9c0c-4a23-a7ac-6a0a23b28b05","currency":"CNY","...":"5 items not stringified"}) in 24ms src/lib/actions/recurring.ts
 POST /management/ledger?needsSource=1 200 in 763ms (next.js: 6ms, proxy.ts: 23ms, application-code: 734ms)
  └─ ƒ getTransactions() in 725ms src/lib/actions/ledger.ts
✓ Compiled in 199ms
 GET /management/ledger?needsSource=1 200 in 645ms (next.js: 198ms, proxy.ts: 188ms, application-code: 259ms)
 GET /management/ledger?needsSource=1 200 in 251ms (next.js: 36ms, proxy.ts: 56ms, application-code: 159ms)
 GET /management/ledger?needsSource=1 200 in 313ms (next.js: 7ms, proxy.ts: 90ms, application-code: 216ms)
 POST /management/ledger?needsSource=1 200 in 1253ms (next.js: 7ms, proxy.ts: 61ms, application-code: 1185ms)
  └─ ƒ getTransactions() in 1134ms src/lib/actions/ledger.ts
 GET /management/ledger?needsSource=1 200 in 922ms (next.js: 5ms, proxy.ts: 146ms, application-code: 771ms)
 GET /management/ledger?needsSource=1 200 in 152ms (next.js: 5ms, proxy.ts: 45ms, application-code: 102ms)
 POST /management/ledger?needsSource=1 200 in 695ms (next.js: 5ms, proxy.ts: 62ms, application-code: 627ms)
  └─ ƒ getAssets() in 618ms src/lib/actions/assets.ts
 POST /management/ledger?needsSource=1 200 in 42ms (next.js: 4ms, proxy.ts: 15ms, application-code: 23ms)
  └─ ƒ getCategories() in 14ms src/lib/actions/categories.ts
 POST /management/ledger?needsSource=1 200 in 746ms (next.js: 4ms, proxy.ts: 19ms, application-code: 723ms)
  └─ ƒ getTransactions() in 711ms src/lib/actions/ledger.ts
 POST /management/ledger?needsSource=1 200 in 674ms (next.js: 4ms, proxy.ts: 19ms, application-code: 652ms)
  └─ ƒ getAssets() in 643ms src/lib/actions/assets.ts
 POST /management/ledger?needsSource=1 200 in 42ms (next.js: 4ms, proxy.ts: 17ms, application-code: 22ms)
  └─ ƒ getCategories() in 13ms src/lib/actions/categories.ts
 POST /management/ledger?needsSource=1 200 in 46ms (next.js: 4ms, proxy.ts: 18ms, application-code: 25ms)
  └─ ƒ getRecurringRules() in 16ms src/lib/actions/recurring.ts
 POST /management/ledger?needsSource=1 200 in 51ms (next.js: 7ms, proxy.ts: 21ms, application-code: 23ms)
  └─ ƒ getRecurringRules() in 14ms src/lib/actions/recurring.ts
 GET / 200 in 173ms (next.js: 33ms, proxy.ts: 25ms, application-code: 114ms)
 POST / 200 in 216ms (next.js: 4ms, proxy.ts: 23ms, application-code: 189ms)
  └─ ƒ getLiabilities() in 169ms src/lib/actions/liabilities.ts
 POST / 200 in 2.6s (next.js: 4ms, proxy.ts: 21ms, application-code: 2.6s)
  └─ ƒ getAutoForecast(12) in 2585ms src/lib/actions/forecast.ts
 POST / 200 in 117ms (next.js: 63ms, proxy.ts: 20ms, application-code: 34ms)
  └─ ƒ getGoals() in 20ms src/lib/actions/goals.ts
 POST / 200 in 677ms (next.js: 4ms, proxy.ts: 21ms, application-code: 653ms)
  └─ ƒ getAssets() in 642ms src/lib/actions/assets.ts
 POST / 200 in 782ms (next.js: 4ms, proxy.ts: 19ms, application-code: 759ms)
  └─ ƒ getTransactions() in 747ms src/lib/actions/ledger.ts
 POST / 200 in 58ms (next.js: 5ms, proxy.ts: 17ms, application-code: 36ms)
  └─ ƒ getBudgetProgress("2026-06-17") in 22ms src/lib/actions/budget.ts
 POST / 200 in 49ms (next.js: 4ms, proxy.ts: 16ms, application-code: 29ms)
  └─ ƒ simulateCashflow({"monthlyExpense":"24009.33","monthlyIncome":"10666.67","months":12}) in 17ms src/lib/actions/forecast.ts
[browser] [ECharts] Can't get DOM width or height. Please check dom.clientWidth and dom.clientHeight. They should not be 0.For example, you may need to call this in the callback of window.onload. (<anonymous>)
[browser] [ECharts] Can't get DOM width or height. Please check dom.clientWidth and dom.clientHeight. They should not be 0.For example, you may need to call this in the callback of window.onload. (<anonymous>)
 GET /management/assets 200 in 122ms (next.js: 26ms, proxy.ts: 16ms, application-code: 79ms)
✓ Compiled in 123ms
 POST /management/assets 200 in 775ms (next.js: 4ms, proxy.ts: 14ms, application-code: 756ms)
  └─ ƒ getTransactions() in 742ms src/lib/actions/ledger.ts
 POST /management/assets 200 in 681ms (next.js: 5ms, proxy.ts: 18ms, application-code: 658ms)
  └─ ƒ getAssets() in 647ms src/lib/actions/assets.ts
 GET /management/ledger 200 in 100ms (next.js: 7ms, proxy.ts: 17ms, application-code: 75ms)
 POST /management/ledger 200 in 61ms (next.js: 9ms, proxy.ts: 16ms, application-code: 36ms)
  └─ ƒ getRecurringRules() in 20ms src/lib/actions/recurring.ts
 POST /management/ledger 200 in 766ms (next.js: 4ms, proxy.ts: 19ms, application-code: 743ms)
  └─ ƒ getTransactions() in 730ms src/lib/actions/ledger.ts
 POST /management/ledger 200 in 679ms (next.js: 4ms, proxy.ts: 18ms, application-code: 657ms)
  └─ ƒ getAssets() in 643ms src/lib/actions/assets.ts
 POST /management/ledger 200 in 61ms (next.js: 5ms, proxy.ts: 27ms, application-code: 30ms)
  └─ ƒ getCategories() in 15ms src/lib/actions/categories.ts
 POST /management/ledger 200 in 183ms (next.js: 4ms, proxy.ts: 16ms, application-code: 163ms)
  └─ ƒ deleteTransaction("c906d178-1502-40d1-adcf-2cd874d0a627") in 146ms src/lib/actions/ledger.ts
 POST /management/ledger 200 in 704ms (next.js: 4ms, proxy.ts: 16ms, application-code: 684ms)
  └─ ƒ getTransactions() in 673ms src/lib/actions/ledger.ts
 POST /management/ledger 200 in 79ms (next.js: 10ms, proxy.ts: 15ms, application-code: 54ms)
  └─ ƒ getBudgetsForCategory("2026-06-04", "fa967c10-a5ad-424b-ab0e-36483ba2a513") in 41ms src/lib/actions/budget.ts
 GET /login 200 in 308ms (next.js: 77ms, proxy.ts: 11ms, application-code: 219ms)
 GET /login 200 in 80ms (next.js: 4ms, proxy.ts: 7ms, application-code: 69ms)
 POST /management/ledger 200 in 134ms (next.js: 4ms, proxy.ts: 18ms, application-code: 112ms)
  └─ ƒ updateTransaction("3eedc724-5540-4349-ad0d-5cd3eb05d7cb", {"amount":"52000.0000","categoryId":"fa967c10-a5ad-424b-ab0e-36483ba2a513","description":"6月工资入账","...":"1 item not stringified"}) in 102ms src/lib/actions/ledger.ts
 POST /management/ledger 200 in 103ms (next.js: 4ms, proxy.ts: 20ms, application-code: 79ms)
  └─ ƒ updateTransaction("3eedc724-5540-4349-ad0d-5cd3eb05d7cb", {"amount":"52000.0000","categoryId":"fa967c10-a5ad-424b-ab0e-36483ba2a513","description":"6月工资入账","...":"1 item not stringified"}) in 71ms src/lib/actions/ledger.ts
 POST /management/ledger 200 in 101ms (next.js: 6ms, proxy.ts: 15ms, application-code: 79ms)
  └─ ƒ updateTransaction("3eedc724-5540-4349-ad0d-5cd3eb05d7cb", {"amount":"52000.0000","categoryId":"fa967c10-a5ad-424b-ab0e-36483ba2a513","description":"6月工资入账","...":"1 item not stringified"}) in 68ms src/lib/actions/ledger.ts
 POST /management/ledger 200 in 103ms (next.js: 4ms, proxy.ts: 20ms, application-code: 80ms)
  └─ ƒ updateTransaction("3eedc724-5540-4349-ad0d-5cd3eb05d7cb", {"amount":"52000.0000","categoryId":"fa967c10-a5ad-424b-ab0e-36483ba2a513","description":"6月工资入账","...":"1 item not stringified"}) in 68ms src/lib/actions/ledger.ts
 POST /management/ledger 200 in 113ms (next.js: 4ms, proxy.ts: 27ms, application-code: 83ms)
  └─ ƒ updateTransaction("3eedc724-5540-4349-ad0d-5cd3eb05d7cb", {"amount":"52000.0000","categoryId":"fa967c10-a5ad-424b-ab0e-36483ba2a513","description":"6月工资入账","...":"1 item not stringified"}) in 74ms src/lib/actions/ledger.ts
 POST /management/ledger 200 in 103ms (next.js: 4ms, proxy.ts: 19ms, application-code: 80ms)
  └─ ƒ updateTransaction("3eedc724-5540-4349-ad0d-5cd3eb05d7cb", {"amount":"52000.0000","categoryId":"fa967c10-a5ad-424b-ab0e-36483ba2a513","description":"6月工资入账","...":"1 item not stringified"}) in 72ms src/lib/actions/ledger.ts
 POST /management/ledger 200 in 103ms (next.js: 4ms, proxy.ts: 16ms, application-code: 83ms)
  └─ ƒ updateTransaction("3eedc724-5540-4349-ad0d-5cd3eb05d7cb", {"amount":"52000.0000","categoryId":"fa967c10-a5ad-424b-ab0e-36483ba2a513","description":"6月工资入账","...":"1 item not stringified"}) in 72ms src/lib/actions/ledger.ts
 POST /management/ledger 200 in 697ms (next.js: 4ms, proxy.ts: 16ms, application-code: 678ms)
  └─ ƒ getTransactions() in 663ms src/lib/actions/ledger.ts
 POST /management/ledger 200 in 654ms (next.js: 7ms, proxy.ts: 17ms, application-code: 630ms)
  └─ ƒ getAssets() in 618ms src/lib/actions/assets.ts
 POST /management/ledger 200 in 51ms (next.js: 4ms, proxy.ts: 20ms, application-code: 27ms)
  └─ ƒ getCategories() in 16ms src/lib/actions/categories.ts
 POST /management/ledger 200 in 110ms (next.js: 6ms, proxy.ts: 17ms, application-code: 86ms)
  └─ ƒ updateTransaction("3eedc724-5540-4349-ad0d-5cd3eb05d7cb", {"amount":"52000.0000","categoryId":"fa967c10-a5ad-424b-ab0e-36483ba2a513","description":"6月工资入账","...":"1 item not stringified"}) in 78ms src/lib/actions/ledger.ts
 POST /management/ledger 200 in 110ms (next.js: 4ms, proxy.ts: 23ms, application-code: 83ms)
  └─ ƒ updateTransaction("3eedc724-5540-4349-ad0d-5cd3eb05d7cb", {"amount":"52000.0000","categoryId":"fa967c10-a5ad-424b-ab0e-36483ba2a513","description":"6月工资入账","...":"1 item not stringified"}) in 71ms src/lib/actions/ledger.ts
 POST /management/ledger 200 in 103ms (next.js: 4ms, proxy.ts: 19ms, application-code: 80ms)
  └─ ƒ updateTransaction("3eedc724-5540-4349-ad0d-5cd3eb05d7cb", {"amount":"52000.0000","categoryId":"fa967c10-a5ad-424b-ab0e-36483ba2a513","description":"6月工资入账","...":"1 item not stringified"}) in 71ms src/lib/actions/ledger.ts
 GET /management/ledger 200 in 224ms (next.js: 4ms, proxy.ts: 23ms, application-code: 196ms)
 POST /management/ledger 200 in 652ms (next.js: 3ms, proxy.ts: 17ms, application-code: 631ms)
  └─ ƒ getTransactions() in 617ms src/lib/actions/ledger.ts
 POST /management/ledger 200 in 647ms (next.js: 4ms, proxy.ts: 17ms, application-code: 626ms)
  └─ ƒ getAssets() in 617ms src/lib/actions/assets.ts
 POST /management/ledger 200 in 46ms (next.js: 4ms, proxy.ts: 16ms, application-code: 26ms)
  └─ ƒ getCategories() in 18ms src/lib/actions/categories.ts
 POST /management/ledger 200 in 40ms (next.js: 3ms, proxy.ts: 15ms, application-code: 22ms)
  └─ ƒ getBudgetsForCategory("2026-06-04", "fa967c10-a5ad-424b-ab0e-36483ba2a513") in 13ms src/lib/actions/budget.ts
 POST /management/ledger 200 in 103ms (next.js: 6ms, proxy.ts: 15ms, application-code: 83ms)
  └─ ƒ updateTransaction("3eedc724-5540-4349-ad0d-5cd3eb05d7cb", {"amount":"52000.0000","categoryId":"fa967c10-a5ad-424b-ab0e-36483ba2a513","description":"6月工资入账","...":"1 item not stringified"}) in 72ms src/lib/actions/ledger.ts
 POST /management/ledger 200 in 111ms (next.js: 3ms, proxy.ts: 19ms, application-code: 88ms)
  └─ ƒ updateTransaction("3eedc724-5540-4349-ad0d-5cd3eb05d7cb", {"amount":"52000.0000","categoryId":"fa967c10-a5ad-424b-ab0e-36483ba2a513","description":"6月工资入账","...":"1 item not stringified"}) in 74ms src/lib/actions/ledger.ts
 POST /management/ledger 200 in 110ms (next.js: 4ms, proxy.ts: 19ms, application-code: 87ms)
  └─ ƒ updateTransaction("3eedc724-5540-4349-ad0d-5cd3eb05d7cb", {"amount":"52000.0000","categoryId":"fa967c10-a5ad-424b-ab0e-36483ba2a513","description":"6月工资入账","...":"1 item not stringified"}) in 76ms src/lib/actions/ledger.ts
 POST /management/ledger 200 in 103ms (next.js: 4ms, proxy.ts: 16ms, application-code: 83ms)
  └─ ƒ updateTransaction("3eedc724-5540-4349-ad0d-5cd3eb05d7cb", {"amount":"52000.0000","categoryId":"fa967c10-a5ad-424b-ab0e-36483ba2a513","description":"6月工资入账","...":"1 item not stringified"}) in 75ms src/lib/actions/ledger.ts
 POST /management/ledger 200 in 94ms (next.js: 4ms, proxy.ts: 15ms, application-code: 76ms)
  └─ ƒ updateTransaction("3eedc724-5540-4349-ad0d-5cd3eb05d7cb", {"amount":"52000.0000","categoryId":"fa967c10-a5ad-424b-ab0e-36483ba2a513","description":"6月工资入账","...":"1 item not stringified"}) in 67ms src/lib/actions/ledger.ts
 POST /management/ledger 200 in 99ms (next.js: 4ms, proxy.ts: 20ms, application-code: 75ms)
  └─ ƒ updateTransaction("3eedc724-5540-4349-ad0d-5cd3eb05d7cb", {"amount":"52000.0000","categoryId":"fa967c10-a5ad-424b-ab0e-36483ba2a513","description":"6月工资入账","...":"1 item not stringified"}) in 67ms src/lib/actions/ledger.ts
 POST /management/ledger 200 in 106ms (next.js: 4ms, proxy.ts: 19ms, application-code: 83ms)
  └─ ƒ updateTransaction("3eedc724-5540-4349-ad0d-5cd3eb05d7cb", {"amount":"52000.0000","categoryId":"fa967c10-a5ad-424b-ab0e-36483ba2a513","description":"6月工资入账","...":"1 item not stringified"}) in 74ms src/lib/actions/ledger.ts
 POST /management/ledger 200 in 96ms (next.js: 4ms, proxy.ts: 15ms, application-code: 77ms)
  └─ ƒ updateTransaction("3eedc724-5540-4349-ad0d-5cd3eb05d7cb", {"amount":"52000.0000","categoryId":"fa967c10-a5ad-424b-ab0e-36483ba2a513","description":"6月工资入账","...":"1 item not stringified"}) in 69ms src/lib/actions/ledger.ts
 POST /management/ledger 200 in 101ms (next.js: 4ms, proxy.ts: 15ms, application-code: 82ms)
  └─ ƒ updateTransaction("3eedc724-5540-4349-ad0d-5cd3eb05d7cb", {"amount":"52000.0000","categoryId":"fa967c10-a5ad-424b-ab0e-36483ba2a513","description":"6月工资入账","...":"1 item not stringified"}) in 73ms src/lib/actions/ledger.ts
 POST /management/ledger 200 in 38ms (next.js: 4ms, proxy.ts: 15ms, application-code: 20ms)
  └─ ƒ getBudgetsForCategory("2026-06-05", "1a70f779-6d10-4b19-99f6-a57ccdef533d") in 12ms src/lib/actions/budget.ts
 POST /management/ledger 200 in 283ms (next.js: 5ms, proxy.ts: 18ms, application-code: 260ms)
  └─ ƒ updateTransaction("3904c925-5b95-4298-aa46-ba2d8ca5eeb9", {"amount":"609.0000","budgetId":"0254c6f8-f8d7-4318-89e9-7939703133d9","categoryId":"1a70f779-6d10-4b19-99f6-a57ccdef533d","...":"3 items not stringified"}) in 249ms src/lib/actions/ledger.ts
 POST /management/ledger 200 in 696ms (next.js: 4ms, proxy.ts: 16ms, application-code: 675ms)
  └─ ƒ getTransactions() in 664ms src/lib/actions/ledger.ts
 POST /management/ledger 200 in 51ms (next.js: 5ms, proxy.ts: 22ms, application-code: 24ms)
  └─ ƒ getBudgetsForCategory("2026-06-05", "1a70f779-6d10-4b19-99f6-a57ccdef533d") in 15ms src/lib/actions/budget.ts
 POST /management/ledger 200 in 293ms (next.js: 5ms, proxy.ts: 26ms, application-code: 262ms)
  └─ ƒ updateTransaction("3904c925-5b95-4298-aa46-ba2d8ca5eeb9", {"amount":"699.0000","budgetId":"0254c6f8-f8d7-4318-89e9-7939703133d9","categoryId":"1a70f779-6d10-4b19-99f6-a57ccdef533d","...":"3 items not stringified"}) in 249ms src/lib/actions/ledger.ts
 POST /management/ledger 200 in 678ms (next.js: 7ms, proxy.ts: 21ms, application-code: 650ms)
  └─ ƒ getTransactions() in 640ms src/lib/actions/ledger.ts
 POST /management/ledger 200 in 116ms (next.js: 4ms, proxy.ts: 24ms, application-code: 87ms)
  └─ ƒ deleteTransaction("3eedc724-5540-4349-ad0d-5cd3eb05d7cb") in 79ms src/lib/actions/ledger.ts
 POST /management/ledger 200 in 668ms (next.js: 4ms, proxy.ts: 15ms, application-code: 648ms)
  └─ ƒ getTransactions() in 638ms src/lib/actions/ledger.ts
 GET /management/ledger?needsSource=1 200 in 75ms (next.js: 4ms, proxy.ts: 16ms, application-code: 56ms)
 POST /management/ledger?needsSource=1 200 in 62ms (next.js: 4ms, proxy.ts: 15ms, application-code: 43ms)
  └─ ƒ getBudgetsForCategory("2026-06-17", "fee5f646-9c0c-4a23-a7ac-6a0a23b28b05") in 35ms src/lib/actions/budget.ts
 POST /management/ledger?needsSource=1 200 in 51ms (next.js: 4ms, proxy.ts: 16ms, application-code: 31ms)
  └─ ƒ getRecurringRules() in 17ms src/lib/actions/recurring.ts
 POST /management/ledger?needsSource=1 200 in 726ms (next.js: 4ms, proxy.ts: 15ms, application-code: 707ms)
  └─ ƒ getTransactions() in 692ms src/lib/actions/ledger.ts
 GET /management/liabilities 200 in 129ms (next.js: 28ms, proxy.ts: 16ms, application-code: 85ms)
 POST /management/ledger?needsSource=1 200 in 761ms (next.js: 6ms, proxy.ts: 55ms, application-code: 700ms)
  └─ ƒ getAssets() in 676ms src/lib/actions/assets.ts
 POST /management/budget 200 in 748ms (next.js: 23ms, proxy.ts: 660ms, application-code: 64ms)
  └─ ƒ getCategories() in 28ms src/lib/actions/categories.ts
 POST /management/liabilities 200 in 820ms (next.js: 11ms, proxy.ts: 34ms, application-code: 776ms)
 POST /management/ledger?needsSource=1 200 in 90ms (next.js: 10ms, proxy.ts: 29ms, application-code: 51ms)
  └─ ƒ getRecurringRules() in 38ms src/lib/actions/recurring.ts
 POST /management/liabilities 200 in 166ms (next.js: 8ms, proxy.ts: 24ms, application-code: 135ms)
  └─ ƒ getLiabilities() in 123ms src/lib/actions/liabilities.ts
 GET / 200 in 153ms (next.js: 8ms, proxy.ts: 19ms, application-code: 127ms)
 POST / 200 in 2.7s (next.js: 10ms, proxy.ts: 26ms, application-code: 2.7s)
  └─ ƒ getAutoForecast(12) in 2676ms src/lib/actions/forecast.ts
 POST / 200 in 145ms (next.js: 90ms, proxy.ts: 17ms, application-code: 38ms)
  └─ ƒ getBudgetProgress("2026-06-17") in 24ms src/lib/actions/budget.ts
 POST / 200 in 49ms (next.js: 4ms, proxy.ts: 13ms, application-code: 32ms)
  └─ ƒ getGoals() in 23ms src/lib/actions/goals.ts
 POST / 200 in 665ms (next.js: 4ms, proxy.ts: 17ms, application-code: 644ms)
  └─ ƒ getTransactions() in 633ms src/lib/actions/ledger.ts
 POST / 200 in 40ms (next.js: 4ms, proxy.ts: 15ms, application-code: 22ms)
  └─ ƒ simulateCashflow({"monthlyExpense":"24009.33","monthlyIncome":"10666.67","months":12}) in 13ms src/lib/actions/forecast.ts
[browser] [ECharts] Can't get DOM width or height. Please check dom.clientWidth and dom.clientHeight. They should not be 0.For example, you may need to call this in the callback of window.onload. (<anonymous>)
[browser] [ECharts] Can't get DOM width or height. Please check dom.clientWidth and dom.clientHeight. They should not be 0.For example, you may need to call this in the callback of window.onload. (<anonymous>)
 GET /management/ledger 200 in 124ms (next.js: 6ms, proxy.ts: 19ms, application-code: 99ms)
 POST / 200 in 4.8s (next.js: 5ms, proxy.ts: 59ms, application-code: 4.7s)
  └─ ƒ refreshMyPrices() in 4727ms src/lib/actions/assets.ts
 POST / 200 in 654ms (next.js: 3ms, proxy.ts: 28ms, application-code: 622ms)
  └─ ƒ getAssets() in 612ms src/lib/actions/assets.ts
 POST / 200 in 7.6s (next.js: 3ms, proxy.ts: 13ms, application-code: 7.6s)
  └─ ƒ refreshMyPrices() in 7560ms src/lib/actions/assets.ts
 POST /management/ledger 200 in 7.6s (next.js: 5ms, proxy.ts: 37ms, application-code: 7.6s)
 POST / 200 in 671ms (next.js: 4ms, proxy.ts: 16ms, application-code: 652ms)
  └─ ƒ getAssets() in 642ms src/lib/actions/assets.ts
 GET /management/assets 200 in 122ms (next.js: 5ms, proxy.ts: 24ms, application-code: 93ms)
 POST /management/assets 200 in 709ms (next.js: 4ms, proxy.ts: 18ms, application-code: 687ms)
  └─ ƒ getAssets() in 677ms src/lib/actions/assets.ts
 POST /management/assets 200 in 715ms (next.js: 5ms, proxy.ts: 21ms, application-code: 690ms)
  └─ ƒ getTransactions() in 675ms src/lib/actions/ledger.ts
 GET /management/ledger 200 in 86ms (next.js: 4ms, proxy.ts: 16ms, application-code: 67ms)
 POST /management/ledger 200 in 728ms (next.js: 4ms, proxy.ts: 19ms, application-code: 704ms)
  └─ ƒ getTransactions() in 683ms src/lib/actions/ledger.ts
 POST /management/ledger 200 in 660ms (next.js: 6ms, proxy.ts: 19ms, application-code: 635ms)
  └─ ƒ getAssets() in 623ms src/lib/actions/assets.ts
 POST /management/ledger 200 in 45ms (next.js: 6ms, proxy.ts: 17ms, application-code: 22ms)
  └─ ƒ getCategories() in 13ms src/lib/actions/categories.ts
 POST /management/ledger 200 in 48ms (next.js: 4ms, proxy.ts: 17ms, application-code: 27ms)
  └─ ƒ getRecurringRules() in 18ms src/lib/actions/recurring.ts
 POST /management/ledger 200 in 80ms (next.js: 7ms, proxy.ts: 19ms, application-code: 54ms)
  └─ ƒ getBudgetsForCategory("2026-06-04", "fa967c10-a5ad-424b-ab0e-36483ba2a513") in 38ms src/lib/actions/budget.ts
 POST /management/ledger 200 in 142ms (next.js: 10ms, proxy.ts: 19ms, application-code: 113ms)
  └─ ƒ updateTransaction("3eedc724-5540-4349-ad0d-5cd3eb05d7cb", {"amount":"52000.0000","categoryId":"fa967c10-a5ad-424b-ab0e-36483ba2a513","description":"6月工资入账","...":"1 item not stringified"}) in 98ms src/lib/actions/ledger.ts
 POST /management/ledger 200 in 106ms (next.js: 4ms, proxy.ts: 19ms, application-code: 83ms)
  └─ ƒ updateTransaction("3eedc724-5540-4349-ad0d-5cd3eb05d7cb", {"amount":"52000.0000","categoryId":"fa967c10-a5ad-424b-ab0e-36483ba2a513","description":"6月工资入账","...":"1 item not stringified"}) in 72ms src/lib/actions/ledger.ts
 POST /management/ledger 200 in 108ms (next.js: 4ms, proxy.ts: 19ms, application-code: 86ms)
  └─ ƒ updateTransaction("3eedc724-5540-4349-ad0d-5cd3eb05d7cb", {"amount":"52000.0000","categoryId":"fa967c10-a5ad-424b-ab0e-36483ba2a513","description":"6月工资入账","...":"1 item not stringified"}) in 73ms src/lib/actions/ledger.ts
 POST /management/ledger 200 in 103ms (next.js: 7ms, proxy.ts: 18ms, application-code: 79ms)
  └─ ƒ updateTransaction("3eedc724-5540-4349-ad0d-5cd3eb05d7cb", {"amount":"52000.0000","categoryId":"fa967c10-a5ad-424b-ab0e-36483ba2a513","description":"6月工资入账","...":"1 item not stringified"}) in 67ms src/lib/actions/ledger.ts
 GET /management/assets 200 in 90ms (next.js: 6ms, proxy.ts: 15ms, application-code: 68ms)
 POST /management/assets 200 in 718ms (next.js: 4ms, proxy.ts: 18ms, application-code: 696ms)
  └─ ƒ getAssets() in 679ms src/lib/actions/assets.ts
 POST /management/assets 200 in 701ms (next.js: 6ms, proxy.ts: 24ms, application-code: 671ms)
  └─ ƒ getTransactions() in 656ms src/lib/actions/ledger.ts
 POST /management/assets 200 in 146ms (next.js: 4ms, proxy.ts: 19ms, application-code: 122ms)
  └─ ƒ updateAsset("00c0a0b1-1387-42e8-a93c-75a8ac64c307", {"balance":"57765","name":"ybc招商银行卡"}) in 105ms src/lib/actions/assets.ts
 POST /management/assets 200 in 683ms (next.js: 7ms, proxy.ts: 18ms, application-code: 658ms)
  └─ ƒ getAssets() in 646ms src/lib/actions/assets.ts
 GET /management/ledger 200 in 88ms (next.js: 4ms, proxy.ts: 18ms, application-code: 65ms)
 POST /management/ledger 200 in 739ms (next.js: 4ms, proxy.ts: 17ms, application-code: 718ms)
  └─ ƒ getTransactions() in 695ms src/lib/actions/ledger.ts
 POST /management/ledger 200 in 666ms (next.js: 7ms, proxy.ts: 19ms, application-code: 640ms)
  └─ ƒ getAssets() in 626ms src/lib/actions/assets.ts
 POST /management/ledger 200 in 53ms (next.js: 4ms, proxy.ts: 20ms, application-code: 30ms)
  └─ ƒ getCategories() in 21ms src/lib/actions/categories.ts
 POST /management/ledger 200 in 58ms (next.js: 4ms, proxy.ts: 18ms, application-code: 36ms)
  └─ ƒ getBudgetsForCategory("2026-06-04", "fa967c10-a5ad-424b-ab0e-36483ba2a513") in 20ms src/lib/actions/budget.ts
 POST /management/ledger 200 in 288ms (next.js: 4ms, proxy.ts: 16ms, application-code: 268ms)
  └─ ƒ updateTransaction("3eedc724-5540-4349-ad0d-5cd3eb05d7cb", {"amount":"52000.0000","categoryId":"fa967c10-a5ad-424b-ab0e-36483ba2a513","description":"6月工资入账","...":"1 item not stringified"}) in 257ms src/lib/actions/ledger.ts
 POST /management/ledger 200 in 676ms (next.js: 6ms, proxy.ts: 24ms, application-code: 646ms)
  └─ ƒ getTransactions() in 622ms src/lib/actions/ledger.ts
 POST /management/ledger 200 in 58ms (next.js: 7ms, proxy.ts: 24ms, application-code: 27ms)
  └─ ƒ getBudgetsForCategory("2026-06-04", "fa967c10-a5ad-424b-ab0e-36483ba2a513") in 16ms src/lib/actions/budget.ts
 POST /management/ledger 200 in 315ms (next.js: 4ms, proxy.ts: 18ms, application-code: 293ms)
  └─ ƒ updateTransaction("3eedc724-5540-4349-ad0d-5cd3eb05d7cb", {"amount":"52000.0000","categoryId":"fa967c10-a5ad-424b-ab0e-36483ba2a513","description":"6月工资入账","...":"1 item not stringified"}) in 281ms src/lib/actions/ledger.ts
 POST /management/ledger 200 in 694ms (next.js: 7ms, proxy.ts: 21ms, application-code: 667ms)
  └─ ƒ getTransactions() in 656ms src/lib/actions/ledger.ts
 POST /management/ledger 200 in 439ms (next.js: 4ms, proxy.ts: 23ms, application-code: 412ms)
  └─ ƒ updateTransaction("8ddee5a5-9336-429b-9427-760fa5822977", {"amount":"20000.0000","description":"还款","fromAccountId":"00c0a0b1-1387-42e8-a93c-75a8ac64c307","...":"1 item not stringified"}) in 396ms src/lib/actions/ledger.ts
 POST /management/ledger 200 in 749ms (next.js: 4ms, proxy.ts: 18ms, application-code: 727ms)
  └─ ƒ getTransactions() in 713ms src/lib/actions/ledger.ts
 POST /management/ledger 200 in 385ms (next.js: 5ms, proxy.ts: 20ms, application-code: 360ms)
  └─ ƒ updateTransaction("37e12775-e04e-40eb-b542-3572c3866d7d", {"amount":"20000.0000","description":"还款","fromAccountId":"00c0a0b1-1387-42e8-a93c-75a8ac64c307","...":"1 item not stringified"}) in 350ms src/lib/actions/ledger.ts
 POST /management/ledger 200 in 751ms (next.js: 4ms, proxy.ts: 20ms, application-code: 727ms)
  └─ ƒ getTransactions() in 714ms src/lib/actions/ledger.ts
 POST /management/ledger 200 in 56ms (next.js: 4ms, proxy.ts: 20ms, application-code: 32ms)
  └─ ƒ getBudgetsForCategory("2026-06-17", "fee5f646-9c0c-4a23-a7ac-6a0a23b28b05") in 18ms src/lib/actions/budget.ts
 POST /management/ledger 200 in 180ms (next.js: 4ms, proxy.ts: 18ms, application-code: 158ms)
  └─ ƒ updateTransaction("b62ec575-5cb0-4665-a4e9-dd3d4ead3493", {"amount":"25500.0000","categoryId":"fee5f646-9c0c-4a23-a7ac-6a0a23b28b05","description":"[周期] 房租","...":"2 items not stringified"}) in 141ms src/lib/actions/ledger.ts
 POST /management/ledger 200 in 836ms (next.js: 8ms, proxy.ts: 20ms, application-code: 808ms)
  └─ ƒ getTransactions() in 795ms src/lib/actions/ledger.ts
 POST /management/ledger 200 in 55ms (next.js: 5ms, proxy.ts: 17ms, application-code: 33ms)
  └─ ƒ getBudgetsForCategory("2026-06-17", "47d83b76-a513-4725-aecd-454a68421f09") in 19ms src/lib/actions/budget.ts
 GET /management/liabilities 200 in 107ms (next.js: 4ms, proxy.ts: 18ms, application-code: 85ms)
 POST /management/liabilities 200 in 147ms (next.js: 4ms, proxy.ts: 19ms, application-code: 124ms)
  └─ ƒ getLiabilities() in 113ms src/lib/actions/liabilities.ts
 POST /management/liabilities 200 in 840ms (next.js: 6ms, proxy.ts: 20ms, application-code: 814ms)
  └─ ƒ getTransactions() in 799ms src/lib/actions/ledger.ts
 POST /management/liabilities 200 in 682ms (next.js: 9ms, proxy.ts: 15ms, application-code: 658ms)
  └─ ƒ getAssets() in 643ms src/lib/actions/assets.ts
 GET / 200 in 108ms (next.js: 6ms, proxy.ts: 14ms, application-code: 89ms)
[browser] [ECharts] Can't get DOM width or height. Please check dom.clientWidth and dom.clientHeight. They should not be 0.For example, you may need to call this in the callback of window.onload. (<anonymous>)
[browser] [ECharts] Can't get DOM width or height. Please check dom.clientWidth and dom.clientHeight. They should not be 0.For example, you may need to call this in the callback of window.onload. (<anonymous>)
 POST / 200 in 153ms (next.js: 6ms, proxy.ts: 19ms, application-code: 128ms)
  └─ ƒ getLiabilities() in 119ms src/lib/actions/liabilities.ts
 GET /management/assets 200 in 204ms (next.js: 26ms, proxy.ts: 41ms, application-code: 137ms)
 POST / 200 in 118ms (next.js: 6ms, proxy.ts: 72ms, application-code: 40ms)
  └─ ƒ getBudgetProgress("2026-06-17") in 26ms src/lib/actions/budget.ts
 POST /management/assets 200 in 265ms (next.js: 13ms, proxy.ts: 40ms, application-code: 212ms)
 POST / 200 in 2.4s (next.js: 4ms, proxy.ts: 17ms, application-code: 2.4s)
  └─ ƒ getAutoForecast(12) in 2345ms src/lib/actions/forecast.ts
 POST /management/assets 200 in 796ms (next.js: 100ms, proxy.ts: 27ms, application-code: 669ms)
  └─ ƒ getAssets() in 649ms src/lib/actions/assets.ts
 POST / 200 in 693ms (next.js: 629ms, proxy.ts: 25ms, application-code: 40ms)
  └─ ƒ getGoals() in 23ms src/lib/actions/goals.ts
 POST /management/assets 200 in 896ms (next.js: 135ms, proxy.ts: 47ms, application-code: 714ms)
 POST /management/assets 200 in 860ms (next.js: 4ms, proxy.ts: 29ms, application-code: 828ms)
  └─ ƒ getTransactions() in 813ms src/lib/actions/ledger.ts
 POST / 200 in 51ms (next.js: 4ms, proxy.ts: 12ms, application-code: 35ms)
  └─ ƒ simulateCashflow({"monthlyExpense":"24009.33","monthlyIncome":"17333.33","months":12}) in 13ms src/lib/actions/forecast.ts
 POST /management/assets 200 in 879ms (next.js: 5ms, proxy.ts: 813ms, application-code: 61ms)
 GET /management/ledger?needsSource=1 200 in 67ms (next.js: 4ms, proxy.ts: 14ms, application-code: 48ms)
 POST /management/ledger?needsSource=1 200 in 891ms (next.js: 4ms, proxy.ts: 16ms, application-code: 871ms)
  └─ ƒ getTransactions() in 861ms src/lib/actions/ledger.ts
 POST /management/ledger?needsSource=1 200 in 682ms (next.js: 4ms, proxy.ts: 18ms, application-code: 660ms)
  └─ ƒ getAssets() in 643ms src/lib/actions/assets.ts
 POST /management/ledger?needsSource=1 200 in 39ms (next.js: 3ms, proxy.ts: 15ms, application-code: 20ms)
  └─ ƒ getCategories() in 11ms src/lib/actions/categories.ts
 POST /management/ledger?needsSource=1 200 in 52ms (next.js: 5ms, proxy.ts: 25ms, application-code: 22ms)
  └─ ƒ getBudgetsForCategory("2026-06-17", "47d83b76-a513-4725-aecd-454a68421f09") in 13ms src/lib/actions/budget.ts
 POST /management/ledger?needsSource=1 200 in 166ms (next.js: 4ms, proxy.ts: 17ms, application-code: 146ms)
  └─ ƒ updateTransaction("f1784eba-fd44-4d56-9ede-9929c9a1878a", {"amount":"100.0000","categoryId":"47d83b76-a513-4725-aecd-454a68421f09","description":"codex","...":"2 items not stringified"}) in 133ms src/lib/actions/ledger.ts
 POST /management/ledger?needsSource=1 200 in 859ms (next.js: 4ms, proxy.ts: 16ms, application-code: 839ms)
  └─ ƒ getTransactions() in 826ms src/lib/actions/ledger.ts
 GET / 200 in 110ms (next.js: 5ms, proxy.ts: 22ms, application-code: 83ms)
[browser] [ECharts] Can't get DOM width or height. Please check dom.clientWidth and dom.clientHeight. They should not be 0.For example, you may need to call this in the callback of window.onload. (<anonymous>)
[browser] [ECharts] Can't get DOM width or height. Please check dom.clientWidth and dom.clientHeight. They should not be 0.For example, you may need to call this in the callback of window.onload. (<anonymous>)
 POST / 200 in 677ms (next.js: 5ms, proxy.ts: 17ms, application-code: 654ms)
  └─ ƒ getAssets() in 638ms src/lib/actions/assets.ts
 POST / 200 in 149ms (next.js: 5ms, proxy.ts: 15ms, application-code: 128ms)
  └─ ƒ getLiabilities() in 116ms src/lib/actions/liabilities.ts
 POST / 200 in 886ms (next.js: 5ms, proxy.ts: 16ms, application-code: 864ms)
  └─ ƒ getTransactions() in 850ms src/lib/actions/ledger.ts
 POST / 200 in 3.0s (next.js: 7ms, proxy.ts: 16ms, application-code: 3.0s)
  └─ ƒ getAutoForecast(12) in 2949ms src/lib/actions/forecast.ts
 POST / 200 in 117ms (next.js: 73ms, proxy.ts: 16ms, application-code: 28ms)
  └─ ƒ getBudgetProgress("2026-06-17") in 17ms src/lib/actions/budget.ts
 POST / 200 in 48ms (next.js: 4ms, proxy.ts: 18ms, application-code: 26ms)
  └─ ƒ getGoals() in 17ms src/lib/actions/goals.ts
 POST / 200 in 40ms (next.js: 5ms, proxy.ts: 18ms, application-code: 17ms)
  └─ ƒ simulateCashflow({"monthlyExpense":"24009.33","monthlyIncome":"17333.33","months":12}) in 9ms src/lib/actions/forecast.ts
 GET /management/assets 200 in 96ms (next.js: 5ms, proxy.ts: 20ms, application-code: 70ms)
 POST /management/assets 200 in 670ms (next.js: 3ms, proxy.ts: 15ms, application-code: 652ms)
  └─ ƒ getAssets() in 643ms src/lib/actions/assets.ts
 POST /management/assets 200 in 886ms (next.js: 5ms, proxy.ts: 17ms, application-code: 864ms)
  └─ ƒ getTransactions() in 853ms src/lib/actions/ledger.ts
 POST /management/assets 200 in 119ms (next.js: 4ms, proxy.ts: 16ms, application-code: 99ms)
  └─ ƒ updateAsset("00c0a0b1-1387-42e8-a93c-75a8ac64c307", {"balance":"7000","name":"ybc招商银行卡"}) in 87ms src/lib/actions/assets.ts
 POST /management/assets 200 in 694ms (next.js: 5ms, proxy.ts: 15ms, application-code: 674ms)
  └─ ƒ getAssets() in 661ms src/lib/actions/assets.ts
 POST /management/assets 200 in 132ms (next.js: 5ms, proxy.ts: 17ms, application-code: 109ms)
  └─ ƒ updateAsset("6fd47ad5-ad81-45c2-8c4b-20ae56728161", {"balance":"6000","name":"ch 公积金"}) in 94ms src/lib/actions/assets.ts
 POST /management/assets 200 in 693ms (next.js: 5ms, proxy.ts: 30ms, application-code: 659ms)
  └─ ƒ getAssets() in 647ms src/lib/actions/assets.ts
 GET /management/assets 200 in 201ms (next.js: 4ms, proxy.ts: 15ms, application-code: 182ms)
 POST /management/assets 200 in 642ms (next.js: 5ms, proxy.ts: 18ms, application-code: 619ms)
  └─ ƒ getAssets() in 609ms src/lib/actions/assets.ts
 POST /management/assets 200 in 885ms (next.js: 4ms, proxy.ts: 17ms, application-code: 864ms)
  └─ ƒ getTransactions() in 854ms src/lib/actions/ledger.ts
 POST /management/assets 200 in 131ms (next.js: 5ms, proxy.ts: 16ms, application-code: 109ms)
  └─ ƒ updateAsset("6fd47ad5-ad81-45c2-8c4b-20ae56728161", {"balance":"3200","name":"ch 公积金"}) in 90ms src/lib/actions/assets.ts
 POST /management/assets 200 in 690ms (next.js: 15ms, proxy.ts: 16ms, application-code: 658ms)
  └─ ƒ getAssets() in 644ms src/lib/actions/assets.ts
 POST /management/assets 200 in 116ms (next.js: 6ms, proxy.ts: 15ms, application-code: 95ms)
  └─ ƒ updateAsset("6862e4c3-1761-4695-8100-86629c208024", {"balance":"6000","name":"ch 的中国银行卡"}) in 74ms src/lib/actions/assets.ts
 POST /management/assets 200 in 664ms (next.js: 3ms, proxy.ts: 18ms, application-code: 643ms)
  └─ ƒ getAssets() in 631ms src/lib/actions/assets.ts
 POST /management/assets 200 in 694ms (next.js: 4ms, proxy.ts: 20ms, application-code: 671ms)
  └─ ƒ getAssets() in 656ms src/lib/actions/assets.ts
 POST /management/assets 200 in 928ms (next.js: 4ms, proxy.ts: 21ms, application-code: 903ms)
  └─ ƒ getTransactions() in 888ms src/lib/actions/ledger.ts
✓ Compiled in 102ms
✓ Compiled in 87ms
 GET /login 200 in 110ms (next.js: 7ms, proxy.ts: 10ms, application-code: 93ms)
 GET /login 200 in 110ms (next.js: 7ms, proxy.ts: 10ms, application-code: 94ms)
 GET /login 200 in 139ms (next.js: 8ms, proxy.ts: 8ms, application-code: 123ms)
 GET /login 200 in 147ms (next.js: 4ms, proxy.ts: 12ms, application-code: 131ms)
 POST /management/assets 200 in 730ms (next.js: 11ms, proxy.ts: 19ms, application-code: 700ms)
  └─ ƒ getAssets() in 685ms src/lib/actions/assets.ts
 POST /management/assets 200 in 934ms (next.js: 7ms, proxy.ts: 22ms, application-code: 905ms)
  └─ ƒ getTransactions() in 894ms src/lib/actions/ledger.ts
 GET /login 200 in 114ms (next.js: 4ms, proxy.ts: 11ms, application-code: 99ms)
 GET /login 200 in 106ms (next.js: 4ms, proxy.ts: 11ms, application-code: 91ms)
 GET /login 200 in 111ms (next.js: 4ms, proxy.ts: 11ms, application-code: 96ms)
[31m[auth][error][0m CredentialsSignin: Read more at https://errors.authjs.dev#credentialssignin
    at Module.callback (/home/kyrie/workspace/elevate-life/.next/dev/server/chunks/ssr/[root-of-the-server]__003o-uj._.js:11696:30)
    at async AuthInternal (/home/kyrie/workspace/elevate-life/.next/dev/server/chunks/ssr/[root-of-the-server]__003o-uj._.js:12544:24)
    at async Auth (/home/kyrie/workspace/elevate-life/.next/dev/server/chunks/ssr/[root-of-the-server]__003o-uj._.js:12766:34)
    at async signIn (/home/kyrie/workspace/elevate-life/.next/dev/server/chunks/ssr/[root-of-the-server]__003o-uj._.js:20985:17)
    at async loginUser (/home/kyrie/workspace/elevate-life/.next/dev/server/chunks/ssr/[root-of-the-server]__0oek-bz._.js:299:9)
    at async executeActionAndPrepareForRender (/home/kyrie/workspace/elevate-life/node_modules/next/dist/compiled/next-server/app-page-turbo.runtime.dev.js:64:5248)
    at async /home/kyrie/workspace/elevate-life/node_modules/next/dist/compiled/next-server/app-page-turbo.runtime.dev.js:64:1986
    at async handleAction (/home/kyrie/workspace/elevate-life/node_modules/next/dist/compiled/next-server/app-page-turbo.runtime.dev.js:62:25386)
    at async renderToHTMLOrFlightImpl (/home/kyrie/workspace/elevate-life/node_modules/next/dist/compiled/next-server/app-page-turbo.runtime.dev.js:69:55695)
    at async doRender (/home/kyrie/workspace/elevate-life/.next/dev/server/chunks/ssr/node_modules_09nv8qm._.js:4538:28)
    at async AppPageRouteModule.handleResponse (/home/kyrie/workspace/elevate-life/node_modules/next/dist/compiled/next-server/app-page-turbo.runtime.dev.js:71:66429)
    at async handleResponse (/home/kyrie/workspace/elevate-life/.next/dev/server/chunks/ssr/node_modules_09nv8qm._.js:4849:32)
    at async Module.handler (/home/kyrie/workspace/elevate-life/.next/dev/server/chunks/ssr/node_modules_09nv8qm._.js:5255:20)
    at async DevServer.renderToResponseWithComponentsImpl (/home/kyrie/workspace/elevate-life/node_modules/next/dist/server/base-server.js:1462:9)
    at async DevServer.renderPageComponent (/home/kyrie/workspace/elevate-life/node_modules/next/dist/server/base-server.js:1514:24)
    at async DevServer.renderToResponseImpl (/home/kyrie/workspace/elevate-life/node_modules/next/dist/server/base-server.js:1564:32)
    at async DevServer.pipeImpl (/home/kyrie/workspace/elevate-life/node_modules/next/dist/server/base-server.js:1044:25)
    at async NextNodeServer.handleCatchallRenderRequest (/home/kyrie/workspace/elevate-life/node_modules/next/dist/server/next-server.js:338:17)
    at async DevServer.handleRequestImpl (/home/kyrie/workspace/elevate-life/node_modules/next/dist/server/base-server.js:935:17)
    at async /home/kyrie/workspace/elevate-life/node_modules/next/dist/server/dev/next-dev-server.js:394:20
    at async Span.traceAsyncFn (/home/kyrie/workspace/elevate-life/node_modules/next/dist/trace/trace.js:164:20)
    at async DevServer.handleRequest (/home/kyrie/workspace/elevate-life/node_modules/next/dist/server/dev/next-dev-server.js:390:24)
    at async invokeRender (/home/kyrie/workspace/elevate-life/node_modules/next/dist/server/lib/router-server.js:266:21)
    at async handleRequest (/home/kyrie/workspace/elevate-life/node_modules/next/dist/server/lib/router-server.js:465:24)
    at async requestHandlerImpl (/home/kyrie/workspace/elevate-life/node_modules/next/dist/server/lib/router-server.js:514:13)
    at async Server.requestListener (/home/kyrie/workspace/elevate-life/node_modules/next/dist/server/lib/start-server.js:225:13)
 POST /login 200 in 43ms (next.js: 4ms, proxy.ts: 11ms, application-code: 27ms)
  └─ ƒ loginUser("", "") in 8ms src/lib/actions/auth.ts
 GET /login 200 in 117ms (next.js: 6ms, proxy.ts: 10ms, application-code: 101ms)
 GET /login 200 in 97ms (next.js: 7ms, proxy.ts: 6ms, application-code: 84ms)
[31m[auth][error][0m CredentialsSignin: Read more at https://errors.authjs.dev#credentialssignin
    at Module.callback (/home/kyrie/workspace/elevate-life/.next/dev/server/chunks/ssr/[root-of-the-server]__003o-uj._.js:11696:30)
    at async AuthInternal (/home/kyrie/workspace/elevate-life/.next/dev/server/chunks/ssr/[root-of-the-server]__003o-uj._.js:12544:24)
    at async Auth (/home/kyrie/workspace/elevate-life/.next/dev/server/chunks/ssr/[root-of-the-server]__003o-uj._.js:12766:34)
    at async signIn (/home/kyrie/workspace/elevate-life/.next/dev/server/chunks/ssr/[root-of-the-server]__003o-uj._.js:20985:17)
    at async loginUser (/home/kyrie/workspace/elevate-life/.next/dev/server/chunks/ssr/[root-of-the-server]__0oek-bz._.js:299:9)
    at async executeActionAndPrepareForRender (/home/kyrie/workspace/elevate-life/node_modules/next/dist/compiled/next-server/app-page-turbo.runtime.dev.js:64:5248)
    at async /home/kyrie/workspace/elevate-life/node_modules/next/dist/compiled/next-server/app-page-turbo.runtime.dev.js:64:1986
    at async handleAction (/home/kyrie/workspace/elevate-life/node_modules/next/dist/compiled/next-server/app-page-turbo.runtime.dev.js:62:25386)
    at async renderToHTMLOrFlightImpl (/home/kyrie/workspace/elevate-life/node_modules/next/dist/compiled/next-server/app-page-turbo.runtime.dev.js:69:55695)
    at async doRender (/home/kyrie/workspace/elevate-life/.next/dev/server/chunks/ssr/node_modules_09nv8qm._.js:4538:28)
    at async AppPageRouteModule.handleResponse (/home/kyrie/workspace/elevate-life/node_modules/next/dist/compiled/next-server/app-page-turbo.runtime.dev.js:71:66429)
    at async handleResponse (/home/kyrie/workspace/elevate-life/.next/dev/server/chunks/ssr/node_modules_09nv8qm._.js:4849:32)
    at async Module.handler (/home/kyrie/workspace/elevate-life/.next/dev/server/chunks/ssr/node_modules_09nv8qm._.js:5255:20)
    at async DevServer.renderToResponseWithComponentsImpl (/home/kyrie/workspace/elevate-life/node_modules/next/dist/server/base-server.js:1462:9)
    at async DevServer.renderPageComponent (/home/kyrie/workspace/elevate-life/node_modules/next/dist/server/base-server.js:1514:24)
    at async DevServer.renderToResponseImpl (/home/kyrie/workspace/elevate-life/node_modules/next/dist/server/base-server.js:1564:32)
    at async DevServer.pipeImpl (/home/kyrie/workspace/elevate-life/node_modules/next/dist/server/base-server.js:1044:25)
    at async NextNodeServer.handleCatchallRenderRequest (/home/kyrie/workspace/elevate-life/node_modules/next/dist/server/next-server.js:338:17)
    at async DevServer.handleRequestImpl (/home/kyrie/workspace/elevate-life/node_modules/next/dist/server/base-server.js:935:17)
    at async /home/kyrie/workspace/elevate-life/node_modules/next/dist/server/dev/next-dev-server.js:394:20
    at async Span.traceAsyncFn (/home/kyrie/workspace/elevate-life/node_modules/next/dist/trace/trace.js:164:20)
    at async DevServer.handleRequest (/home/kyrie/workspace/elevate-life/node_modules/next/dist/server/dev/next-dev-server.js:390:24)
    at async invokeRender (/home/kyrie/workspace/elevate-life/node_modules/next/dist/server/lib/router-server.js:266:21)
    at async handleRequest (/home/kyrie/workspace/elevate-life/node_modules/next/dist/server/lib/router-server.js:465:24)
    at async requestHandlerImpl (/home/kyrie/workspace/elevate-life/node_modules/next/dist/server/lib/router-server.js:514:13)
    at async Server.requestListener (/home/kyrie/workspace/elevate-life/node_modules/next/dist/server/lib/start-server.js:225:13)
 POST /login 200 in 39ms (next.js: 7ms, proxy.ts: 11ms, application-code: 21ms)
  └─ ƒ loginUser("", "") in 4ms src/lib/actions/auth.ts
 GET /management/assets 200 in 185ms (next.js: 9ms, proxy.ts: 24ms, application-code: 152ms)
 POST /management/assets 200 in 291ms (next.js: 6ms, proxy.ts: 16ms, application-code: 268ms)
  └─ ƒ getAssets() in 253ms src/lib/actions/assets.ts
 POST /management/assets 200 in 83ms (next.js: 4ms, proxy.ts: 15ms, application-code: 63ms)
  └─ ƒ getTransactions() in 51ms src/lib/actions/ledger.ts
 GET / 200 in 675ms (next.js: 6ms, proxy.ts: 35ms, application-code: 634ms)
 POST / 200 in 694ms (next.js: 5ms, proxy.ts: 16ms, application-code: 673ms)
  └─ ƒ getAssets() in 663ms src/lib/actions/assets.ts
 POST / 200 in 145ms (next.js: 4ms, proxy.ts: 17ms, application-code: 124ms)
  └─ ƒ getLiabilities() in 115ms src/lib/actions/liabilities.ts
 POST / 200 in 920ms (next.js: 4ms, proxy.ts: 17ms, application-code: 899ms)
  └─ ƒ getTransactions() in 870ms src/lib/actions/ledger.ts
 POST / 200 in 1588ms (next.js: 6ms, proxy.ts: 18ms, application-code: 1564ms)
  └─ ƒ getAutoForecast(12) in 1550ms src/lib/actions/forecast.ts
 POST / 200 in 55ms (next.js: 6ms, proxy.ts: 19ms, application-code: 29ms)
  └─ ƒ getBudgetProgress("2026-06-17") in 21ms src/lib/actions/budget.ts
 POST / 200 in 47ms (next.js: 4ms, proxy.ts: 17ms, application-code: 26ms)
  └─ ƒ getGoals() in 17ms src/lib/actions/goals.ts
 POST / 200 in 42ms (next.js: 5ms, proxy.ts: 19ms, application-code: 18ms)
  └─ ƒ simulateCashflow({"monthlyExpense":"24009.33","monthlyIncome":"17333.33","months":12}) in 10ms src/lib/actions/forecast.ts
[browser] [ECharts] Can't get DOM width or height. Please check dom.clientWidth and dom.clientHeight. They should not be 0.For example, you may need to call this in the callback of window.onload. (<anonymous>)
[browser] [ECharts] Can't get DOM width or height. Please check dom.clientWidth and dom.clientHeight. They should not be 0.For example, you may need to call this in the callback of window.onload. (<anonymous>)
 POST / 200 in 688ms (next.js: 4ms, proxy.ts: 15ms, application-code: 669ms)
  └─ ƒ getAssets() in 659ms src/lib/actions/assets.ts
 POST / 200 in 161ms (next.js: 6ms, proxy.ts: 19ms, application-code: 136ms)
  └─ ƒ getLiabilities() in 125ms src/lib/actions/liabilities.ts
 POST / 200 in 888ms (next.js: 4ms, proxy.ts: 15ms, application-code: 868ms)
  └─ ƒ getTransactions() in 858ms src/lib/actions/ledger.ts
 POST / 200 in 2.8s (next.js: 4ms, proxy.ts: 17ms, application-code: 2.8s)
  └─ ƒ getAutoForecast(12) in 2751ms src/lib/actions/forecast.ts
 POST / 200 in 103ms (next.js: 49ms, proxy.ts: 17ms, application-code: 36ms)
  └─ ƒ getBudgetProgress("2026-06-17") in 18ms src/lib/actions/budget.ts
 POST / 200 in 56ms (next.js: 5ms, proxy.ts: 18ms, application-code: 33ms)
  └─ ƒ getGoals() in 18ms src/lib/actions/goals.ts
 POST / 200 in 49ms (next.js: 4ms, proxy.ts: 20ms, application-code: 25ms)
  └─ ƒ simulateCashflow({"monthlyExpense":"24009.33","monthlyIncome":"17333.33","months":12}) in 9ms src/lib/actions/forecast.ts
 POST / 200 in 704ms (next.js: 4ms, proxy.ts: 17ms, application-code: 683ms)
  └─ ƒ getAssets() in 663ms src/lib/actions/assets.ts
 GET /management/assets 200 in 143ms (next.js: 4ms, proxy.ts: 17ms, application-code: 122ms)
 POST / 200 in 232ms (next.js: 5ms, proxy.ts: 69ms, application-code: 158ms)
  └─ ƒ getLiabilities() in 147ms src/lib/actions/liabilities.ts
 POST /management/assets 200 in 1077ms (next.js: 9ms, proxy.ts: 35ms, application-code: 1033ms)
  └─ ƒ getTransactions() in 1017ms src/lib/actions/ledger.ts
 POST / 200 in 53ms (next.js: 3ms, proxy.ts: 16ms, application-code: 33ms)
  └─ ƒ getBudgetProgress("2026-06-17") in 21ms src/lib/actions/budget.ts
 POST /management/assets 200 in 83ms (next.js: 4ms, proxy.ts: 15ms, application-code: 65ms)
 POST / 200 in 44ms (next.js: 3ms, proxy.ts: 11ms, application-code: 30ms)
  └─ ƒ getGoals() in 19ms src/lib/actions/goals.ts
 POST /management/assets 200 in 79ms (next.js: 4ms, proxy.ts: 19ms, application-code: 56ms)
 POST / 200 in 3.5s (next.js: 5ms, proxy.ts: 22ms, application-code: 3.5s)
  └─ ƒ getAutoForecast(12) in 3484ms src/lib/actions/forecast.ts
 POST / 200 in 37ms (next.js: 4ms, proxy.ts: 12ms, application-code: 21ms)
  └─ ƒ simulateCashflow({"monthlyExpense":"24009.33","monthlyIncome":"17333.33","months":12}) in 10ms src/lib/actions/forecast.ts
 POST /management/assets 200 in 147ms (next.js: 73ms, proxy.ts: 20ms, application-code: 54ms)
